Transaction_ID,Date,Customer_ID,Gender,Age,Product_Category,Product_Name,Quantity,Price_Per_Unit,Total_Amount,Payment_Method,Store_Location,Year,Month,YearMonth,DayOfWeek,IsWeekend
TXN10001,2024-01-01,CUST-586,Female,46,Home & Kitchen,Stainless Steel Cookware Set,1,123.49,123.49,UPI,South,2024,1,2024-01,Monday,0
TXN10002,2024-01-01,CUST-440,Female,32,Books,Cookbook 101 Recipes,2,25.58,51.16,Net Banking,Central,2024,1,2024-01,Monday,0
TXN10003,2024-01-01,CUST-107,Female,52,Beauty,Matte Lipstick Set,1,29.12,29.12,Debit Card,East,2024,1,2024-01,Monday,0
TXN10004,2024-01-01,CUST-383,Male,64,Clothing,Running Shoes,1,100.1,100.1,UPI,North,2024,1,2024-01,Monday,0
TXN10005,2024-01-01,CUST-104,Female,54,Clothing,Running Shoes,1,117.7,117.7,Credit Card,South,2024,1,2024-01,Monday,0
TXN10006,2024-01-01,CUST-244,Female,29,Electronics,Bluetooth Speaker,1,53.49,53.49,UPI,North,2024,1,2024-01,Monday,0
TXN10007,2024-01-01,CUST-200,Female,47,Home & Kitchen,Robot Vacuum,1,229.99,229.99,UPI,North,2024,1,2024-01,Monday,0
TXN10008,2024-01-01,CUST-263,Male,37,Home & Kitchen,Robot Vacuum,3,249.99,749.97,Net Banking,South,2024,1,2024-01,Monday,0
TXN10009,2024-01-02,CUST-473,Female,54,Home & Kitchen,Drip Coffee Maker,3,72.79,218.37,UPI,South,2024,1,2024-01,Tuesday,0
TXN10010,2024-01-02,CUST-246,Male,20,Electronics,USB-C Hub,2,32.09,64.18,Credit Card,North,2024,1,2024-01,Tuesday,0
TXN10011,2024-01-02,CUST-163,Female,26,Beauty,Hydrating Skincare Set,2,42.3,84.6,Credit Card,North,2024,1,2024-01,Tuesday,0
TXN10012,2024-01-02,CUST-190,Male,58,Electronics,USB-C Hub,1,29.69,29.69,UPI,East,2024,1,2024-01,Tuesday,0
TXN10013,2024-01-02,CUST-216,Male,56,Clothing,Formal Trousers,2,50.6,101.2,Credit Card,East,2024,1,2024-01,Tuesday,0
TXN10014,2024-01-02,CUST-453,Female,43,Home & Kitchen,Smoothie Blender,1,59.39,59.39,Net Banking,West,2024,1,2024-01,Tuesday,0
TXN10015,2024-01-03,CUST-366,Female,19,Electronics,Wireless Headphones,1,82.79,82.79,Debit Card,North,2024,1,2024-01,Wednesday,0
TXN10016,2024-01-03,CUST-409,Female,40,Beauty,Matte Lipstick Set,1,29.96,29.96,UPI,West,2024,1,2024-01,Wednesday,0
TXN10017,2024-01-03,CUST-272,Female,40,Beauty,Hydrating Skincare Set,1,45.9,45.9,Debit Card,East,2024,1,2024-01,Wednesday,0
TXN10018,2024-01-03,CUST-146,Male,38,Books,Personal Finance Blueprint,1,21.78,21.78,Net Banking,South,2024,1,2024-01,Wednesday,0
TXN10019,2024-01-04,CUST-239,Male,33,Home & Kitchen,Drip Coffee Maker,1,79.19,79.19,UPI,South,2024,1,2024-01,Thursday,0
TXN10020,2024-01-04,CUST-345,Male,26,Home & Kitchen,Robot Vacuum,1,259.99,259.99,UPI,South,2024,1,2024-01,Thursday,0
TXN10021,2024-01-05,CUST-248,Male,30,Beauty,Hair Dryer Pro,2,81.6,163.2,UPI,South,2024,1,2024-01,Friday,0
TXN10022,2024-01-05,CUST-345,Female,45,Electronics,USB-C Hub,1,27.89,27.89,UPI,North,2024,1,2024-01,Friday,0
TXN10023,2024-01-05,CUST-494,Female,44,Clothing,Formal Trousers,1,55.55,55.55,Credit Card,West,2024,1,2024-01,Friday,0
TXN10024,2024-01-05,CUST-586,Male,34,Beauty,Hair Dryer Pro,3,84.15,252.45,UPI,North,2024,1,2024-01,Friday,0
TXN10025,2024-01-05,CUST-575,Female,55,Beauty,Sunscreen SPF 50,1,17.39,17.39,UPI,South,2024,1,2024-01,Friday,0
TXN10026,2024-01-06,CUST-104,Male,53,Beauty,Perfume Spray 100ml,3,81.75,245.25,UPI,South,2024,1,2024-01,Saturday,1
TXN10027,2024-01-07,CUST-564,Female,18,Clothing,Winter Coat,2,145.6,291.2,Credit Card,East,2024,1,2024-01,Sunday,1
TXN10028,2024-01-07,CUST-283,Female,35,Clothing,Cotton T-Shirt,1,20.48,20.48,Credit Card,Central,2024,1,2024-01,Sunday,1
TXN10029,2024-01-07,CUST-119,Other,26,Electronics,Smart Watch,1,217.99,217.99,Credit Card,Central,2024,1,2024-01,Sunday,1
TXN10030,2024-01-07,CUST-524,Female,30,Beauty,Hydrating Skincare Set,1,45.45,45.45,UPI,North,2024,1,2024-01,Sunday,1
TXN10031,2024-01-07,CUST-145,Other,57,Beauty,Perfume Spray 100ml,1,69.0,69.0,Credit Card,South,2024,1,2024-01,Sunday,1
TXN10032,2024-01-07,CUST-111,Other,62,Beauty,Hair Dryer Pro,1,88.4,88.4,UPI,West,2024,1,2024-01,Sunday,1
TXN10033,2024-01-07,CUST-169,Male,32,Clothing,Cotton T-Shirt,1,22.73,22.73,Net Banking,South,2024,1,2024-01,Sunday,1
TXN10034,2024-01-08,CUST-116,Male,60,Clothing,Denim Jacket,1,60.45,60.45,UPI,East,2024,1,2024-01,Monday,0
TXN10035,2024-01-08,CUST-470,Male,61,Home & Kitchen,Drip Coffee Maker,2,85.59,171.18,UPI,Central,2024,1,2024-01,Monday,0
TXN10036,2024-01-08,CUST-246,Male,63,Home & Kitchen,Robot Vacuum,1,264.99,264.99,UPI,East,2024,1,2024-01,Monday,0
TXN10037,2024-01-08,CUST-253,Female,21,Clothing,Winter Coat,2,152.6,305.2,UPI,North,2024,1,2024-01,Monday,0
TXN10038,2024-01-08,CUST-403,Female,50,Beauty,Matte Lipstick Set,1,29.96,29.96,UPI,West,2024,1,2024-01,Monday,0
TXN10039,2024-01-08,CUST-207,Male,41,Clothing,Denim Jacket,2,61.75,123.5,Credit Card,Central,2024,1,2024-01,Monday,0
TXN10040,2024-01-08,CUST-335,Female,53,Home & Kitchen,Smoothie Blender,1,54.59,54.59,Debit Card,West,2024,1,2024-01,Monday,0
TXN10041,2024-01-09,CUST-407,Female,58,Home & Kitchen,Stainless Steel Cookware Set,2,140.39,280.78,UPI,South,2024,1,2024-01,Tuesday,0
TXN10042,2024-01-09,CUST-451,Female,27,Beauty,Matte Lipstick Set,1,25.48,25.48,Credit Card,Central,2024,1,2024-01,Tuesday,0
TXN10043,2024-01-09,CUST-169,Male,53,Beauty,Matte Lipstick Set,2,29.12,58.24,Debit Card,Central,2024,1,2024-01,Tuesday,0
TXN10044,2024-01-10,CUST-282,Male,37,Clothing,Winter Coat,1,152.6,152.6,UPI,Central,2024,1,2024-01,Wednesday,0
TXN10045,2024-01-10,CUST-349,Female,58,Beauty,Sunscreen SPF 50,1,18.5,18.5,UPI,South,2024,1,2024-01,Wednesday,0
TXN10046,2024-01-10,CUST-327,Male,62,Beauty,Perfume Spray 100ml,1,68.25,68.25,UPI,West,2024,1,2024-01,Wednesday,0
TXN10047,2024-01-10,CUST-201,Male,61,Beauty,Sunscreen SPF 50,1,19.24,19.24,Net Banking,East,2024,1,2024-01,Wednesday,0
TXN10048,2024-01-10,CUST-174,Male,28,Beauty,Matte Lipstick Set,1,28.0,28.0,Debit Card,North,2024,1,2024-01,Wednesday,0
TXN10049,2024-01-10,CUST-516,Male,29,Electronics,Wireless Headphones,1,98.09,98.09,UPI,East,2024,1,2024-01,Wednesday,0
TXN10050,2024-01-11,CUST-545,Male,35,Books,Mindfulness & Productivity,1,19.44,19.44,UPI,West,2024,1,2024-01,Thursday,0
TXN10051,2024-01-11,CUST-315,Female,47,Home & Kitchen,Stainless Steel Cookware Set,1,123.49,123.49,Debit Card,Central,2024,1,2024-01,Thursday,0
TXN10052,2024-01-11,CUST-506,Male,61,Clothing,Running Shoes,2,115.5,231.0,Credit Card,Central,2024,1,2024-01,Thursday,0
TXN10053,2024-01-11,CUST-498,Female,65,Beauty,Matte Lipstick Set,5,26.32,131.6,Debit Card,North,2024,1,2024-01,Thursday,0
TXN10054,2024-01-12,CUST-510,Male,54,Electronics,USB-C Hub,1,29.69,29.69,UPI,South,2024,1,2024-01,Friday,0
TXN10055,2024-01-12,CUST-302,Other,37,Electronics,Bluetooth Speaker,2,49.49,98.98,Cash,South,2024,1,2024-01,Friday,0
TXN10056,2024-01-12,CUST-291,Female,42,Clothing,Running Shoes,1,112.2,112.2,Debit Card,Central,2024,1,2024-01,Friday,0
TXN10057,2024-01-12,CUST-348,Female,29,Beauty,Sunscreen SPF 50,1,18.13,18.13,UPI,North,2024,1,2024-01,Friday,0
TXN10058,2024-01-12,CUST-598,Male,38,Home & Kitchen,Stainless Steel Cookware Set,1,137.79,137.79,Credit Card,West,2024,1,2024-01,Friday,0
TXN10059,2024-01-12,CUST-341,Female,42,Beauty,Hair Dryer Pro,1,78.2,78.2,UPI,East,2024,1,2024-01,Friday,0
TXN10060,2024-01-12,CUST-564,Male,28,Beauty,Matte Lipstick Set,3,28.0,84.0,UPI,Central,2024,1,2024-01,Friday,0
TXN10061,2024-01-12,CUST-278,Female,26,Clothing,Cotton T-Shirt,1,23.62,23.62,Credit Card,South,2024,1,2024-01,Friday,0
TXN10062,2024-01-12,CUST-536,Female,67,Electronics,Bluetooth Speaker,2,48.99,97.98,UPI,East,2024,1,2024-01,Friday,0
TXN10063,2024-01-12,CUST-561,Other,42,Electronics,Tablet 10-inch,1,275.99,275.99,Credit Card,Central,2024,1,2024-01,Friday,0
TXN10064,2024-01-13,CUST-318,Male,52,Home & Kitchen,Drip Coffee Maker,1,75.19,75.19,UPI,West,2024,1,2024-01,Saturday,1
TXN10065,2024-01-13,CUST-181,Male,49,Books,Personal Finance Blueprint,1,22.44,22.44,Debit Card,North,2024,1,2024-01,Saturday,1
TXN10066,2024-01-13,CUST-191,Female,66,Clothing,Denim Jacket,2,61.1,122.2,UPI,North,2024,1,2024-01,Saturday,1
TXN10067,2024-01-14,CUST-534,Male,31,Beauty,Hydrating Skincare Set,1,44.55,44.55,Debit Card,West,2024,1,2024-01,Sunday,1
TXN10068,2024-01-14,CUST-274,Male,18,Books,Cookbook 101 Recipes,1,26.95,26.95,UPI,South,2024,1,2024-01,Sunday,1
TXN10069,2024-01-14,CUST-338,Male,34,Electronics,Wireless Headphones,1,98.09,98.09,UPI,West,2024,1,2024-01,Sunday,1
TXN10070,2024-01-14,CUST-359,Male,42,Home & Kitchen,Robot Vacuum,5,244.99,1224.95,Credit Card,East,2024,1,2024-01,Sunday,1
TXN10071,2024-01-15,CUST-490,Male,25,Beauty,Sunscreen SPF 50,1,17.57,17.57,Credit Card,Central,2024,1,2024-01,Monday,0
TXN10072,2024-01-15,CUST-464,Female,22,Beauty,Hydrating Skincare Set,2,44.1,88.2,Credit Card,South,2024,1,2024-01,Monday,0
TXN10073,2024-01-15,CUST-262,Female,22,Clothing,Formal Trousers,1,57.2,57.2,Credit Card,West,2024,1,2024-01,Monday,0
TXN10074,2024-01-15,CUST-147,Male,58,Beauty,Matte Lipstick Set,1,27.72,27.72,Cash,North,2024,1,2024-01,Monday,0
TXN10075,2024-01-15,CUST-428,Female,52,Home & Kitchen,Robot Vacuum,3,262.49,787.47,UPI,South,2024,1,2024-01,Monday,0
TXN10076,2024-01-16,CUST-427,Male,36,Electronics,Smart Watch,2,203.99,407.98,Debit Card,North,2024,1,2024-01,Tuesday,0
TXN10077,2024-01-16,CUST-215,Female,40,Beauty,Hydrating Skincare Set,1,40.95,40.95,Credit Card,West,2024,1,2024-01,Tuesday,0
TXN10078,2024-01-16,CUST-528,Male,26,Electronics,Smart Watch,1,187.99,187.99,Credit Card,West,2024,1,2024-01,Tuesday,0
TXN10079,2024-01-16,CUST-436,Male,47,Home & Kitchen,Stainless Steel Cookware Set,1,124.79,124.79,Credit Card,North,2024,1,2024-01,Tuesday,0
TXN10080,2024-01-16,CUST-436,Female,67,Beauty,Sunscreen SPF 50,2,16.84,33.68,Net Banking,South,2024,1,2024-01,Tuesday,0
TXN10081,2024-01-17,CUST-468,Female,33,Home & Kitchen,Robot Vacuum,1,254.99,254.99,Credit Card,West,2024,1,2024-01,Wednesday,0
TXN10082,2024-01-17,CUST-324,Female,50,Clothing,Winter Coat,2,133.0,266.0,Net Banking,West,2024,1,2024-01,Wednesday,0
TXN10083,2024-01-17,CUST-451,Male,19,Electronics,Bluetooth Speaker,1,46.49,46.49,UPI,East,2024,1,2024-01,Wednesday,0
TXN10084,2024-01-17,CUST-427,Male,31,Electronics,Bluetooth Speaker,1,50.99,50.99,Credit Card,Central,2024,1,2024-01,Wednesday,0
TXN10085,2024-01-17,CUST-246,Female,63,Clothing,Running Shoes,3,106.7,320.1,UPI,Central,2024,1,2024-01,Wednesday,0
TXN10086,2024-01-17,CUST-162,Male,18,Electronics,Bluetooth Speaker,5,53.49,267.45,UPI,South,2024,1,2024-01,Wednesday,0
TXN10087,2024-01-17,CUST-393,Female,43,Beauty,Perfume Spray 100ml,1,68.25,68.25,Credit Card,South,2024,1,2024-01,Wednesday,0
TXN10088,2024-01-17,CUST-422,Female,42,Electronics,USB-C Hub,3,27.59,82.77,Credit Card,East,2024,1,2024-01,Wednesday,0
TXN10089,2024-01-18,CUST-542,Male,33,Beauty,Matte Lipstick Set,2,30.8,61.6,UPI,West,2024,1,2024-01,Thursday,0
TXN10090,2024-01-18,CUST-424,Female,32,Clothing,Cotton T-Shirt,2,21.6,43.2,UPI,South,2024,1,2024-01,Thursday,0
TXN10091,2024-01-19,CUST-112,Female,43,Beauty,Perfume Spray 100ml,4,72.0,288.0,Credit Card,West,2024,1,2024-01,Friday,0
TXN10092,2024-01-19,CUST-530,Female,64,Home & Kitchen,Smoothie Blender,1,59.39,59.39,Credit Card,North,2024,1,2024-01,Friday,0
TXN10093,2024-01-19,CUST-593,Female,61,Beauty,Matte Lipstick Set,2,26.32,52.64,UPI,Central,2024,1,2024-01,Friday,0
TXN10094,2024-01-19,CUST-288,Female,33,Books,Cookbook 101 Recipes,3,28.88,86.64,UPI,West,2024,1,2024-01,Friday,0
TXN10095,2024-01-19,CUST-386,Female,31,Electronics,Tablet 10-inch,1,284.99,284.99,Debit Card,South,2024,1,2024-01,Friday,0
TXN10096,2024-01-19,CUST-307,Male,46,Clothing,Denim Jacket,1,61.75,61.75,Debit Card,South,2024,1,2024-01,Friday,0
TXN10097,2024-01-20,CUST-213,Female,41,Clothing,Cotton T-Shirt,1,22.27,22.27,UPI,North,2024,1,2024-01,Saturday,1
TXN10098,2024-01-20,CUST-579,Male,64,Clothing,Running Shoes,2,107.8,215.6,UPI,West,2024,1,2024-01,Saturday,1
TXN10099,2024-01-20,CUST-121,Female,32,Beauty,Sunscreen SPF 50,2,19.98,39.96,UPI,West,2024,1,2024-01,Saturday,1
TXN10100,2024-01-20,CUST-448,Female,36,Clothing,Running Shoes,1,108.9,108.9,Net Banking,East,2024,1,2024-01,Saturday,1
TXN10101,2024-01-20,CUST-313,Male,25,Beauty,Hydrating Skincare Set,1,49.05,49.05,Debit Card,North,2024,1,2024-01,Saturday,1
TXN10102,2024-01-20,CUST-270,Other,51,Clothing,Cotton T-Shirt,1,24.3,24.3,UPI,South,2024,1,2024-01,Saturday,1
TXN10103,2024-01-21,CUST-422,Female,19,Books,Personal Finance Blueprint,1,24.2,24.2,Debit Card,South,2024,1,2024-01,Sunday,1
TXN10104,2024-01-21,CUST-153,Male,44,Books,Mindfulness & Productivity,1,16.92,16.92,UPI,South,2024,1,2024-01,Sunday,1
TXN10105,2024-01-21,CUST-493,Male,27,Clothing,Cotton T-Shirt,1,23.18,23.18,UPI,South,2024,1,2024-01,Sunday,1
TXN10106,2024-01-21,CUST-397,Male,52,Electronics,Wireless Headphones,2,85.49,170.98,Net Banking,North,2024,1,2024-01,Sunday,1
TXN10107,2024-01-21,CUST-419,Female,40,Home & Kitchen,Smoothie Blender,1,55.19,55.19,Net Banking,South,2024,1,2024-01,Sunday,1
TXN10108,2024-01-21,CUST-225,Female,66,Books,Personal Finance Blueprint,4,20.9,83.6,Debit Card,East,2024,1,2024-01,Sunday,1
TXN10109,2024-01-21,CUST-376,Female,25,Clothing,Formal Trousers,1,56.1,56.1,Credit Card,Central,2024,1,2024-01,Sunday,1
TXN10110,2024-01-22,CUST-563,Male,45,Clothing,Denim Jacket,5,66.3,331.5,UPI,South,2024,1,2024-01,Monday,0
TXN10111,2024-01-22,CUST-303,Female,40,Books,Data Analytics Handbook,1,35.7,35.7,Net Banking,East,2024,1,2024-01,Monday,0
TXN10112,2024-01-22,CUST-293,Male,21,Home & Kitchen,Drip Coffee Maker,2,79.19,158.38,Credit Card,North,2024,1,2024-01,Monday,0
TXN10113,2024-01-22,CUST-268,Female,31,Clothing,Cotton T-Shirt,1,21.15,21.15,UPI,East,2024,1,2024-01,Monday,0
TXN10114,2024-01-22,CUST-251,Female,59,Beauty,Hydrating Skincare Set,1,44.55,44.55,Credit Card,Central,2024,1,2024-01,Monday,0
TXN10115,2024-01-22,CUST-134,Male,46,Books,Data Analytics Handbook,1,31.85,31.85,Net Banking,North,2024,1,2024-01,Monday,0
TXN10116,2024-01-23,CUST-283,Female,18,Home & Kitchen,Smoothie Blender,1,63.59,63.59,Net Banking,South,2024,1,2024-01,Tuesday,0
TXN10117,2024-01-23,CUST-385,Male,21,Home & Kitchen,Smoothie Blender,2,56.99,113.98,Credit Card,North,2024,1,2024-01,Tuesday,0
TXN10118,2024-01-23,CUST-156,Male,49,Home & Kitchen,Smoothie Blender,1,58.79,58.79,Debit Card,East,2024,1,2024-01,Tuesday,0
TXN10119,2024-01-23,CUST-321,Male,50,Electronics,Bluetooth Speaker,4,46.99,187.96,UPI,East,2024,1,2024-01,Tuesday,0
TXN10120,2024-01-23,CUST-402,Male,66,Home & Kitchen,Air Purifier,1,134.99,134.99,Credit Card,North,2024,1,2024-01,Tuesday,0
TXN10121,2024-01-23,CUST-262,Male,43,Clothing,Cotton T-Shirt,5,24.08,120.4,Credit Card,North,2024,1,2024-01,Tuesday,0
TXN10122,2024-01-24,CUST-118,Male,34,Books,Sci-Fi Bestseller Novel,1,15.67,15.67,UPI,Central,2024,1,2024-01,Wednesday,0
TXN10123,2024-01-25,CUST-469,Male,56,Clothing,Denim Jacket,1,70.85,70.85,Debit Card,South,2024,1,2024-01,Thursday,0
TXN10124,2024-01-25,CUST-363,Female,40,Home & Kitchen,Air Purifier,1,158.99,158.99,Net Banking,South,2024,1,2024-01,Thursday,0
TXN10125,2024-01-25,CUST-381,Female,49,Clothing,Formal Trousers,3,56.1,168.3,UPI,Central,2024,1,2024-01,Thursday,0
TXN10126,2024-01-25,CUST-212,Female,32,Beauty,Hair Dryer Pro,1,84.15,84.15,Debit Card,South,2024,1,2024-01,Thursday,0
TXN10127,2024-01-25,CUST-587,Female,30,Electronics,Smart Watch,1,193.99,193.99,Credit Card,Central,2024,1,2024-01,Thursday,0
TXN10128,2024-01-26,CUST-426,Male,19,Beauty,Hydrating Skincare Set,1,46.35,46.35,Credit Card,Central,2024,1,2024-01,Friday,0
TXN10129,2024-01-26,CUST-129,Male,36,Home & Kitchen,Robot Vacuum,1,244.99,244.99,Debit Card,North,2024,1,2024-01,Friday,0
TXN10130,2024-01-26,CUST-234,Male,41,Home & Kitchen,Drip Coffee Maker,2,81.59,163.18,UPI,East,2024,1,2024-01,Friday,0
TXN10131,2024-01-26,CUST-166,Female,62,Beauty,Hydrating Skincare Set,1,41.4,41.4,Debit Card,East,2024,1,2024-01,Friday,0
TXN10132,2024-01-26,CUST-164,Male,41,Electronics,Tablet 10-inch,2,320.99,641.98,UPI,Central,2024,1,2024-01,Friday,0
TXN10133,2024-01-27,CUST-391,Female,28,Books,Personal Finance Blueprint,2,22.44,44.88,Debit Card,South,2024,1,2024-01,Saturday,1
TXN10134,2024-01-27,CUST-124,Male,39,Home & Kitchen,Robot Vacuum,3,227.49,682.47,Credit Card,West,2024,1,2024-01,Saturday,1
TXN10135,2024-01-27,CUST-136,Male,32,Home & Kitchen,Stainless Steel Cookware Set,1,140.39,140.39,UPI,Central,2024,1,2024-01,Saturday,1
TXN10136,2024-01-28,CUST-100,Female,27,Home & Kitchen,Smoothie Blender,1,63.59,63.59,UPI,West,2024,1,2024-01,Sunday,1
TXN10137,2024-01-28,CUST-498,Female,58,Home & Kitchen,Smoothie Blender,5,59.39,296.95,UPI,Central,2024,1,2024-01,Sunday,1
TXN10138,2024-01-28,CUST-136,Female,44,Clothing,Denim Jacket,1,61.75,61.75,UPI,West,2024,1,2024-01,Sunday,1
TXN10139,2024-01-28,CUST-240,Male,26,Home & Kitchen,Smoothie Blender,1,54.59,54.59,UPI,Central,2024,1,2024-01,Sunday,1
TXN10140,2024-01-28,CUST-331,Male,45,Beauty,Hair Dryer Pro,3,81.6,244.8,Debit Card,North,2024,1,2024-01,Sunday,1
TXN10141,2024-01-28,CUST-235,Male,18,Home & Kitchen,Robot Vacuum,1,232.49,232.49,Net Banking,West,2024,1,2024-01,Sunday,1
TXN10142,2024-01-29,CUST-488,Female,34,Home & Kitchen,Robot Vacuum,1,259.99,259.99,Net Banking,West,2024,1,2024-01,Monday,0
TXN10143,2024-01-29,CUST-287,Female,48,Electronics,Wireless Headphones,1,84.59,84.59,Net Banking,South,2024,1,2024-01,Monday,0
TXN10144,2024-01-29,CUST-227,Male,61,Clothing,Winter Coat,1,147.0,147.0,Debit Card,North,2024,1,2024-01,Monday,0
TXN10145,2024-01-29,CUST-300,Male,27,Electronics,Wireless Headphones,1,80.99,80.99,UPI,East,2024,1,2024-01,Monday,0
TXN10146,2024-01-29,CUST-226,Female,54,Electronics,USB-C Hub,1,32.69,32.69,Debit Card,North,2024,1,2024-01,Monday,0
TXN10147,2024-01-29,CUST-356,Female,46,Beauty,Sunscreen SPF 50,1,17.57,17.57,Debit Card,South,2024,1,2024-01,Monday,0
TXN10148,2024-01-29,CUST-263,Male,35,Home & Kitchen,Drip Coffee Maker,3,87.99,263.97,UPI,South,2024,1,2024-01,Monday,0
TXN10149,2024-01-30,CUST-134,Female,64,Electronics,Bluetooth Speaker,2,53.49,106.98,Credit Card,Central,2024,1,2024-01,Tuesday,0
TXN10150,2024-01-30,CUST-293,Female,55,Clothing,Cotton T-Shirt,2,22.27,44.54,Credit Card,South,2024,1,2024-01,Tuesday,0
TXN10151,2024-01-31,CUST-290,Female,56,Books,Sci-Fi Bestseller Novel,1,14.39,14.39,Net Banking,West,2024,1,2024-01,Wednesday,0
TXN10152,2024-01-31,CUST-203,Male,66,Home & Kitchen,Drip Coffee Maker,3,73.59,220.77,Credit Card,North,2024,1,2024-01,Wednesday,0
TXN10153,2024-02-01,CUST-122,Male,23,Beauty,Hydrating Skincare Set,3,43.65,130.95,Cash,East,2024,2,2024-02,Thursday,0
TXN10154,2024-02-01,CUST-364,Male,57,Home & Kitchen,Smoothie Blender,3,59.39,178.17,UPI,East,2024,2,2024-02,Thursday,0
TXN10155,2024-02-02,CUST-389,Male,29,Beauty,Hydrating Skincare Set,3,45.0,135.0,UPI,East,2024,2,2024-02,Friday,0
TXN10156,2024-02-02,CUST-529,Female,31,Electronics,Bluetooth Speaker,1,48.99,48.99,Cash,West,2024,2,2024-02,Friday,0
TXN10157,2024-02-02,CUST-561,Female,61,Electronics,Tablet 10-inch,2,275.99,551.98,UPI,West,2024,2,2024-02,Friday,0
TXN10158,2024-02-03,CUST-483,Male,27,Electronics,Wireless Headphones,2,96.29,192.58,UPI,West,2024,2,2024-02,Saturday,1
TXN10159,2024-02-03,CUST-359,Female,37,Clothing,Denim Jacket,1,66.3,66.3,Credit Card,South,2024,2,2024-02,Saturday,1
TXN10160,2024-02-03,CUST-513,Male,32,Books,Data Analytics Handbook,1,32.9,32.9,Net Banking,West,2024,2,2024-02,Saturday,1
TXN10161,2024-02-04,CUST-578,Female,48,Home & Kitchen,Robot Vacuum,1,234.99,234.99,UPI,South,2024,2,2024-02,Sunday,1
TXN10162,2024-02-04,CUST-457,Female,24,Clothing,Winter Coat,1,127.4,127.4,UPI,North,2024,2,2024-02,Sunday,1
TXN10163,2024-02-04,CUST-174,Female,58,Clothing,Formal Trousers,3,57.75,173.25,Credit Card,Central,2024,2,2024-02,Sunday,1
TXN10164,2024-02-04,CUST-454,Female,27,Clothing,Winter Coat,2,135.8,271.6,Credit Card,Central,2024,2,2024-02,Sunday,1
TXN10165,2024-02-04,CUST-171,Female,27,Home & Kitchen,Air Purifier,1,137.99,137.99,UPI,South,2024,2,2024-02,Sunday,1
TXN10166,2024-02-04,CUST-358,Female,65,Home & Kitchen,Air Purifier,1,137.99,137.99,Net Banking,Central,2024,2,2024-02,Sunday,1
TXN10167,2024-02-04,CUST-497,Other,56,Electronics,Wireless Headphones,2,83.69,167.38,Debit Card,West,2024,2,2024-02,Sunday,1
TXN10168,2024-02-05,CUST-287,Female,45,Electronics,USB-C Hub,1,27.59,27.59,Net Banking,South,2024,2,2024-02,Monday,0
TXN10169,2024-02-05,CUST-560,Male,47,Beauty,Hydrating Skincare Set,1,41.4,41.4,UPI,South,2024,2,2024-02,Monday,0
TXN10170,2024-02-05,CUST-272,Male,54,Beauty,Hydrating Skincare Set,1,40.5,40.5,Credit Card,Central,2024,2,2024-02,Monday,0
TXN10171,2024-02-05,CUST-579,Other,20,Clothing,Denim Jacket,1,66.95,66.95,Cash,West,2024,2,2024-02,Monday,0
TXN10172,2024-02-06,CUST-389,Male,67,Beauty,Hydrating Skincare Set,1,47.7,47.7,Credit Card,South,2024,2,2024-02,Tuesday,0
TXN10173,2024-02-06,CUST-144,Male,60,Beauty,Hair Dryer Pro,2,76.5,153.0,UPI,East,2024,2,2024-02,Tuesday,0
TXN10174,2024-02-06,CUST-160,Female,32,Clothing,Denim Jacket,1,66.3,66.3,Cash,East,2024,2,2024-02,Tuesday,0
TXN10175,2024-02-06,CUST-182,Female,38,Clothing,Formal Trousers,1,55.55,55.55,Credit Card,East,2024,2,2024-02,Tuesday,0
TXN10176,2024-02-06,CUST-222,Female,54,Clothing,Formal Trousers,2,60.5,121.0,Debit Card,East,2024,2,2024-02,Tuesday,0
TXN10177,2024-02-07,CUST-457,Male,29,Books,Data Analytics Handbook,2,34.3,68.6,UPI,East,2024,2,2024-02,Wednesday,0
TXN10178,2024-02-07,CUST-115,Male,21,Books,Sci-Fi Bestseller Novel,1,15.83,15.83,Credit Card,East,2024,2,2024-02,Wednesday,0
TXN10179,2024-02-07,CUST-165,Female,64,Books,Cookbook 101 Recipes,2,29.15,58.3,Net Banking,Central,2024,2,2024-02,Wednesday,0
TXN10180,2024-02-08,CUST-523,Female,26,Home & Kitchen,Air Purifier,4,136.49,545.96,Credit Card,Central,2024,2,2024-02,Thursday,0
TXN10181,2024-02-08,CUST-244,Male,56,Beauty,Matte Lipstick Set,3,27.16,81.48,UPI,West,2024,2,2024-02,Thursday,0
TXN10182,2024-02-08,CUST-474,Female,59,Beauty,Matte Lipstick Set,2,28.84,57.68,UPI,Central,2024,2,2024-02,Thursday,0
TXN10183,2024-02-08,CUST-261,Male,45,Books,Sci-Fi Bestseller Novel,2,14.71,29.42,UPI,Central,2024,2,2024-02,Thursday,0
TXN10184,2024-02-08,CUST-333,Male,40,Electronics,USB-C Hub,1,32.69,32.69,UPI,South,2024,2,2024-02,Thursday,0
TXN10185,2024-02-08,CUST-479,Male,62,Beauty,Sunscreen SPF 50,2,17.02,34.04,Debit Card,Central,2024,2,2024-02,Thursday,0
TXN10186,2024-02-08,CUST-243,Male,57,Beauty,Hydrating Skincare Set,2,47.7,95.4,UPI,North,2024,2,2024-02,Thursday,0
TXN10187,2024-02-08,CUST-457,Male,61,Beauty,Hydrating Skincare Set,1,46.35,46.35,UPI,South,2024,2,2024-02,Thursday,0
TXN10188,2024-02-08,CUST-287,Female,39,Clothing,Running Shoes,1,103.4,103.4,UPI,East,2024,2,2024-02,Thursday,0
TXN10189,2024-02-08,CUST-421,Male,41,Beauty,Sunscreen SPF 50,2,17.39,34.78,Credit Card,East,2024,2,2024-02,Thursday,0
TXN10190,2024-02-08,CUST-549,Male,43,Home & Kitchen,Air Purifier,4,143.99,575.96,Credit Card,East,2024,2,2024-02,Thursday,0
TXN10191,2024-02-08,CUST-573,Female,47,Clothing,Formal Trousers,1,56.1,56.1,Debit Card,West,2024,2,2024-02,Thursday,0
TXN10192,2024-02-09,CUST-112,Female,50,Home & Kitchen,Smoothie Blender,1,58.19,58.19,Net Banking,North,2024,2,2024-02,Friday,0
TXN10193,2024-02-09,CUST-283,Female,33,Clothing,Running Shoes,2,118.8,237.6,UPI,Central,2024,2,2024-02,Friday,0
TXN10194,2024-02-09,CUST-210,Female,39,Books,Sci-Fi Bestseller Novel,1,15.67,15.67,Credit Card,South,2024,2,2024-02,Friday,0
TXN10195,2024-02-09,CUST-514,Male,66,Beauty,Hair Dryer Pro,2,91.8,183.6,UPI,Central,2024,2,2024-02,Friday,0
TXN10196,2024-02-09,CUST-389,Male,67,Beauty,Matte Lipstick Set,1,26.6,26.6,UPI,South,2024,2,2024-02,Friday,0
TXN10197,2024-02-09,CUST-394,Female,60,Electronics,Smart Watch,1,207.99,207.99,Credit Card,East,2024,2,2024-02,Friday,0
TXN10198,2024-02-10,CUST-550,Female,35,Electronics,Bluetooth Speaker,2,50.99,101.98,Debit Card,South,2024,2,2024-02,Saturday,1
TXN10199,2024-02-10,CUST-491,Other,24,Beauty,Sunscreen SPF 50,1,20.17,20.17,UPI,East,2024,2,2024-02,Saturday,1
TXN10200,2024-02-10,CUST-314,Female,67,Clothing,Winter Coat,1,152.6,152.6,UPI,North,2024,2,2024-02,Saturday,1
TXN10201,2024-02-10,CUST-561,Female,43,Beauty,Sunscreen SPF 50,1,18.32,18.32,Debit Card,South,2024,2,2024-02,Saturday,1
TXN10202,2024-02-10,CUST-219,Male,25,Electronics,Tablet 10-inch,1,284.99,284.99,Credit Card,North,2024,2,2024-02,Saturday,1
TXN10203,2024-02-10,CUST-481,Male,23,Home & Kitchen,Air Purifier,2,145.49,290.98,Credit Card,East,2024,2,2024-02,Saturday,1
TXN10204,2024-02-10,CUST-154,Female,47,Home & Kitchen,Air Purifier,1,154.49,154.49,Credit Card,Central,2024,2,2024-02,Saturday,1
TXN10205,2024-02-10,CUST-126,Female,56,Electronics,Smart Watch,1,203.99,203.99,Cash,North,2024,2,2024-02,Saturday,1
TXN10206,2024-02-10,CUST-217,Female,40,Beauty,Matte Lipstick Set,1,30.24,30.24,UPI,East,2024,2,2024-02,Saturday,1
TXN10207,2024-02-11,CUST-320,Male,49,Home & Kitchen,Robot Vacuum,1,247.49,247.49,UPI,West,2024,2,2024-02,Sunday,1
TXN10208,2024-02-11,CUST-330,Male,39,Beauty,Hair Dryer Pro,2,83.3,166.6,UPI,North,2024,2,2024-02,Sunday,1
TXN10209,2024-02-11,CUST-152,Female,59,Clothing,Winter Coat,1,138.6,138.6,Debit Card,South,2024,2,2024-02,Sunday,1
TXN10210,2024-02-11,CUST-394,Male,60,Beauty,Matte Lipstick Set,3,27.72,83.16,UPI,North,2024,2,2024-02,Sunday,1
TXN10211,2024-02-11,CUST-420,Male,62,Electronics,USB-C Hub,1,27.89,27.89,Cash,South,2024,2,2024-02,Sunday,1
TXN10212,2024-02-12,CUST-500,Female,26,Clothing,Formal Trousers,1,52.25,52.25,Debit Card,North,2024,2,2024-02,Monday,0
TXN10213,2024-02-12,CUST-332,Female,48,Electronics,Bluetooth Speaker,2,45.99,91.98,UPI,South,2024,2,2024-02,Monday,0
TXN10214,2024-02-12,CUST-257,Male,24,Beauty,Matte Lipstick Set,3,28.84,86.52,UPI,South,2024,2,2024-02,Monday,0
TXN10215,2024-02-12,CUST-536,Female,26,Electronics,USB-C Hub,4,30.59,122.36,Credit Card,West,2024,2,2024-02,Monday,0
TXN10216,2024-02-12,CUST-368,Female,30,Books,Cookbook 101 Recipes,1,25.58,25.58,UPI,West,2024,2,2024-02,Monday,0
TXN10217,2024-02-12,CUST-120,Male,20,Clothing,Formal Trousers,1,51.7,51.7,Net Banking,West,2024,2,2024-02,Monday,0
TXN10218,2024-02-13,CUST-502,Male,52,Electronics,Bluetooth Speaker,3,45.99,137.97,Credit Card,East,2024,2,2024-02,Tuesday,0
TXN10219,2024-02-13,CUST-152,Male,50,Clothing,Cotton T-Shirt,1,23.85,23.85,UPI,South,2024,2,2024-02,Tuesday,0
TXN10220,2024-02-13,CUST-374,Male,38,Clothing,Winter Coat,3,144.2,432.6,Credit Card,South,2024,2,2024-02,Tuesday,0
TXN10221,2024-02-15,CUST-412,Male,48,Beauty,Hair Dryer Pro,2,90.95,181.9,UPI,South,2024,2,2024-02,Thursday,0
TXN10222,2024-02-15,CUST-380,Female,51,Clothing,Denim Jacket,3,66.95,200.85,Credit Card,East,2024,2,2024-02,Thursday,0
TXN10223,2024-02-15,CUST-313,Male,49,Electronics,Bluetooth Speaker,3,45.49,136.47,UPI,Central,2024,2,2024-02,Thursday,0
TXN10224,2024-02-15,CUST-130,Female,52,Clothing,Denim Jacket,1,60.45,60.45,Credit Card,South,2024,2,2024-02,Thursday,0
TXN10225,2024-02-16,CUST-436,Female,32,Clothing,Formal Trousers,2,49.5,99.0,Credit Card,South,2024,2,2024-02,Friday,0
TXN10226,2024-02-16,CUST-282,Male,49,Electronics,Tablet 10-inch,1,281.99,281.99,Credit Card,East,2024,2,2024-02,Friday,0
TXN10227,2024-02-16,CUST-122,Male,23,Home & Kitchen,Stainless Steel Cookware Set,1,139.09,139.09,Credit Card,West,2024,2,2024-02,Friday,0
TXN10228,2024-02-16,CUST-131,Female,62,Beauty,Hydrating Skincare Set,1,43.65,43.65,UPI,South,2024,2,2024-02,Friday,0
TXN10229,2024-02-16,CUST-545,Male,38,Beauty,Perfume Spray 100ml,1,73.5,73.5,Credit Card,South,2024,2,2024-02,Friday,0
TXN10230,2024-02-16,CUST-173,Female,50,Beauty,Matte Lipstick Set,2,26.04,52.08,Credit Card,Central,2024,2,2024-02,Friday,0
TXN10231,2024-02-16,CUST-109,Female,49,Beauty,Matte Lipstick Set,4,29.4,117.6,Credit Card,North,2024,2,2024-02,Friday,0
TXN10232,2024-02-16,CUST-583,Female,36,Books,Data Analytics Handbook,2,33.25,66.5,Cash,East,2024,2,2024-02,Friday,0
TXN10233,2024-02-16,CUST-555,Male,50,Electronics,Tablet 10-inch,1,272.99,272.99,UPI,Central,2024,2,2024-02,Friday,0
TXN10234,2024-02-17,CUST-153,Male,45,Electronics,Tablet 10-inch,3,278.99,836.97,Credit Card,Central,2024,2,2024-02,Saturday,1
TXN10235,2024-02-17,CUST-151,Female,48,Electronics,Wireless Headphones,3,87.29,261.87,Credit Card,North,2024,2,2024-02,Saturday,1
TXN10236,2024-02-18,CUST-247,Male,38,Electronics,USB-C Hub,2,31.49,62.98,Credit Card,South,2024,2,2024-02,Sunday,1
TXN10237,2024-02-18,CUST-259,Female,51,Electronics,Bluetooth Speaker,2,45.49,90.98,Debit Card,South,2024,2,2024-02,Sunday,1
TXN10238,2024-02-18,CUST-469,Male,32,Beauty,Hair Dryer Pro,3,92.65,277.95,UPI,East,2024,2,2024-02,Sunday,1
TXN10239,2024-02-18,CUST-113,Female,31,Clothing,Formal Trousers,1,52.8,52.8,Debit Card,East,2024,2,2024-02,Sunday,1
TXN10240,2024-02-18,CUST-277,Female,36,Books,Data Analytics Handbook,4,36.75,147.0,UPI,Central,2024,2,2024-02,Sunday,1
TXN10241,2024-02-18,CUST-511,Male,60,Electronics,Tablet 10-inch,4,311.99,1247.96,Credit Card,East,2024,2,2024-02,Sunday,1
TXN10242,2024-02-19,CUST-465,Female,32,Clothing,Denim Jacket,3,66.3,198.9,Debit Card,East,2024,2,2024-02,Monday,0
TXN10243,2024-02-19,CUST-599,Female,23,Books,Sci-Fi Bestseller Novel,1,16.15,16.15,UPI,South,2024,2,2024-02,Monday,0
TXN10244,2024-02-20,CUST-152,Male,26,Home & Kitchen,Air Purifier,3,142.49,427.47,Debit Card,North,2024,2,2024-02,Tuesday,0
TXN10245,2024-02-20,CUST-507,Other,54,Clothing,Cotton T-Shirt,1,22.27,22.27,UPI,South,2024,2,2024-02,Tuesday,0
TXN10246,2024-02-20,CUST-434,Female,37,Beauty,Hydrating Skincare Set,2,40.5,81.0,Debit Card,North,2024,2,2024-02,Tuesday,0
TXN10247,2024-02-20,CUST-121,Female,51,Home & Kitchen,Smoothie Blender,3,59.39,178.17,Credit Card,West,2024,2,2024-02,Tuesday,0
TXN10248,2024-02-20,CUST-129,Female,55,Clothing,Formal Trousers,1,57.2,57.2,Credit Card,East,2024,2,2024-02,Tuesday,0
TXN10249,2024-02-20,CUST-290,Female,43,Electronics,Wireless Headphones,1,93.59,93.59,Net Banking,South,2024,2,2024-02,Tuesday,0
TXN10250,2024-02-22,CUST-359,Female,35,Home & Kitchen,Stainless Steel Cookware Set,3,119.59,358.77,Credit Card,South,2024,2,2024-02,Thursday,0
TXN10251,2024-02-22,CUST-304,Male,45,Beauty,Matte Lipstick Set,3,29.96,89.88,UPI,North,2024,2,2024-02,Thursday,0
TXN10252,2024-02-22,CUST-158,Other,26,Electronics,USB-C Hub,3,30.59,91.77,Net Banking,North,2024,2,2024-02,Thursday,0
TXN10253,2024-02-22,CUST-570,Female,49,Beauty,Hydrating Skincare Set,1,40.5,40.5,UPI,Central,2024,2,2024-02,Thursday,0
TXN10254,2024-02-22,CUST-363,Female,23,Clothing,Cotton T-Shirt,2,22.73,45.46,Credit Card,Central,2024,2,2024-02,Thursday,0
TXN10255,2024-02-22,CUST-565,Female,31,Home & Kitchen,Smoothie Blender,1,60.59,60.59,Net Banking,North,2024,2,2024-02,Thursday,0
TXN10256,2024-02-23,CUST-111,Female,45,Electronics,Wireless Headphones,2,86.39,172.78,Credit Card,West,2024,2,2024-02,Friday,0
TXN10257,2024-02-23,CUST-218,Male,41,Home & Kitchen,Drip Coffee Maker,1,87.99,87.99,UPI,South,2024,2,2024-02,Friday,0
TXN10258,2024-02-23,CUST-514,Female,30,Beauty,Perfume Spray 100ml,2,70.5,141.0,UPI,South,2024,2,2024-02,Friday,0
TXN10259,2024-02-23,CUST-561,Female,60,Clothing,Cotton T-Shirt,1,21.15,21.15,UPI,East,2024,2,2024-02,Friday,0
TXN10260,2024-02-23,CUST-389,Male,29,Electronics,Bluetooth Speaker,5,45.99,229.95,UPI,South,2024,2,2024-02,Friday,0
TXN10261,2024-02-24,CUST-437,Female,36,Home & Kitchen,Air Purifier,2,154.49,308.98,UPI,North,2024,2,2024-02,Saturday,1
TXN10262,2024-02-24,CUST-347,Male,38,Books,Cookbook 101 Recipes,2,25.85,51.7,Debit Card,North,2024,2,2024-02,Saturday,1
TXN10263,2024-02-24,CUST-453,Female,44,Clothing,Formal Trousers,1,51.15,51.15,UPI,North,2024,2,2024-02,Saturday,1
TXN10264,2024-02-24,CUST-226,Male,36,Electronics,Bluetooth Speaker,2,44.99,89.98,Net Banking,North,2024,2,2024-02,Saturday,1
TXN10265,2024-02-24,CUST-174,Male,41,Beauty,Matte Lipstick Set,1,28.28,28.28,Debit Card,South,2024,2,2024-02,Saturday,1
TXN10266,2024-02-25,CUST-460,Male,43,Home & Kitchen,Smoothie Blender,1,62.39,62.39,Net Banking,South,2024,2,2024-02,Sunday,1
TXN10267,2024-02-25,CUST-303,Male,62,Electronics,USB-C Hub,2,32.99,65.98,UPI,West,2024,2,2024-02,Sunday,1
TXN10268,2024-02-25,CUST-148,Female,45,Beauty,Hair Dryer Pro,3,92.65,277.95,Credit Card,South,2024,2,2024-02,Sunday,1
TXN10269,2024-02-26,CUST-178,Female,63,Beauty,Hair Dryer Pro,1,80.75,80.75,UPI,North,2024,2,2024-02,Monday,0
TXN10270,2024-02-26,CUST-540,Male,35,Clothing,Denim Jacket,1,64.35,64.35,UPI,North,2024,2,2024-02,Monday,0
TXN10271,2024-02-27,CUST-578,Male,61,Clothing,Formal Trousers,2,56.1,112.2,Credit Card,Central,2024,2,2024-02,Tuesday,0
TXN10272,2024-02-27,CUST-340,Female,53,Electronics,Smart Watch,3,213.99,641.97,Debit Card,North,2024,2,2024-02,Tuesday,0
TXN10273,2024-02-27,CUST-448,Female,59,Home & Kitchen,Drip Coffee Maker,1,72.79,72.79,UPI,Central,2024,2,2024-02,Tuesday,0
TXN10274,2024-02-27,CUST-253,Female,46,Beauty,Hair Dryer Pro,4,85.85,343.4,UPI,South,2024,2,2024-02,Tuesday,0
TXN10275,2024-02-27,CUST-373,Female,34,Beauty,Perfume Spray 100ml,4,81.75,327.0,UPI,Central,2024,2,2024-02,Tuesday,0
TXN10276,2024-02-27,CUST-195,Female,21,Clothing,Formal Trousers,1,53.35,53.35,Debit Card,South,2024,2,2024-02,Tuesday,0
TXN10277,2024-02-28,CUST-313,Male,61,Clothing,Cotton T-Shirt,1,21.6,21.6,Net Banking,North,2024,2,2024-02,Wednesday,0
TXN10278,2024-02-28,CUST-393,Female,62,Home & Kitchen,Robot Vacuum,2,267.49,534.98,UPI,East,2024,2,2024-02,Wednesday,0
TXN10279,2024-02-28,CUST-308,Female,46,Clothing,Cotton T-Shirt,4,22.5,90.0,UPI,East,2024,2,2024-02,Wednesday,0
TXN10280,2024-02-28,CUST-442,Male,21,Beauty,Hair Dryer Pro,2,80.75,161.5,Net Banking,East,2024,2,2024-02,Wednesday,0
TXN10281,2024-02-28,CUST-187,Male,27,Beauty,Hydrating Skincare Set,1,40.5,40.5,UPI,South,2024,2,2024-02,Wednesday,0
TXN10282,2024-02-29,CUST-405,Male,42,Clothing,Denim Jacket,1,69.55,69.55,Debit Card,North,2024,2,2024-02,Thursday,0
TXN10283,2024-02-29,CUST-363,Male,48,Clothing,Winter Coat,1,145.6,145.6,UPI,East,2024,2,2024-02,Thursday,0
TXN10284,2024-02-29,CUST-524,Female,20,Electronics,Smart Watch,2,197.99,395.98,Credit Card,Central,2024,2,2024-02,Thursday,0
TXN10285,2024-02-29,CUST-489,Male,64,Electronics,Tablet 10-inch,1,317.99,317.99,Credit Card,Central,2024,2,2024-02,Thursday,0
TXN10286,2024-03-01,CUST-424,Male,19,Home & Kitchen,Air Purifier,1,158.99,158.99,Debit Card,East,2024,3,2024-03,Friday,0
TXN10287,2024-03-01,CUST-527,Female,42,Electronics,Bluetooth Speaker,1,46.49,46.49,UPI,North,2024,3,2024-03,Friday,0
TXN10288,2024-03-01,CUST-476,Male,66,Electronics,Wireless Headphones,1,89.09,89.09,UPI,North,2024,3,2024-03,Friday,0
TXN10289,2024-03-02,CUST-419,Male,23,Home & Kitchen,Drip Coffee Maker,1,85.59,85.59,UPI,West,2024,3,2024-03,Saturday,1
TXN10290,2024-03-02,CUST-256,Female,43,Electronics,USB-C Hub,1,27.89,27.89,Credit Card,West,2024,3,2024-03,Saturday,1
TXN10291,2024-03-02,CUST-255,Female,25,Beauty,Hair Dryer Pro,3,90.1,270.3,Net Banking,Central,2024,3,2024-03,Saturday,1
TXN10292,2024-03-02,CUST-238,Female,52,Clothing,Running Shoes,1,105.6,105.6,Debit Card,East,2024,3,2024-03,Saturday,1
TXN10293,2024-03-03,CUST-220,Female,44,Electronics,Smart Watch,2,187.99,375.98,UPI,Central,2024,3,2024-03,Sunday,1
TXN10294,2024-03-03,CUST-164,Female,42,Clothing,Running Shoes,1,106.7,106.7,Net Banking,West,2024,3,2024-03,Sunday,1
TXN10295,2024-03-03,CUST-206,Male,35,Electronics,Tablet 10-inch,1,305.99,305.99,UPI,East,2024,3,2024-03,Sunday,1
TXN10296,2024-03-03,CUST-246,Female,18,Home & Kitchen,Smoothie Blender,1,56.39,56.39,Credit Card,West,2024,3,2024-03,Sunday,1
TXN10297,2024-03-03,CUST-236,Male,65,Beauty,Hair Dryer Pro,1,81.6,81.6,Debit Card,North,2024,3,2024-03,Sunday,1
TXN10298,2024-03-03,CUST-510,Male,56,Electronics,Smart Watch,1,207.99,207.99,UPI,East,2024,3,2024-03,Sunday,1
TXN10299,2024-03-03,CUST-261,Male,20,Electronics,Tablet 10-inch,3,293.99,881.97,UPI,Central,2024,3,2024-03,Sunday,1
TXN10300,2024-03-04,CUST-527,Male,21,Clothing,Running Shoes,1,106.7,106.7,UPI,North,2024,3,2024-03,Monday,0
TXN10301,2024-03-05,CUST-551,Female,58,Electronics,Smart Watch,1,195.99,195.99,Debit Card,West,2024,3,2024-03,Tuesday,0
TXN10302,2024-03-05,CUST-199,Female,54,Clothing,Cotton T-Shirt,3,21.15,63.45,Credit Card,South,2024,3,2024-03,Tuesday,0
TXN10303,2024-03-05,CUST-437,Male,32,Beauty,Perfume Spray 100ml,1,74.25,74.25,Credit Card,West,2024,3,2024-03,Tuesday,0
TXN10304,2024-03-05,CUST-498,Male,25,Home & Kitchen,Stainless Steel Cookware Set,2,122.19,244.38,Debit Card,East,2024,3,2024-03,Tuesday,0
TXN10305,2024-03-05,CUST-406,Male,55,Clothing,Cotton T-Shirt,1,20.48,20.48,Debit Card,Central,2024,3,2024-03,Tuesday,0
TXN10306,2024-03-06,CUST-240,Female,67,Home & Kitchen,Smoothie Blender,1,61.19,61.19,Debit Card,West,2024,3,2024-03,Wednesday,0
TXN10307,2024-03-06,CUST-182,Male,36,Home & Kitchen,Drip Coffee Maker,2,84.79,169.58,Credit Card,South,2024,3,2024-03,Wednesday,0
TXN10308,2024-03-06,CUST-276,Female,64,Electronics,Tablet 10-inch,5,311.99,1559.95,UPI,North,2024,3,2024-03,Wednesday,0
TXN10309,2024-03-06,CUST-297,Male,43,Home & Kitchen,Drip Coffee Maker,1,74.39,74.39,UPI,West,2024,3,2024-03,Wednesday,0
TXN10310,2024-03-06,CUST-211,Other,56,Home & Kitchen,Air Purifier,1,164.99,164.99,Debit Card,South,2024,3,2024-03,Wednesday,0
TXN10311,2024-03-07,CUST-155,Female,27,Clothing,Formal Trousers,1,56.65,56.65,Debit Card,East,2024,3,2024-03,Thursday,0
TXN10312,2024-03-07,CUST-559,Male,55,Books,Cookbook 101 Recipes,1,27.5,27.5,Cash,North,2024,3,2024-03,Thursday,0
TXN10313,2024-03-07,CUST-278,Female,31,Clothing,Running Shoes,3,116.6,349.8,UPI,Central,2024,3,2024-03,Thursday,0
TXN10314,2024-03-08,CUST-520,Female,66,Clothing,Formal Trousers,1,51.7,51.7,UPI,South,2024,3,2024-03,Friday,0
TXN10315,2024-03-08,CUST-500,Female,58,Home & Kitchen,Drip Coffee Maker,3,78.39,235.17,UPI,Central,2024,3,2024-03,Friday,0
TXN10316,2024-03-08,CUST-285,Male,36,Clothing,Running Shoes,1,119.9,119.9,UPI,West,2024,3,2024-03,Friday,0
TXN10317,2024-03-09,CUST-570,Male,47,Clothing,Winter Coat,3,128.8,386.4,Credit Card,North,2024,3,2024-03,Saturday,1
TXN10318,2024-03-09,CUST-317,Male,22,Electronics,Smart Watch,1,191.99,191.99,Cash,East,2024,3,2024-03,Saturday,1
TXN10319,2024-03-09,CUST-512,Female,48,Home & Kitchen,Robot Vacuum,3,232.49,697.47,Credit Card,Central,2024,3,2024-03,Saturday,1
TXN10320,2024-03-09,CUST-516,Male,24,Home & Kitchen,Robot Vacuum,1,242.49,242.49,Credit Card,West,2024,3,2024-03,Saturday,1
TXN10321,2024-03-09,CUST-415,Male,36,Beauty,Sunscreen SPF 50,2,18.32,36.64,Credit Card,South,2024,3,2024-03,Saturday,1
TXN10322,2024-03-09,CUST-574,Female,48,Books,Mindfulness & Productivity,2,16.38,32.76,UPI,Central,2024,3,2024-03,Saturday,1
TXN10323,2024-03-09,CUST-316,Other,56,Clothing,Winter Coat,1,138.6,138.6,Debit Card,South,2024,3,2024-03,Saturday,1
TXN10324,2024-03-10,CUST-219,Female,41,Electronics,Tablet 10-inch,3,323.99,971.97,Credit Card,South,2024,3,2024-03,Sunday,1
TXN10325,2024-03-10,CUST-538,Male,51,Beauty,Hair Dryer Pro,2,90.95,181.9,UPI,West,2024,3,2024-03,Sunday,1
TXN10326,2024-03-10,CUST-493,Female,40,Home & Kitchen,Stainless Steel Cookware Set,3,140.39,421.17,Credit Card,North,2024,3,2024-03,Sunday,1
TXN10327,2024-03-10,CUST-274,Female,65,Electronics,Tablet 10-inch,1,269.99,269.99,Credit Card,East,2024,3,2024-03,Sunday,1
TXN10328,2024-03-12,CUST-122,Female,62,Electronics,Smart Watch,2,213.99,427.98,UPI,West,2024,3,2024-03,Tuesday,0
TXN10329,2024-03-12,CUST-312,Male,57,Home & Kitchen,Robot Vacuum,3,254.99,764.97,UPI,East,2024,3,2024-03,Tuesday,0
TXN10330,2024-03-12,CUST-504,Female,23,Books,Data Analytics Handbook,1,32.9,32.9,UPI,North,2024,3,2024-03,Tuesday,0
TXN10331,2024-03-12,CUST-334,Female,55,Beauty,Hydrating Skincare Set,1,43.65,43.65,UPI,East,2024,3,2024-03,Tuesday,0
TXN10332,2024-03-13,CUST-112,Male,58,Clothing,Running Shoes,4,105.6,422.4,UPI,East,2024,3,2024-03,Wednesday,0
TXN10333,2024-03-13,CUST-200,Male,53,Books,Mindfulness & Productivity,1,17.64,17.64,Credit Card,East,2024,3,2024-03,Wednesday,0
TXN10334,2024-03-13,CUST-516,Female,44,Books,Mindfulness & Productivity,1,18.54,18.54,Credit Card,West,2024,3,2024-03,Wednesday,0
TXN10335,2024-03-13,CUST-123,Female,28,Beauty,Hair Dryer Pro,1,80.75,80.75,Credit Card,North,2024,3,2024-03,Wednesday,0
TXN10336,2024-03-13,CUST-463,Female,22,Home & Kitchen,Air Purifier,3,161.99,485.97,Cash,West,2024,3,2024-03,Wednesday,0
TXN10337,2024-03-13,CUST-110,Female,34,Home & Kitchen,Stainless Steel Cookware Set,4,128.69,514.76,Credit Card,West,2024,3,2024-03,Wednesday,0
TXN10338,2024-03-13,CUST-372,Male,24,Books,Cookbook 101 Recipes,4,25.85,103.4,Credit Card,West,2024,3,2024-03,Wednesday,0
TXN10339,2024-03-14,CUST-551,Male,44,Home & Kitchen,Drip Coffee Maker,2,73.59,147.18,Debit Card,East,2024,3,2024-03,Thursday,0
TXN10340,2024-03-14,CUST-530,Male,64,Beauty,Hair Dryer Pro,1,81.6,81.6,Credit Card,South,2024,3,2024-03,Thursday,0
TXN10341,2024-03-15,CUST-380,Female,32,Beauty,Hair Dryer Pro,1,87.55,87.55,UPI,South,2024,3,2024-03,Friday,0
TXN10342,2024-03-15,CUST-193,Male,63,Clothing,Formal Trousers,1,57.75,57.75,UPI,West,2024,3,2024-03,Friday,0
TXN10343,2024-03-15,CUST-300,Male,30,Beauty,Perfume Spray 100ml,1,69.75,69.75,Debit Card,South,2024,3,2024-03,Friday,0
TXN10344,2024-03-15,CUST-120,Male,28,Home & Kitchen,Stainless Steel Cookware Set,1,119.59,119.59,Debit Card,South,2024,3,2024-03,Friday,0
TXN10345,2024-03-15,CUST-439,Male,62,Books,Cookbook 101 Recipes,3,28.05,84.15,Cash,East,2024,3,2024-03,Friday,0
TXN10346,2024-03-15,CUST-566,Male,43,Clothing,Cotton T-Shirt,3,23.4,70.2,Credit Card,West,2024,3,2024-03,Friday,0
TXN10347,2024-03-15,CUST-310,Male,39,Beauty,Hydrating Skincare Set,2,47.7,95.4,Net Banking,North,2024,3,2024-03,Friday,0
TXN10348,2024-03-15,CUST-239,Female,45,Clothing,Running Shoes,5,112.2,561.0,UPI,Central,2024,3,2024-03,Friday,0
TXN10349,2024-03-15,CUST-392,Male,41,Beauty,Matte Lipstick Set,4,27.44,109.76,Credit Card,North,2024,3,2024-03,Friday,0
TXN10350,2024-03-15,CUST-397,Male,46,Beauty,Hair Dryer Pro,2,87.55,175.1,Net Banking,East,2024,3,2024-03,Friday,0
TXN10351,2024-03-16,CUST-500,Male,26,Electronics,Bluetooth Speaker,1,48.99,48.99,UPI,East,2024,3,2024-03,Saturday,1
TXN10352,2024-03-16,CUST-200,Female,59,Beauty,Perfume Spray 100ml,1,81.0,81.0,UPI,North,2024,3,2024-03,Saturday,1
TXN10353,2024-03-16,CUST-403,Male,21,Electronics,USB-C Hub,1,32.39,32.39,UPI,Central,2024,3,2024-03,Saturday,1
TXN10354,2024-03-16,CUST-458,Male,66,Electronics,Wireless Headphones,1,90.89,90.89,Debit Card,South,2024,3,2024-03,Saturday,1
TXN10355,2024-03-16,CUST-127,Female,63,Home & Kitchen,Stainless Steel Cookware Set,1,129.99,129.99,UPI,North,2024,3,2024-03,Saturday,1
TXN10356,2024-03-17,CUST-140,Female,35,Clothing,Winter Coat,4,135.8,543.2,Credit Card,West,2024,3,2024-03,Sunday,1
TXN10357,2024-03-17,CUST-454,Male,60,Clothing,Winter Coat,1,128.8,128.8,UPI,East,2024,3,2024-03,Sunday,1
TXN10358,2024-03-18,CUST-402,Male,33,Electronics,Bluetooth Speaker,1,45.99,45.99,Credit Card,Central,2024,3,2024-03,Monday,0
TXN10359,2024-03-18,CUST-595,Male,50,Electronics,Bluetooth Speaker,2,52.99,105.98,Cash,South,2024,3,2024-03,Monday,0
TXN10360,2024-03-18,CUST-245,Female,46,Home & Kitchen,Smoothie Blender,2,58.79,117.58,UPI,South,2024,3,2024-03,Monday,0
TXN10361,2024-03-18,CUST-355,Male,56,Clothing,Formal Trousers,1,59.4,59.4,UPI,North,2024,3,2024-03,Monday,0
TXN10362,2024-03-18,CUST-561,Female,27,Books,Personal Finance Blueprint,1,20.9,20.9,Credit Card,West,2024,3,2024-03,Monday,0
TXN10363,2024-03-18,CUST-326,Female,26,Clothing,Running Shoes,5,119.9,599.5,Credit Card,East,2024,3,2024-03,Monday,0
TXN10364,2024-03-19,CUST-335,Female,48,Clothing,Running Shoes,1,104.5,104.5,UPI,Central,2024,3,2024-03,Tuesday,0
TXN10365,2024-03-19,CUST-460,Female,45,Clothing,Running Shoes,3,113.3,339.9,Credit Card,West,2024,3,2024-03,Tuesday,0
TXN10366,2024-03-19,CUST-479,Female,20,Home & Kitchen,Robot Vacuum,1,229.99,229.99,Cash,Central,2024,3,2024-03,Tuesday,0
TXN10367,2024-03-19,CUST-554,Female,31,Beauty,Matte Lipstick Set,1,25.76,25.76,UPI,Central,2024,3,2024-03,Tuesday,0
TXN10368,2024-03-20,CUST-588,Female,42,Books,Data Analytics Handbook,1,33.6,33.6,UPI,South,2024,3,2024-03,Wednesday,0
TXN10369,2024-03-20,CUST-112,Female,32,Beauty,Perfume Spray 100ml,2,77.25,154.5,Credit Card,North,2024,3,2024-03,Wednesday,0
TXN10370,2024-03-21,CUST-309,Female,19,Clothing,Running Shoes,3,110.0,330.0,Credit Card,North,2024,3,2024-03,Thursday,0
TXN10371,2024-03-21,CUST-328,Female,41,Home & Kitchen,Air Purifier,1,146.99,146.99,UPI,South,2024,3,2024-03,Thursday,0
TXN10372,2024-03-21,CUST-496,Female,31,Books,Sci-Fi Bestseller Novel,1,15.67,15.67,Credit Card,East,2024,3,2024-03,Thursday,0
TXN10373,2024-03-21,CUST-199,Male,65,Clothing,Running Shoes,1,112.2,112.2,Cash,North,2024,3,2024-03,Thursday,0
TXN10374,2024-03-21,CUST-130,Female,24,Electronics,Wireless Headphones,2,98.09,196.18,UPI,South,2024,3,2024-03,Thursday,0
TXN10375,2024-03-22,CUST-485,Female,53,Beauty,Perfume Spray 100ml,1,69.75,69.75,Credit Card,South,2024,3,2024-03,Friday,0
TXN10376,2024-03-22,CUST-115,Female,67,Clothing,Running Shoes,1,100.1,100.1,UPI,North,2024,3,2024-03,Friday,0
TXN10377,2024-03-22,CUST-236,Female,41,Books,Data Analytics Handbook,1,36.4,36.4,Credit Card,South,2024,3,2024-03,Friday,0
TXN10378,2024-03-23,CUST-428,Male,44,Clothing,Denim Jacket,1,66.95,66.95,Credit Card,North,2024,3,2024-03,Saturday,1
TXN10379,2024-03-23,CUST-265,Male,54,Electronics,Wireless Headphones,3,83.69,251.07,Credit Card,South,2024,3,2024-03,Saturday,1
TXN10380,2024-03-23,CUST-558,Male,55,Books,Data Analytics Handbook,2,36.4,72.8,Credit Card,North,2024,3,2024-03,Saturday,1
TXN10381,2024-03-24,CUST-409,Male,47,Home & Kitchen,Drip Coffee Maker,1,80.79,80.79,UPI,West,2024,3,2024-03,Sunday,1
TXN10382,2024-03-24,CUST-539,Male,44,Electronics,Bluetooth Speaker,1,48.99,48.99,Debit Card,North,2024,3,2024-03,Sunday,1
TXN10383,2024-03-24,CUST-569,Female,56,Books,Cookbook 101 Recipes,1,26.12,26.12,Credit Card,Central,2024,3,2024-03,Sunday,1
TXN10384,2024-03-24,CUST-580,Female,32,Clothing,Denim Jacket,1,65.0,65.0,UPI,East,2024,3,2024-03,Sunday,1
TXN10385,2024-03-24,CUST-199,Female,43,Clothing,Winter Coat,2,142.8,285.6,Net Banking,South,2024,3,2024-03,Sunday,1
TXN10386,2024-03-24,CUST-208,Female,18,Books,Personal Finance Blueprint,1,22.0,22.0,UPI,East,2024,3,2024-03,Sunday,1
TXN10387,2024-03-24,CUST-442,Male,21,Beauty,Sunscreen SPF 50,1,18.68,18.68,Debit Card,South,2024,3,2024-03,Sunday,1
TXN10388,2024-03-24,CUST-272,Male,46,Electronics,Tablet 10-inch,1,302.99,302.99,UPI,North,2024,3,2024-03,Sunday,1
TXN10389,2024-03-24,CUST-336,Female,18,Clothing,Formal Trousers,2,51.15,102.3,Credit Card,West,2024,3,2024-03,Sunday,1
TXN10390,2024-03-24,CUST-261,Male,60,Home & Kitchen,Drip Coffee Maker,2,83.19,166.38,UPI,Central,2024,3,2024-03,Sunday,1
TXN10391,2024-03-25,CUST-492,Male,67,Electronics,USB-C Hub,3,28.79,86.37,UPI,Central,2024,3,2024-03,Monday,0
TXN10392,2024-03-25,CUST-315,Female,63,Beauty,Hair Dryer Pro,2,89.25,178.5,UPI,East,2024,3,2024-03,Monday,0
TXN10393,2024-03-25,CUST-363,Female,39,Beauty,Matte Lipstick Set,2,30.8,61.6,Debit Card,South,2024,3,2024-03,Monday,0
TXN10394,2024-03-26,CUST-362,Female,28,Clothing,Formal Trousers,2,57.75,115.5,Debit Card,South,2024,3,2024-03,Tuesday,0
TXN10395,2024-03-26,CUST-391,Female,27,Beauty,Hair Dryer Pro,1,77.35,77.35,Credit Card,East,2024,3,2024-03,Tuesday,0
TXN10396,2024-03-26,CUST-373,Female,34,Books,Mindfulness & Productivity,1,17.64,17.64,Net Banking,West,2024,3,2024-03,Tuesday,0
TXN10397,2024-03-26,CUST-102,Female,53,Clothing,Cotton T-Shirt,3,21.15,63.45,Net Banking,South,2024,3,2024-03,Tuesday,0
TXN10398,2024-03-26,CUST-127,Female,64,Clothing,Cotton T-Shirt,4,22.05,88.2,Credit Card,Central,2024,3,2024-03,Tuesday,0
TXN10399,2024-03-26,CUST-425,Female,43,Clothing,Denim Jacket,2,59.15,118.3,Credit Card,South,2024,3,2024-03,Tuesday,0
TXN10400,2024-03-26,CUST-591,Other,65,Beauty,Hair Dryer Pro,2,84.15,168.3,UPI,East,2024,3,2024-03,Tuesday,0
TXN10401,2024-03-27,CUST-527,Male,38,Home & Kitchen,Drip Coffee Maker,1,75.99,75.99,Debit Card,Central,2024,3,2024-03,Wednesday,0
TXN10402,2024-03-27,CUST-248,Male,30,Clothing,Running Shoes,1,118.8,118.8,Debit Card,Central,2024,3,2024-03,Wednesday,0
TXN10403,2024-03-27,CUST-127,Female,26,Clothing,Cotton T-Shirt,5,21.38,106.9,UPI,East,2024,3,2024-03,Wednesday,0
TXN10404,2024-03-27,CUST-587,Female,28,Clothing,Cotton T-Shirt,3,21.38,64.14,Credit Card,South,2024,3,2024-03,Wednesday,0
TXN10405,2024-03-27,CUST-409,Male,28,Beauty,Hair Dryer Pro,1,87.55,87.55,Net Banking,North,2024,3,2024-03,Wednesday,0
TXN10406,2024-03-27,CUST-537,Female,23,Electronics,USB-C Hub,1,32.69,32.69,UPI,North,2024,3,2024-03,Wednesday,0
TXN10407,2024-03-28,CUST-164,Female,18,Home & Kitchen,Robot Vacuum,1,267.49,267.49,UPI,West,2024,3,2024-03,Thursday,0
TXN10408,2024-03-28,CUST-455,Male,23,Clothing,Winter Coat,1,134.4,134.4,UPI,East,2024,3,2024-03,Thursday,0
TXN10409,2024-03-28,CUST-120,Male,30,Home & Kitchen,Smoothie Blender,1,56.39,56.39,UPI,East,2024,3,2024-03,Thursday,0
TXN10410,2024-03-28,CUST-351,Female,39,Beauty,Matte Lipstick Set,2,25.76,51.52,UPI,South,2024,3,2024-03,Thursday,0
TXN10411,2024-03-29,CUST-334,Female,48,Beauty,Hydrating Skincare Set,1,40.95,40.95,UPI,South,2024,3,2024-03,Friday,0
TXN10412,2024-03-29,CUST-326,Female,39,Electronics,Smart Watch,2,209.99,419.98,UPI,East,2024,3,2024-03,Friday,0
TXN10413,2024-03-29,CUST-112,Female,54,Home & Kitchen,Robot Vacuum,2,232.49,464.98,Net Banking,Central,2024,3,2024-03,Friday,0
TXN10414,2024-03-29,CUST-412,Female,64,Electronics,USB-C Hub,3,27.89,83.67,UPI,North,2024,3,2024-03,Friday,0
TXN10415,2024-03-29,CUST-148,Female,44,Electronics,USB-C Hub,3,28.49,85.47,Credit Card,West,2024,3,2024-03,Friday,0
TXN10416,2024-03-30,CUST-217,Female,67,Beauty,Hydrating Skincare Set,2,48.6,97.2,UPI,South,2024,3,2024-03,Saturday,1
TXN10417,2024-03-30,CUST-153,Male,31,Home & Kitchen,Stainless Steel Cookware Set,2,120.89,241.78,UPI,West,2024,3,2024-03,Saturday,1
TXN10418,2024-03-30,CUST-237,Male,64,Electronics,Tablet 10-inch,1,311.99,311.99,Cash,Central,2024,3,2024-03,Saturday,1
TXN10419,2024-03-30,CUST-152,Male,22,Electronics,Tablet 10-inch,4,329.99,1319.96,Debit Card,South,2024,3,2024-03,Saturday,1
TXN10420,2024-03-30,CUST-143,Female,53,Home & Kitchen,Air Purifier,1,158.99,158.99,Credit Card,North,2024,3,2024-03,Saturday,1
TXN10421,2024-03-31,CUST-402,Female,49,Home & Kitchen,Drip Coffee Maker,3,73.59,220.77,Credit Card,North,2024,3,2024-03,Sunday,1
TXN10422,2024-04-01,CUST-152,Female,51,Electronics,USB-C Hub,1,32.09,32.09,Credit Card,North,2024,4,2024-04,Monday,0
TXN10423,2024-04-01,CUST-173,Female,24,Beauty,Matte Lipstick Set,1,26.88,26.88,UPI,West,2024,4,2024-04,Monday,0
TXN10424,2024-04-01,CUST-145,Female,59,Clothing,Running Shoes,1,110.0,110.0,UPI,North,2024,4,2024-04,Monday,0
TXN10425,2024-04-01,CUST-112,Male,65,Beauty,Sunscreen SPF 50,2,19.43,38.86,Credit Card,North,2024,4,2024-04,Monday,0
TXN10426,2024-04-01,CUST-264,Male,27,Home & Kitchen,Smoothie Blender,1,62.39,62.39,Cash,East,2024,4,2024-04,Monday,0
TXN10427,2024-04-01,CUST-201,Male,67,Electronics,Smart Watch,2,211.99,423.98,UPI,East,2024,4,2024-04,Monday,0
TXN10428,2024-04-02,CUST-379,Female,34,Home & Kitchen,Stainless Steel Cookware Set,3,122.19,366.57,Credit Card,South,2024,4,2024-04,Tuesday,0
TXN10429,2024-04-02,CUST-357,Male,47,Clothing,Running Shoes,1,108.9,108.9,UPI,East,2024,4,2024-04,Tuesday,0
TXN10430,2024-04-02,CUST-569,Female,38,Beauty,Matte Lipstick Set,2,27.72,55.44,UPI,West,2024,4,2024-04,Tuesday,0
TXN10431,2024-04-03,CUST-436,Female,30,Beauty,Hair Dryer Pro,1,78.2,78.2,Credit Card,North,2024,4,2024-04,Wednesday,0
TXN10432,2024-04-04,CUST-455,Female,18,Books,Data Analytics Handbook,1,37.1,37.1,UPI,East,2024,4,2024-04,Thursday,0
TXN10433,2024-04-04,CUST-497,Male,18,Electronics,USB-C Hub,2,31.49,62.98,Net Banking,West,2024,4,2024-04,Thursday,0
TXN10434,2024-04-04,CUST-237,Other,64,Electronics,Smart Watch,1,213.99,213.99,Credit Card,South,2024,4,2024-04,Thursday,0
TXN10435,2024-04-04,CUST-262,Female,50,Electronics,USB-C Hub,5,27.59,137.95,UPI,West,2024,4,2024-04,Thursday,0
TXN10436,2024-04-04,CUST-508,Male,55,Books,Cookbook 101 Recipes,2,24.75,49.5,Credit Card,West,2024,4,2024-04,Thursday,0
TXN10437,2024-04-05,CUST-486,Male,42,Home & Kitchen,Smoothie Blender,3,62.39,187.17,Debit Card,West,2024,4,2024-04,Friday,0
TXN10438,2024-04-05,CUST-210,Female,43,Beauty,Sunscreen SPF 50,2,19.43,38.86,UPI,East,2024,4,2024-04,Friday,0
TXN10439,2024-04-05,CUST-201,Female,30,Electronics,Smart Watch,3,213.99,641.97,Credit Card,West,2024,4,2024-04,Friday,0
TXN10440,2024-04-05,CUST-116,Female,45,Home & Kitchen,Air Purifier,1,145.49,145.49,Debit Card,West,2024,4,2024-04,Friday,0
TXN10441,2024-04-06,CUST-367,Other,50,Home & Kitchen,Stainless Steel Cookware Set,1,127.39,127.39,UPI,West,2024,4,2024-04,Saturday,1
TXN10442,2024-04-06,CUST-281,Female,54,Beauty,Matte Lipstick Set,1,30.52,30.52,Net Banking,South,2024,4,2024-04,Saturday,1
TXN10443,2024-04-06,CUST-471,Male,58,Clothing,Cotton T-Shirt,3,22.27,66.81,UPI,North,2024,4,2024-04,Saturday,1
TXN10444,2024-04-07,CUST-123,Female,47,Electronics,Smart Watch,1,209.99,209.99,UPI,South,2024,4,2024-04,Sunday,1
TXN10445,2024-04-07,CUST-128,Male,66,Beauty,Hair Dryer Pro,5,91.8,459.0,Credit Card,North,2024,4,2024-04,Sunday,1
TXN10446,2024-04-07,CUST-270,Female,65,Home & Kitchen,Stainless Steel Cookware Set,1,116.99,116.99,UPI,South,2024,4,2024-04,Sunday,1
TXN10447,2024-04-07,CUST-508,Male,25,Electronics,USB-C Hub,1,31.49,31.49,Credit Card,South,2024,4,2024-04,Sunday,1
TXN10448,2024-04-08,CUST-327,Male,66,Beauty,Hydrating Skincare Set,1,48.6,48.6,Credit Card,Central,2024,4,2024-04,Monday,0
TXN10449,2024-04-08,CUST-477,Male,64,Clothing,Cotton T-Shirt,2,22.5,45.0,UPI,Central,2024,4,2024-04,Monday,0
TXN10450,2024-04-08,CUST-287,Male,18,Home & Kitchen,Air Purifier,3,145.49,436.47,Net Banking,West,2024,4,2024-04,Monday,0
TXN10451,2024-04-08,CUST-445,Female,29,Beauty,Hydrating Skincare Set,1,41.85,41.85,Credit Card,Central,2024,4,2024-04,Monday,0
TXN10452,2024-04-08,CUST-329,Male,22,Electronics,Tablet 10-inch,2,317.99,635.98,Credit Card,Central,2024,4,2024-04,Monday,0
TXN10453,2024-04-08,CUST-420,Female,41,Beauty,Hair Dryer Pro,1,87.55,87.55,UPI,Central,2024,4,2024-04,Monday,0
TXN10454,2024-04-08,CUST-439,Female,23,Clothing,Denim Jacket,2,66.95,133.9,UPI,North,2024,4,2024-04,Monday,0
TXN10455,2024-04-08,CUST-218,Male,42,Electronics,Smart Watch,1,205.99,205.99,Debit Card,South,2024,4,2024-04,Monday,0
TXN10456,2024-04-08,CUST-255,Female,18,Home & Kitchen,Drip Coffee Maker,1,77.59,77.59,Debit Card,East,2024,4,2024-04,Monday,0
TXN10457,2024-04-08,CUST-371,Female,42,Electronics,USB-C Hub,2,31.49,62.98,UPI,North,2024,4,2024-04,Monday,0
TXN10458,2024-04-08,CUST-274,Other,18,Clothing,Winter Coat,2,137.2,274.4,Credit Card,West,2024,4,2024-04,Monday,0
TXN10459,2024-04-08,CUST-564,Female,49,Electronics,USB-C Hub,1,29.69,29.69,Credit Card,North,2024,4,2024-04,Monday,0
TXN10460,2024-04-09,CUST-203,Male,59,Electronics,Tablet 10-inch,1,302.99,302.99,UPI,South,2024,4,2024-04,Tuesday,0
TXN10461,2024-04-09,CUST-191,Female,59,Clothing,Formal Trousers,2,52.25,104.5,Debit Card,North,2024,4,2024-04,Tuesday,0
TXN10462,2024-04-09,CUST-285,Female,20,Electronics,Wireless Headphones,3,83.69,251.07,UPI,East,2024,4,2024-04,Tuesday,0
TXN10463,2024-04-10,CUST-559,Female,66,Beauty,Sunscreen SPF 50,3,19.24,57.72,UPI,East,2024,4,2024-04,Wednesday,0
TXN10464,2024-04-10,CUST-382,Male,36,Electronics,Bluetooth Speaker,3,50.99,152.97,UPI,West,2024,4,2024-04,Wednesday,0
TXN10465,2024-04-10,CUST-280,Male,60,Home & Kitchen,Stainless Steel Cookware Set,5,122.19,610.95,UPI,South,2024,4,2024-04,Wednesday,0
TXN10466,2024-04-10,CUST-269,Male,46,Electronics,Smart Watch,1,187.99,187.99,UPI,East,2024,4,2024-04,Wednesday,0
TXN10467,2024-04-11,CUST-286,Other,67,Electronics,USB-C Hub,1,30.59,30.59,Net Banking,West,2024,4,2024-04,Thursday,0
TXN10468,2024-04-11,CUST-274,Female,19,Clothing,Winter Coat,1,130.2,130.2,Debit Card,West,2024,4,2024-04,Thursday,0
TXN10469,2024-04-11,CUST-321,Female,26,Books,Mindfulness & Productivity,1,16.74,16.74,UPI,South,2024,4,2024-04,Thursday,0
TXN10470,2024-04-11,CUST-332,Male,34,Beauty,Perfume Spray 100ml,2,67.5,135.0,Debit Card,North,2024,4,2024-04,Thursday,0
TXN10471,2024-04-11,CUST-261,Female,63,Home & Kitchen,Smoothie Blender,3,63.59,190.77,Credit Card,North,2024,4,2024-04,Thursday,0
TXN10472,2024-04-11,CUST-520,Female,53,Electronics,Bluetooth Speaker,1,51.99,51.99,UPI,West,2024,4,2024-04,Thursday,0
TXN10473,2024-04-12,CUST-233,Female,34,Home & Kitchen,Stainless Steel Cookware Set,1,128.69,128.69,UPI,South,2024,4,2024-04,Friday,0
TXN10474,2024-04-12,CUST-490,Male,66,Electronics,Tablet 10-inch,2,299.99,599.98,UPI,North,2024,4,2024-04,Friday,0
TXN10475,2024-04-12,CUST-579,Male,29,Electronics,USB-C Hub,2,27.89,55.78,UPI,North,2024,4,2024-04,Friday,0
TXN10476,2024-04-12,CUST-323,Female,37,Beauty,Hair Dryer Pro,1,86.7,86.7,Debit Card,West,2024,4,2024-04,Friday,0
TXN10477,2024-04-12,CUST-252,Female,67,Clothing,Denim Jacket,2,61.1,122.2,Credit Card,East,2024,4,2024-04,Friday,0
TXN10478,2024-04-13,CUST-132,Male,20,Books,Data Analytics Handbook,1,33.6,33.6,Net Banking,East,2024,4,2024-04,Saturday,1
TXN10479,2024-04-13,CUST-154,Male,60,Electronics,Bluetooth Speaker,3,51.49,154.47,Debit Card,East,2024,4,2024-04,Saturday,1
TXN10480,2024-04-13,CUST-541,Female,67,Books,Personal Finance Blueprint,4,20.9,83.6,UPI,North,2024,4,2024-04,Saturday,1
TXN10481,2024-04-13,CUST-106,Male,21,Beauty,Hydrating Skincare Set,1,40.95,40.95,Debit Card,South,2024,4,2024-04,Saturday,1
TXN10482,2024-04-13,CUST-343,Female,34,Beauty,Hair Dryer Pro,1,89.25,89.25,UPI,South,2024,4,2024-04,Saturday,1
TXN10483,2024-04-13,CUST-412,Female,67,Electronics,Smart Watch,2,211.99,423.98,UPI,South,2024,4,2024-04,Saturday,1
TXN10484,2024-04-13,CUST-225,Male,54,Clothing,Running Shoes,1,104.5,104.5,Credit Card,Central,2024,4,2024-04,Saturday,1
TXN10485,2024-04-14,CUST-111,Male,63,Books,Personal Finance Blueprint,1,22.0,22.0,UPI,East,2024,4,2024-04,Sunday,1
TXN10486,2024-04-14,CUST-115,Female,59,Clothing,Winter Coat,3,134.4,403.2,UPI,West,2024,4,2024-04,Sunday,1
TXN10487,2024-04-14,CUST-307,Male,32,Beauty,Matte Lipstick Set,1,25.76,25.76,Credit Card,North,2024,4,2024-04,Sunday,1
TXN10488,2024-04-15,CUST-142,Male,50,Books,Cookbook 101 Recipes,1,25.03,25.03,Net Banking,South,2024,4,2024-04,Monday,0
TXN10489,2024-04-15,CUST-472,Male,33,Clothing,Winter Coat,2,154.0,308.0,UPI,North,2024,4,2024-04,Monday,0
TXN10490,2024-04-15,CUST-583,Male,28,Beauty,Hair Dryer Pro,1,93.5,93.5,UPI,East,2024,4,2024-04,Monday,0
TXN10491,2024-04-15,CUST-560,Male,37,Beauty,Perfume Spray 100ml,1,74.25,74.25,Credit Card,South,2024,4,2024-04,Monday,0
TXN10492,2024-04-15,CUST-234,Female,55,Electronics,Bluetooth Speaker,1,48.99,48.99,Credit Card,South,2024,4,2024-04,Monday,0
TXN10493,2024-04-15,CUST-327,Female,41,Electronics,Wireless Headphones,1,86.39,86.39,UPI,West,2024,4,2024-04,Monday,0
TXN10494,2024-04-16,CUST-210,Female,33,Clothing,Formal Trousers,2,59.95,119.9,Net Banking,Central,2024,4,2024-04,Tuesday,0
TXN10495,2024-04-16,CUST-406,Female,47,Clothing,Formal Trousers,5,52.8,264.0,Credit Card,North,2024,4,2024-04,Tuesday,0
TXN10496,2024-04-16,CUST-556,Male,51,Home & Kitchen,Drip Coffee Maker,3,84.79,254.37,Credit Card,North,2024,4,2024-04,Tuesday,0
TXN10497,2024-04-16,CUST-259,Female,18,Electronics,Tablet 10-inch,1,275.99,275.99,Net Banking,North,2024,4,2024-04,Tuesday,0
TXN10498,2024-04-16,CUST-430,Female,41,Books,Cookbook 101 Recipes,1,25.58,25.58,Net Banking,West,2024,4,2024-04,Tuesday,0
TXN10499,2024-04-17,CUST-363,Female,41,Electronics,USB-C Hub,2,29.39,58.78,UPI,North,2024,4,2024-04,Wednesday,0
TXN10500,2024-04-17,CUST-324,Female,26,Beauty,Perfume Spray 100ml,2,75.75,151.5,UPI,East,2024,4,2024-04,Wednesday,0
TXN10501,2024-04-17,CUST-570,Female,39,Beauty,Perfume Spray 100ml,3,81.0,243.0,Debit Card,East,2024,4,2024-04,Wednesday,0
TXN10502,2024-04-17,CUST-316,Male,29,Electronics,Smart Watch,2,217.99,435.98,Cash,South,2024,4,2024-04,Wednesday,0
TXN10503,2024-04-17,CUST-555,Female,34,Electronics,USB-C Hub,1,28.49,28.49,Credit Card,North,2024,4,2024-04,Wednesday,0
TXN10504,2024-04-18,CUST-144,Male,42,Home & Kitchen,Drip Coffee Maker,1,75.99,75.99,Credit Card,South,2024,4,2024-04,Thursday,0
TXN10505,2024-04-18,CUST-313,Male,45,Books,Personal Finance Blueprint,3,21.78,65.34,Credit Card,North,2024,4,2024-04,Thursday,0
TXN10506,2024-04-18,CUST-158,Female,32,Clothing,Running Shoes,4,108.9,435.6,UPI,North,2024,4,2024-04,Thursday,0
TXN10507,2024-04-18,CUST-231,Female,47,Clothing,Denim Jacket,1,70.85,70.85,Cash,East,2024,4,2024-04,Thursday,0
TXN10508,2024-04-18,CUST-203,Female,44,Clothing,Winter Coat,1,140.0,140.0,Credit Card,East,2024,4,2024-04,Thursday,0
TXN10509,2024-04-18,CUST-294,Male,39,Electronics,Tablet 10-inch,1,299.99,299.99,Net Banking,North,2024,4,2024-04,Thursday,0
TXN10510,2024-04-18,CUST-512,Male,27,Beauty,Hydrating Skincare Set,1,47.7,47.7,Credit Card,East,2024,4,2024-04,Thursday,0
TXN10511,2024-04-18,CUST-588,Female,48,Home & Kitchen,Air Purifier,1,139.49,139.49,Net Banking,North,2024,4,2024-04,Thursday,0
TXN10512,2024-04-19,CUST-256,Male,44,Clothing,Running Shoes,4,106.7,426.8,UPI,East,2024,4,2024-04,Friday,0
TXN10513,2024-04-20,CUST-197,Male,29,Books,Personal Finance Blueprint,2,20.24,40.48,Debit Card,West,2024,4,2024-04,Saturday,1
TXN10514,2024-04-20,CUST-325,Female,63,Electronics,Wireless Headphones,3,84.59,253.77,Cash,West,2024,4,2024-04,Saturday,1
TXN10515,2024-04-20,CUST-511,Female,48,Beauty,Hair Dryer Pro,5,92.65,463.25,Credit Card,South,2024,4,2024-04,Saturday,1
TXN10516,2024-04-20,CUST-304,Male,49,Clothing,Winter Coat,1,148.4,148.4,Credit Card,East,2024,4,2024-04,Saturday,1
TXN10517,2024-04-20,CUST-178,Male,49,Clothing,Running Shoes,2,110.0,220.0,UPI,West,2024,4,2024-04,Saturday,1
TXN10518,2024-04-20,CUST-223,Male,58,Clothing,Formal Trousers,3,53.9,161.7,Credit Card,North,2024,4,2024-04,Saturday,1
TXN10519,2024-04-21,CUST-570,Male,62,Clothing,Winter Coat,2,131.6,263.2,Net Banking,East,2024,4,2024-04,Sunday,1
TXN10520,2024-04-21,CUST-527,Male,52,Home & Kitchen,Stainless Steel Cookware Set,2,139.09,278.18,UPI,West,2024,4,2024-04,Sunday,1
TXN10521,2024-04-21,CUST-317,Female,63,Home & Kitchen,Stainless Steel Cookware Set,1,135.19,135.19,Debit Card,South,2024,4,2024-04,Sunday,1
TXN10522,2024-04-22,CUST-103,Male,38,Clothing,Denim Jacket,2,65.65,131.3,Credit Card,South,2024,4,2024-04,Monday,0
TXN10523,2024-04-22,CUST-189,Male,27,Home & Kitchen,Smoothie Blender,1,55.19,55.19,UPI,East,2024,4,2024-04,Monday,0
TXN10524,2024-04-22,CUST-203,Male,33,Clothing,Formal Trousers,1,55.55,55.55,UPI,North,2024,4,2024-04,Monday,0
TXN10525,2024-04-22,CUST-492,Female,24,Home & Kitchen,Robot Vacuum,1,254.99,254.99,Credit Card,South,2024,4,2024-04,Monday,0
TXN10526,2024-04-22,CUST-218,Female,21,Electronics,Tablet 10-inch,1,305.99,305.99,UPI,South,2024,4,2024-04,Monday,0
TXN10527,2024-04-22,CUST-232,Female,44,Electronics,Smart Watch,1,187.99,187.99,Net Banking,North,2024,4,2024-04,Monday,0
TXN10528,2024-04-22,CUST-411,Female,42,Clothing,Formal Trousers,1,55.0,55.0,Debit Card,North,2024,4,2024-04,Monday,0
TXN10529,2024-04-22,CUST-195,Female,48,Beauty,Hydrating Skincare Set,1,47.7,47.7,UPI,South,2024,4,2024-04,Monday,0
TXN10530,2024-04-22,CUST-567,Male,28,Beauty,Hydrating Skincare Set,1,41.4,41.4,UPI,North,2024,4,2024-04,Monday,0
TXN10531,2024-04-22,CUST-533,Male,65,Clothing,Cotton T-Shirt,1,21.38,21.38,Credit Card,East,2024,4,2024-04,Monday,0
TXN10532,2024-04-22,CUST-430,Female,37,Electronics,Wireless Headphones,2,86.39,172.78,Credit Card,South,2024,4,2024-04,Monday,0
TXN10533,2024-04-23,CUST-242,Male,53,Clothing,Running Shoes,2,101.2,202.4,UPI,North,2024,4,2024-04,Tuesday,0
TXN10534,2024-04-23,CUST-387,Female,34,Beauty,Hydrating Skincare Set,2,45.0,90.0,Credit Card,South,2024,4,2024-04,Tuesday,0
TXN10535,2024-04-23,CUST-127,Female,62,Beauty,Perfume Spray 100ml,4,82.5,330.0,Net Banking,North,2024,4,2024-04,Tuesday,0
TXN10536,2024-04-23,CUST-377,Female,28,Electronics,Tablet 10-inch,1,296.99,296.99,UPI,South,2024,4,2024-04,Tuesday,0
TXN10537,2024-04-24,CUST-332,Female,47,Electronics,Tablet 10-inch,1,299.99,299.99,UPI,South,2024,4,2024-04,Wednesday,0
TXN10538,2024-04-24,CUST-116,Female,52,Home & Kitchen,Air Purifier,1,146.99,146.99,Cash,East,2024,4,2024-04,Wednesday,0
TXN10539,2024-04-24,CUST-158,Female,58,Electronics,Tablet 10-inch,3,269.99,809.97,UPI,South,2024,4,2024-04,Wednesday,0
TXN10540,2024-04-24,CUST-189,Female,55,Electronics,USB-C Hub,2,28.19,56.38,Net Banking,South,2024,4,2024-04,Wednesday,0
TXN10541,2024-04-25,CUST-591,Male,39,Electronics,Smart Watch,1,213.99,213.99,UPI,West,2024,4,2024-04,Thursday,0
TXN10542,2024-04-25,CUST-298,Female,60,Clothing,Formal Trousers,1,52.8,52.8,UPI,South,2024,4,2024-04,Thursday,0
TXN10543,2024-04-25,CUST-461,Male,65,Beauty,Hydrating Skincare Set,2,45.45,90.9,UPI,East,2024,4,2024-04,Thursday,0
TXN10544,2024-04-26,CUST-540,Male,44,Beauty,Hydrating Skincare Set,1,45.9,45.9,UPI,West,2024,4,2024-04,Friday,0
TXN10545,2024-04-26,CUST-125,Male,54,Clothing,Formal Trousers,1,55.55,55.55,UPI,North,2024,4,2024-04,Friday,0
TXN10546,2024-04-26,CUST-124,Male,63,Home & Kitchen,Air Purifier,4,143.99,575.96,UPI,Central,2024,4,2024-04,Friday,0
TXN10547,2024-04-26,CUST-493,Female,66,Electronics,Smart Watch,2,209.99,419.98,UPI,Central,2024,4,2024-04,Friday,0
TXN10548,2024-04-26,CUST-400,Female,52,Home & Kitchen,Drip Coffee Maker,4,79.99,319.96,UPI,South,2024,4,2024-04,Friday,0
TXN10549,2024-04-26,CUST-438,Male,21,Beauty,Perfume Spray 100ml,1,73.5,73.5,Credit Card,Central,2024,4,2024-04,Friday,0
TXN10550,2024-04-26,CUST-366,Female,33,Beauty,Sunscreen SPF 50,2,16.84,33.68,Debit Card,West,2024,4,2024-04,Friday,0
TXN10551,2024-04-26,CUST-560,Male,33,Electronics,USB-C Hub,3,32.09,96.27,Net Banking,Central,2024,4,2024-04,Friday,0
TXN10552,2024-04-27,CUST-280,Male,38,Electronics,USB-C Hub,2,29.69,59.38,Credit Card,East,2024,4,2024-04,Saturday,1
TXN10553,2024-04-27,CUST-555,Male,43,Clothing,Cotton T-Shirt,2,21.38,42.76,Net Banking,East,2024,4,2024-04,Saturday,1
TXN10554,2024-04-27,CUST-459,Male,53,Beauty,Perfume Spray 100ml,2,72.75,145.5,UPI,North,2024,4,2024-04,Saturday,1
TXN10555,2024-04-27,CUST-167,Other,36,Electronics,Bluetooth Speaker,3,44.99,134.97,UPI,South,2024,4,2024-04,Saturday,1
TXN10556,2024-04-27,CUST-594,Male,34,Books,Personal Finance Blueprint,1,21.12,21.12,UPI,North,2024,4,2024-04,Saturday,1
TXN10557,2024-04-27,CUST-450,Female,62,Books,Data Analytics Handbook,1,34.65,34.65,Debit Card,South,2024,4,2024-04,Saturday,1
TXN10558,2024-04-27,CUST-511,Male,43,Beauty,Perfume Spray 100ml,1,72.75,72.75,Net Banking,Central,2024,4,2024-04,Saturday,1
TXN10559,2024-04-27,CUST-558,Female,39,Books,Cookbook 101 Recipes,3,28.6,85.8,Credit Card,North,2024,4,2024-04,Saturday,1
TXN10560,2024-04-27,CUST-590,Female,45,Electronics,Bluetooth Speaker,4,50.99,203.96,UPI,West,2024,4,2024-04,Saturday,1
TXN10561,2024-04-28,CUST-420,Male,18,Electronics,Tablet 10-inch,1,278.99,278.99,Credit Card,North,2024,4,2024-04,Sunday,1
TXN10562,2024-04-28,CUST-148,Female,61,Electronics,USB-C Hub,1,32.39,32.39,UPI,North,2024,4,2024-04,Sunday,1
TXN10563,2024-04-28,CUST-274,Female,53,Beauty,Hydrating Skincare Set,4,46.35,185.4,Credit Card,East,2024,4,2024-04,Sunday,1
TXN10564,2024-04-28,CUST-151,Female,60,Electronics,Wireless Headphones,1,93.59,93.59,Credit Card,North,2024,4,2024-04,Sunday,1
TXN10565,2024-04-28,CUST-201,Male,54,Books,Cookbook 101 Recipes,1,26.12,26.12,UPI,Central,2024,4,2024-04,Sunday,1
TXN10566,2024-04-28,CUST-315,Female,19,Electronics,Wireless Headphones,1,96.29,96.29,UPI,North,2024,4,2024-04,Sunday,1
TXN10567,2024-04-29,CUST-537,Male,34,Clothing,Cotton T-Shirt,1,21.15,21.15,Debit Card,North,2024,4,2024-04,Monday,0
TXN10568,2024-04-29,CUST-287,Female,57,Home & Kitchen,Robot Vacuum,2,234.99,469.98,Credit Card,North,2024,4,2024-04,Monday,0
TXN10569,2024-04-29,CUST-156,Male,55,Electronics,USB-C Hub,1,29.69,29.69,UPI,South,2024,4,2024-04,Monday,0
TXN10570,2024-04-29,CUST-146,Male,38,Electronics,USB-C Hub,1,28.79,28.79,Credit Card,North,2024,4,2024-04,Monday,0
TXN10571,2024-04-29,CUST-258,Female,26,Beauty,Hydrating Skincare Set,3,44.1,132.3,Cash,South,2024,4,2024-04,Monday,0
TXN10572,2024-04-29,CUST-588,Female,30,Clothing,Cotton T-Shirt,1,20.7,20.7,UPI,East,2024,4,2024-04,Monday,0
TXN10573,2024-04-29,CUST-273,Female,28,Electronics,Wireless Headphones,1,97.19,97.19,UPI,North,2024,4,2024-04,Monday,0
TXN10574,2024-04-30,CUST-341,Other,33,Clothing,Formal Trousers,3,55.55,166.65,Credit Card,North,2024,4,2024-04,Tuesday,0
TXN10575,2024-04-30,CUST-381,Male,33,Clothing,Winter Coat,2,127.4,254.8,Credit Card,West,2024,4,2024-04,Tuesday,0
TXN10576,2024-05-01,CUST-340,Male,19,Books,Mindfulness & Productivity,1,16.92,16.92,UPI,South,2024,5,2024-05,Wednesday,0
TXN10577,2024-05-01,CUST-469,Female,59,Home & Kitchen,Drip Coffee Maker,1,75.99,75.99,UPI,South,2024,5,2024-05,Wednesday,0
TXN10578,2024-05-01,CUST-104,Male,61,Clothing,Running Shoes,1,119.9,119.9,UPI,East,2024,5,2024-05,Wednesday,0
TXN10579,2024-05-01,CUST-183,Male,25,Clothing,Denim Jacket,2,65.0,130.0,Credit Card,West,2024,5,2024-05,Wednesday,0
TXN10580,2024-05-01,CUST-407,Male,60,Clothing,Winter Coat,1,148.4,148.4,UPI,West,2024,5,2024-05,Wednesday,0
TXN10581,2024-05-01,CUST-460,Other,59,Books,Cookbook 101 Recipes,1,28.32,28.32,Credit Card,West,2024,5,2024-05,Wednesday,0
TXN10582,2024-05-02,CUST-558,Female,30,Electronics,Wireless Headphones,1,92.69,92.69,Net Banking,North,2024,5,2024-05,Thursday,0
TXN10583,2024-05-03,CUST-347,Female,34,Clothing,Formal Trousers,3,51.15,153.45,Net Banking,North,2024,5,2024-05,Friday,0
TXN10584,2024-05-03,CUST-153,Male,56,Home & Kitchen,Drip Coffee Maker,1,74.39,74.39,Credit Card,South,2024,5,2024-05,Friday,0
TXN10585,2024-05-03,CUST-260,Male,41,Books,Personal Finance Blueprint,1,23.76,23.76,Credit Card,Central,2024,5,2024-05,Friday,0
TXN10586,2024-05-03,CUST-533,Male,20,Electronics,Wireless Headphones,1,82.79,82.79,Debit Card,North,2024,5,2024-05,Friday,0
TXN10587,2024-05-03,CUST-521,Female,47,Electronics,Tablet 10-inch,1,323.99,323.99,Debit Card,East,2024,5,2024-05,Friday,0
TXN10588,2024-05-03,CUST-510,Female,30,Electronics,Wireless Headphones,2,89.09,178.18,Debit Card,West,2024,5,2024-05,Friday,0
TXN10589,2024-05-03,CUST-325,Female,36,Electronics,Tablet 10-inch,2,317.99,635.98,UPI,South,2024,5,2024-05,Friday,0
TXN10590,2024-05-03,CUST-114,Female,24,Beauty,Sunscreen SPF 50,2,19.8,39.6,UPI,South,2024,5,2024-05,Friday,0
TXN10591,2024-05-04,CUST-323,Male,26,Beauty,Sunscreen SPF 50,2,19.98,39.96,Cash,South,2024,5,2024-05,Saturday,1
TXN10592,2024-05-04,CUST-160,Male,36,Beauty,Hydrating Skincare Set,1,49.05,49.05,Cash,North,2024,5,2024-05,Saturday,1
TXN10593,2024-05-04,CUST-221,Female,62,Electronics,Smart Watch,2,213.99,427.98,Credit Card,South,2024,5,2024-05,Saturday,1
TXN10594,2024-05-05,CUST-376,Female,57,Electronics,USB-C Hub,1,29.99,29.99,Cash,North,2024,5,2024-05,Sunday,1
TXN10595,2024-05-05,CUST-145,Female,39,Electronics,Wireless Headphones,1,98.09,98.09,Debit Card,West,2024,5,2024-05,Sunday,1
TXN10596,2024-05-05,CUST-552,Female,35,Clothing,Cotton T-Shirt,2,23.85,47.7,Credit Card,Central,2024,5,2024-05,Sunday,1
TXN10597,2024-05-05,CUST-489,Male,40,Home & Kitchen,Air Purifier,3,145.49,436.47,UPI,East,2024,5,2024-05,Sunday,1
TXN10598,2024-05-05,CUST-393,Male,19,Electronics,Smart Watch,2,189.99,379.98,Credit Card,East,2024,5,2024-05,Sunday,1
TXN10599,2024-05-06,CUST-161,Female,67,Electronics,Bluetooth Speaker,3,54.49,163.47,Credit Card,South,2024,5,2024-05,Monday,0
TXN10600,2024-05-06,CUST-185,Male,67,Clothing,Cotton T-Shirt,5,24.75,123.75,Cash,North,2024,5,2024-05,Monday,0
TXN10601,2024-05-06,CUST-545,Male,28,Clothing,Denim Jacket,1,65.65,65.65,Credit Card,North,2024,5,2024-05,Monday,0
TXN10602,2024-05-06,CUST-309,Male,48,Clothing,Winter Coat,4,149.8,599.2,Debit Card,South,2024,5,2024-05,Monday,0
TXN10603,2024-05-06,CUST-177,Female,50,Home & Kitchen,Robot Vacuum,2,227.49,454.98,Debit Card,West,2024,5,2024-05,Monday,0
TXN10604,2024-05-06,CUST-301,Male,31,Electronics,Wireless Headphones,3,92.69,278.07,UPI,Central,2024,5,2024-05,Monday,0
TXN10605,2024-05-07,CUST-401,Female,33,Home & Kitchen,Stainless Steel Cookware Set,2,141.69,283.38,UPI,South,2024,5,2024-05,Tuesday,0
TXN10606,2024-05-07,CUST-496,Female,28,Clothing,Formal Trousers,2,60.5,121.0,Credit Card,South,2024,5,2024-05,Tuesday,0
TXN10607,2024-05-07,CUST-322,Female,50,Clothing,Cotton T-Shirt,2,23.62,47.24,UPI,South,2024,5,2024-05,Tuesday,0
TXN10608,2024-05-07,CUST-321,Female,24,Books,Cookbook 101 Recipes,1,27.77,27.77,Credit Card,South,2024,5,2024-05,Tuesday,0
TXN10609,2024-05-07,CUST-102,Female,48,Electronics,Bluetooth Speaker,4,45.49,181.96,UPI,East,2024,5,2024-05,Tuesday,0
TXN10610,2024-05-08,CUST-577,Female,65,Beauty,Matte Lipstick Set,1,26.32,26.32,UPI,West,2024,5,2024-05,Wednesday,0
TXN10611,2024-05-08,CUST-105,Female,63,Clothing,Denim Jacket,1,67.6,67.6,UPI,West,2024,5,2024-05,Wednesday,0
TXN10612,2024-05-08,CUST-192,Male,64,Beauty,Hair Dryer Pro,1,82.45,82.45,UPI,East,2024,5,2024-05,Wednesday,0
TXN10613,2024-05-08,CUST-107,Male,31,Home & Kitchen,Smoothie Blender,1,57.59,57.59,UPI,South,2024,5,2024-05,Wednesday,0
TXN10614,2024-05-08,CUST-527,Female,45,Books,Data Analytics Handbook,1,36.75,36.75,Cash,Central,2024,5,2024-05,Wednesday,0
TXN10615,2024-05-08,CUST-592,Male,60,Home & Kitchen,Robot Vacuum,1,247.49,247.49,UPI,West,2024,5,2024-05,Wednesday,0
TXN10616,2024-05-09,CUST-334,Male,33,Beauty,Hydrating Skincare Set,1,45.45,45.45,Net Banking,South,2024,5,2024-05,Thursday,0
TXN10617,2024-05-09,CUST-207,Male,36,Electronics,Bluetooth Speaker,1,51.49,51.49,Cash,South,2024,5,2024-05,Thursday,0
TXN10618,2024-05-09,CUST-260,Female,34,Beauty,Hair Dryer Pro,1,91.8,91.8,Net Banking,West,2024,5,2024-05,Thursday,0
TXN10619,2024-05-09,CUST-308,Male,43,Home & Kitchen,Smoothie Blender,1,56.39,56.39,Credit Card,South,2024,5,2024-05,Thursday,0
TXN10620,2024-05-09,CUST-339,Male,23,Electronics,Smart Watch,4,185.99,743.96,Debit Card,East,2024,5,2024-05,Thursday,0
TXN10621,2024-05-09,CUST-430,Male,60,Clothing,Winter Coat,1,152.6,152.6,UPI,South,2024,5,2024-05,Thursday,0
TXN10622,2024-05-09,CUST-432,Female,66,Home & Kitchen,Stainless Steel Cookware Set,1,126.09,126.09,UPI,West,2024,5,2024-05,Thursday,0
TXN10623,2024-05-09,CUST-149,Female,26,Clothing,Cotton T-Shirt,1,21.82,21.82,Net Banking,East,2024,5,2024-05,Thursday,0
TXN10624,2024-05-09,CUST-110,Male,67,Clothing,Formal Trousers,1,52.25,52.25,UPI,East,2024,5,2024-05,Thursday,0
TXN10625,2024-05-10,CUST-450,Female,34,Home & Kitchen,Stainless Steel Cookware Set,2,137.79,275.58,Cash,Central,2024,5,2024-05,Friday,0
TXN10626,2024-05-10,CUST-255,Female,48,Electronics,Wireless Headphones,1,88.19,88.19,Credit Card,Central,2024,5,2024-05,Friday,0
TXN10627,2024-05-10,CUST-591,Female,29,Electronics,Smart Watch,1,191.99,191.99,Credit Card,West,2024,5,2024-05,Friday,0
TXN10628,2024-05-10,CUST-169,Male,40,Beauty,Perfume Spray 100ml,1,78.0,78.0,UPI,North,2024,5,2024-05,Friday,0
TXN10629,2024-05-10,CUST-268,Male,22,Clothing,Denim Jacket,2,63.05,126.1,Debit Card,South,2024,5,2024-05,Friday,0
TXN10630,2024-05-10,CUST-371,Female,60,Home & Kitchen,Drip Coffee Maker,2,83.99,167.98,Credit Card,South,2024,5,2024-05,Friday,0
TXN10631,2024-05-10,CUST-167,Male,53,Electronics,Bluetooth Speaker,1,48.99,48.99,Debit Card,North,2024,5,2024-05,Friday,0
TXN10632,2024-05-10,CUST-454,Female,53,Clothing,Winter Coat,1,133.0,133.0,Credit Card,Central,2024,5,2024-05,Friday,0
TXN10633,2024-05-11,CUST-351,Male,20,Electronics,Wireless Headphones,1,97.19,97.19,UPI,Central,2024,5,2024-05,Saturday,1
TXN10634,2024-05-11,CUST-147,Male,41,Books,Sci-Fi Bestseller Novel,2,16.15,32.3,UPI,South,2024,5,2024-05,Saturday,1
TXN10635,2024-05-11,CUST-283,Male,34,Clothing,Formal Trousers,1,52.25,52.25,UPI,North,2024,5,2024-05,Saturday,1
TXN10636,2024-05-11,CUST-419,Male,56,Clothing,Cotton T-Shirt,1,21.38,21.38,UPI,North,2024,5,2024-05,Saturday,1
TXN10637,2024-05-11,CUST-286,Female,43,Electronics,Bluetooth Speaker,1,53.49,53.49,UPI,South,2024,5,2024-05,Saturday,1
TXN10638,2024-05-12,CUST-189,Male,21,Electronics,Tablet 10-inch,1,290.99,290.99,UPI,North,2024,5,2024-05,Sunday,1
TXN10639,2024-05-12,CUST-545,Female,62,Clothing,Cotton T-Shirt,1,20.93,20.93,Debit Card,East,2024,5,2024-05,Sunday,1
TXN10640,2024-05-12,CUST-431,Male,29,Electronics,Tablet 10-inch,1,323.99,323.99,Credit Card,East,2024,5,2024-05,Sunday,1
TXN10641,2024-05-12,CUST-238,Male,18,Beauty,Hair Dryer Pro,1,76.5,76.5,UPI,Central,2024,5,2024-05,Sunday,1
TXN10642,2024-05-12,CUST-456,Male,38,Clothing,Running Shoes,1,101.2,101.2,Credit Card,North,2024,5,2024-05,Sunday,1
TXN10643,2024-05-12,CUST-188,Female,36,Home & Kitchen,Air Purifier,2,155.99,311.98,Credit Card,South,2024,5,2024-05,Sunday,1
TXN10644,2024-05-13,CUST-373,Male,38,Beauty,Hydrating Skincare Set,1,42.75,42.75,Credit Card,Central,2024,5,2024-05,Monday,0
TXN10645,2024-05-13,CUST-118,Female,35,Clothing,Formal Trousers,2,51.15,102.3,Credit Card,South,2024,5,2024-05,Monday,0
TXN10646,2024-05-13,CUST-570,Female,60,Electronics,Tablet 10-inch,2,317.99,635.98,UPI,North,2024,5,2024-05,Monday,0
TXN10647,2024-05-14,CUST-410,Male,20,Home & Kitchen,Robot Vacuum,2,274.99,549.98,UPI,North,2024,5,2024-05,Tuesday,0
TXN10648,2024-05-14,CUST-457,Female,66,Home & Kitchen,Smoothie Blender,4,56.39,225.56,UPI,West,2024,5,2024-05,Tuesday,0
TXN10649,2024-05-15,CUST-473,Male,61,Electronics,USB-C Hub,1,29.69,29.69,UPI,West,2024,5,2024-05,Wednesday,0
TXN10650,2024-05-15,CUST-565,Female,49,Books,Cookbook 101 Recipes,1,27.23,27.23,Credit Card,Central,2024,5,2024-05,Wednesday,0
TXN10651,2024-05-16,CUST-253,Female,27,Electronics,Tablet 10-inch,2,281.99,563.98,Net Banking,North,2024,5,2024-05,Thursday,0
TXN10652,2024-05-16,CUST-489,Male,57,Electronics,Wireless Headphones,2,93.59,187.18,UPI,West,2024,5,2024-05,Thursday,0
TXN10653,2024-05-16,CUST-359,Male,32,Electronics,Smart Watch,1,213.99,213.99,Debit Card,East,2024,5,2024-05,Thursday,0
TXN10654,2024-05-16,CUST-207,Female,22,Books,Personal Finance Blueprint,1,23.32,23.32,Debit Card,North,2024,5,2024-05,Thursday,0
TXN10655,2024-05-16,CUST-470,Male,21,Beauty,Hair Dryer Pro,2,79.05,158.1,UPI,Central,2024,5,2024-05,Thursday,0
TXN10656,2024-05-17,CUST-384,Female,45,Home & Kitchen,Smoothie Blender,4,54.59,218.36,Net Banking,East,2024,5,2024-05,Friday,0
TXN10657,2024-05-17,CUST-158,Male,21,Electronics,Smart Watch,1,183.99,183.99,UPI,Central,2024,5,2024-05,Friday,0
TXN10658,2024-05-17,CUST-224,Female,32,Clothing,Denim Jacket,4,66.3,265.2,Net Banking,Central,2024,5,2024-05,Friday,0
TXN10659,2024-05-18,CUST-453,Male,34,Clothing,Winter Coat,1,141.4,141.4,UPI,South,2024,5,2024-05,Saturday,1
TXN10660,2024-05-18,CUST-372,Male,61,Home & Kitchen,Air Purifier,1,154.49,154.49,UPI,East,2024,5,2024-05,Saturday,1
TXN10661,2024-05-18,CUST-206,Male,20,Electronics,Bluetooth Speaker,1,54.49,54.49,Credit Card,South,2024,5,2024-05,Saturday,1
TXN10662,2024-05-18,CUST-398,Female,27,Electronics,Smart Watch,1,207.99,207.99,Net Banking,West,2024,5,2024-05,Saturday,1
TXN10663,2024-05-19,CUST-344,Male,64,Electronics,Wireless Headphones,2,89.99,179.98,UPI,East,2024,5,2024-05,Sunday,1
TXN10664,2024-05-19,CUST-435,Male,59,Home & Kitchen,Air Purifier,1,139.49,139.49,Debit Card,West,2024,5,2024-05,Sunday,1
TXN10665,2024-05-20,CUST-549,Male,40,Clothing,Cotton T-Shirt,1,22.05,22.05,Debit Card,North,2024,5,2024-05,Monday,0
TXN10666,2024-05-20,CUST-517,Female,35,Clothing,Formal Trousers,1,51.7,51.7,UPI,East,2024,5,2024-05,Monday,0
TXN10667,2024-05-20,CUST-346,Male,18,Clothing,Cotton T-Shirt,1,22.73,22.73,Credit Card,South,2024,5,2024-05,Monday,0
TXN10668,2024-05-20,CUST-107,Male,52,Books,Sci-Fi Bestseller Novel,1,15.67,15.67,Credit Card,North,2024,5,2024-05,Monday,0
TXN10669,2024-05-20,CUST-240,Female,48,Home & Kitchen,Smoothie Blender,5,65.99,329.95,UPI,West,2024,5,2024-05,Monday,0
TXN10670,2024-05-21,CUST-461,Female,61,Home & Kitchen,Robot Vacuum,1,264.99,264.99,Debit Card,North,2024,5,2024-05,Tuesday,0
TXN10671,2024-05-21,CUST-107,Male,18,Clothing,Running Shoes,3,100.1,300.3,Net Banking,North,2024,5,2024-05,Tuesday,0
TXN10672,2024-05-21,CUST-577,Female,20,Electronics,USB-C Hub,1,28.79,28.79,Debit Card,North,2024,5,2024-05,Tuesday,0
TXN10673,2024-05-21,CUST-451,Other,20,Books,Personal Finance Blueprint,1,20.24,20.24,Cash,South,2024,5,2024-05,Tuesday,0
TXN10674,2024-05-22,CUST-583,Male,54,Clothing,Cotton T-Shirt,1,24.53,24.53,UPI,South,2024,5,2024-05,Wednesday,0
TXN10675,2024-05-22,CUST-594,Male,36,Clothing,Denim Jacket,1,63.05,63.05,UPI,West,2024,5,2024-05,Wednesday,0
TXN10676,2024-05-22,CUST-193,Female,46,Clothing,Denim Jacket,5,70.2,351.0,Net Banking,East,2024,5,2024-05,Wednesday,0
TXN10677,2024-05-22,CUST-420,Female,42,Books,Personal Finance Blueprint,2,20.02,40.04,Net Banking,South,2024,5,2024-05,Wednesday,0
TXN10678,2024-05-22,CUST-526,Male,50,Clothing,Winter Coat,4,138.6,554.4,UPI,South,2024,5,2024-05,Wednesday,0
TXN10679,2024-05-22,CUST-138,Female,53,Beauty,Matte Lipstick Set,3,25.76,77.28,UPI,North,2024,5,2024-05,Wednesday,0
TXN10680,2024-05-22,CUST-180,Male,46,Home & Kitchen,Stainless Steel Cookware Set,2,122.19,244.38,Debit Card,East,2024,5,2024-05,Wednesday,0
TXN10681,2024-05-23,CUST-286,Female,43,Clothing,Formal Trousers,2,56.65,113.3,UPI,South,2024,5,2024-05,Thursday,0
TXN10682,2024-05-23,CUST-183,Female,21,Electronics,Wireless Headphones,2,90.89,181.78,UPI,North,2024,5,2024-05,Thursday,0
TXN10683,2024-05-23,CUST-187,Female,66,Books,Personal Finance Blueprint,2,20.24,40.48,Credit Card,North,2024,5,2024-05,Thursday,0
TXN10684,2024-05-23,CUST-341,Male,31,Books,Mindfulness & Productivity,1,19.08,19.08,Cash,South,2024,5,2024-05,Thursday,0
TXN10685,2024-05-23,CUST-441,Other,67,Home & Kitchen,Drip Coffee Maker,1,86.39,86.39,Debit Card,West,2024,5,2024-05,Thursday,0
TXN10686,2024-05-23,CUST-192,Female,44,Beauty,Matte Lipstick Set,2,28.28,56.56,Debit Card,North,2024,5,2024-05,Thursday,0
TXN10687,2024-05-23,CUST-185,Female,50,Clothing,Winter Coat,1,141.4,141.4,UPI,South,2024,5,2024-05,Thursday,0
TXN10688,2024-05-24,CUST-143,Female,39,Books,Personal Finance Blueprint,1,23.54,23.54,Credit Card,North,2024,5,2024-05,Friday,0
TXN10689,2024-05-24,CUST-236,Male,65,Clothing,Winter Coat,3,149.8,449.4,UPI,Central,2024,5,2024-05,Friday,0
TXN10690,2024-05-24,CUST-520,Female,20,Home & Kitchen,Robot Vacuum,1,262.49,262.49,Cash,West,2024,5,2024-05,Friday,0
TXN10691,2024-05-24,CUST-173,Male,40,Books,Mindfulness & Productivity,2,18.54,37.08,Credit Card,North,2024,5,2024-05,Friday,0
TXN10692,2024-05-24,CUST-135,Female,38,Beauty,Hair Dryer Pro,1,92.65,92.65,Credit Card,North,2024,5,2024-05,Friday,0
TXN10693,2024-05-24,CUST-200,Female,58,Home & Kitchen,Smoothie Blender,2,55.19,110.38,Net Banking,Central,2024,5,2024-05,Friday,0
TXN10694,2024-05-24,CUST-575,Female,40,Home & Kitchen,Drip Coffee Maker,1,87.19,87.19,UPI,North,2024,5,2024-05,Friday,0
TXN10695,2024-05-25,CUST-255,Other,21,Electronics,USB-C Hub,4,32.09,128.36,Cash,Central,2024,5,2024-05,Saturday,1
TXN10696,2024-05-25,CUST-525,Female,38,Beauty,Hydrating Skincare Set,5,49.05,245.25,UPI,South,2024,5,2024-05,Saturday,1
TXN10697,2024-05-25,CUST-354,Female,54,Electronics,Bluetooth Speaker,3,47.99,143.97,UPI,North,2024,5,2024-05,Saturday,1
TXN10698,2024-05-25,CUST-270,Male,60,Beauty,Perfume Spray 100ml,1,79.5,79.5,UPI,East,2024,5,2024-05,Saturday,1
TXN10699,2024-05-25,CUST-568,Male,48,Electronics,Wireless Headphones,1,96.29,96.29,Net Banking,East,2024,5,2024-05,Saturday,1
TXN10700,2024-05-25,CUST-315,Female,38,Clothing,Formal Trousers,4,59.95,239.8,Net Banking,Central,2024,5,2024-05,Saturday,1
TXN10701,2024-05-26,CUST-269,Female,43,Home & Kitchen,Smoothie Blender,3,58.19,174.57,UPI,West,2024,5,2024-05,Sunday,1
TXN10702,2024-05-26,CUST-351,Male,58,Books,Mindfulness & Productivity,3,17.46,52.38,UPI,South,2024,5,2024-05,Sunday,1
TXN10703,2024-05-26,CUST-459,Female,52,Clothing,Winter Coat,2,140.0,280.0,Net Banking,East,2024,5,2024-05,Sunday,1
TXN10704,2024-05-26,CUST-421,Male,55,Beauty,Hydrating Skincare Set,1,45.0,45.0,UPI,West,2024,5,2024-05,Sunday,1
TXN10705,2024-05-26,CUST-154,Male,41,Beauty,Sunscreen SPF 50,1,19.05,19.05,Credit Card,East,2024,5,2024-05,Sunday,1
TXN10706,2024-05-27,CUST-555,Female,28,Books,Personal Finance Blueprint,3,20.46,61.38,Credit Card,South,2024,5,2024-05,Monday,0
TXN10707,2024-05-27,CUST-531,Female,58,Clothing,Winter Coat,2,128.8,257.6,Net Banking,North,2024,5,2024-05,Monday,0
TXN10708,2024-05-27,CUST-190,Female,46,Beauty,Sunscreen SPF 50,1,17.21,17.21,Credit Card,South,2024,5,2024-05,Monday,0
TXN10709,2024-05-27,CUST-377,Male,64,Books,Data Analytics Handbook,1,36.05,36.05,Credit Card,West,2024,5,2024-05,Monday,0
TXN10710,2024-05-27,CUST-200,Female,20,Clothing,Cotton T-Shirt,2,20.48,40.96,Cash,South,2024,5,2024-05,Monday,0
TXN10711,2024-05-27,CUST-254,Female,18,Books,Sci-Fi Bestseller Novel,2,15.03,30.06,UPI,South,2024,5,2024-05,Monday,0
TXN10712,2024-05-28,CUST-476,Male,36,Books,Data Analytics Handbook,1,36.05,36.05,UPI,West,2024,5,2024-05,Tuesday,0
TXN10713,2024-05-28,CUST-448,Other,63,Books,Sci-Fi Bestseller Novel,1,16.79,16.79,UPI,North,2024,5,2024-05,Tuesday,0
TXN10714,2024-05-28,CUST-550,Female,66,Clothing,Formal Trousers,1,52.25,52.25,Cash,East,2024,5,2024-05,Tuesday,0
TXN10715,2024-05-28,CUST-463,Male,39,Clothing,Cotton T-Shirt,1,23.85,23.85,Debit Card,Central,2024,5,2024-05,Tuesday,0
TXN10716,2024-05-28,CUST-240,Female,31,Home & Kitchen,Drip Coffee Maker,4,71.99,287.96,UPI,South,2024,5,2024-05,Tuesday,0
TXN10717,2024-05-28,CUST-272,Female,66,Clothing,Running Shoes,2,105.6,211.2,Debit Card,South,2024,5,2024-05,Tuesday,0
TXN10718,2024-05-28,CUST-109,Female,31,Beauty,Sunscreen SPF 50,2,17.57,35.14,Credit Card,South,2024,5,2024-05,Tuesday,0
TXN10719,2024-05-29,CUST-327,Female,61,Electronics,Smart Watch,2,189.99,379.98,Cash,West,2024,5,2024-05,Wednesday,0
TXN10720,2024-05-30,CUST-364,Female,33,Electronics,USB-C Hub,1,29.69,29.69,UPI,East,2024,5,2024-05,Thursday,0
TXN10721,2024-05-30,CUST-537,Female,50,Clothing,Cotton T-Shirt,2,23.62,47.24,Debit Card,North,2024,5,2024-05,Thursday,0
TXN10722,2024-05-30,CUST-347,Male,30,Beauty,Sunscreen SPF 50,5,19.24,96.2,Credit Card,North,2024,5,2024-05,Thursday,0
TXN10723,2024-05-30,CUST-346,Male,55,Clothing,Denim Jacket,2,61.75,123.5,UPI,West,2024,5,2024-05,Thursday,0
TXN10724,2024-05-31,CUST-254,Male,66,Beauty,Perfume Spray 100ml,1,82.5,82.5,Net Banking,South,2024,5,2024-05,Friday,0
TXN10725,2024-05-31,CUST-133,Female,29,Beauty,Hydrating Skincare Set,2,42.75,85.5,UPI,West,2024,5,2024-05,Friday,0
TXN10726,2024-05-31,CUST-598,Female,55,Beauty,Sunscreen SPF 50,3,16.65,49.95,Credit Card,East,2024,5,2024-05,Friday,0
TXN10727,2024-05-31,CUST-228,Female,56,Beauty,Hydrating Skincare Set,1,44.1,44.1,Debit Card,East,2024,5,2024-05,Friday,0
TXN10728,2024-06-01,CUST-259,Male,50,Clothing,Winter Coat,1,144.2,144.2,Credit Card,Central,2024,6,2024-06,Saturday,1
TXN10729,2024-06-01,CUST-188,Male,50,Clothing,Winter Coat,3,130.2,390.6,UPI,North,2024,6,2024-06,Saturday,1
TXN10730,2024-06-01,CUST-192,Female,46,Electronics,Wireless Headphones,4,85.49,341.96,Cash,North,2024,6,2024-06,Saturday,1
TXN10731,2024-06-01,CUST-426,Female,22,Beauty,Perfume Spray 100ml,1,72.0,72.0,UPI,East,2024,6,2024-06,Saturday,1
TXN10732,2024-06-01,CUST-340,Female,23,Beauty,Sunscreen SPF 50,1,17.76,17.76,Credit Card,North,2024,6,2024-06,Saturday,1
TXN10733,2024-06-02,CUST-422,Female,48,Clothing,Formal Trousers,1,58.85,58.85,Debit Card,East,2024,6,2024-06,Sunday,1
TXN10734,2024-06-02,CUST-567,Female,33,Clothing,Cotton T-Shirt,1,20.48,20.48,Net Banking,Central,2024,6,2024-06,Sunday,1
TXN10735,2024-06-02,CUST-503,Male,48,Home & Kitchen,Air Purifier,4,136.49,545.96,Credit Card,Central,2024,6,2024-06,Sunday,1
TXN10736,2024-06-02,CUST-216,Male,42,Electronics,Bluetooth Speaker,1,46.99,46.99,UPI,East,2024,6,2024-06,Sunday,1
TXN10737,2024-06-02,CUST-193,Female,65,Books,Sci-Fi Bestseller Novel,1,16.63,16.63,Debit Card,Central,2024,6,2024-06,Sunday,1
TXN10738,2024-06-02,CUST-262,Female,63,Electronics,Bluetooth Speaker,3,51.99,155.97,UPI,North,2024,6,2024-06,Sunday,1
TXN10739,2024-06-02,CUST-198,Other,50,Books,Personal Finance Blueprint,1,23.1,23.1,UPI,South,2024,6,2024-06,Sunday,1
TXN10740,2024-06-02,CUST-212,Female,30,Clothing,Formal Trousers,2,60.5,121.0,Net Banking,South,2024,6,2024-06,Sunday,1
TXN10741,2024-06-03,CUST-458,Female,27,Clothing,Formal Trousers,1,56.65,56.65,Credit Card,South,2024,6,2024-06,Monday,0
TXN10742,2024-06-03,CUST-190,Female,41,Clothing,Denim Jacket,3,60.45,181.35,UPI,North,2024,6,2024-06,Monday,0
TXN10743,2024-06-03,CUST-445,Female,27,Electronics,Smart Watch,5,213.99,1069.95,Credit Card,Central,2024,6,2024-06,Monday,0
TXN10744,2024-06-04,CUST-305,Female,58,Clothing,Running Shoes,1,111.1,111.1,UPI,West,2024,6,2024-06,Tuesday,0
TXN10745,2024-06-04,CUST-116,Male,48,Electronics,Tablet 10-inch,3,278.99,836.97,UPI,East,2024,6,2024-06,Tuesday,0
TXN10746,2024-06-04,CUST-373,Female,30,Beauty,Hair Dryer Pro,5,79.05,395.25,UPI,North,2024,6,2024-06,Tuesday,0
TXN10747,2024-06-04,CUST-272,Female,20,Clothing,Winter Coat,5,127.4,637.0,Debit Card,South,2024,6,2024-06,Tuesday,0
TXN10748,2024-06-04,CUST-215,Male,67,Home & Kitchen,Drip Coffee Maker,1,79.19,79.19,Debit Card,Central,2024,6,2024-06,Tuesday,0
TXN10749,2024-06-04,CUST-448,Female,51,Electronics,Tablet 10-inch,1,302.99,302.99,Credit Card,East,2024,6,2024-06,Tuesday,0
TXN10750,2024-06-04,CUST-567,Male,66,Books,Mindfulness & Productivity,1,17.64,17.64,UPI,East,2024,6,2024-06,Tuesday,0
TXN10751,2024-06-05,CUST-280,Male,45,Beauty,Sunscreen SPF 50,1,19.43,19.43,Debit Card,Central,2024,6,2024-06,Wednesday,0
TXN10752,2024-06-05,CUST-190,Female,36,Electronics,Smart Watch,1,201.99,201.99,Credit Card,East,2024,6,2024-06,Wednesday,0
TXN10753,2024-06-05,CUST-181,Male,40,Clothing,Running Shoes,1,111.1,111.1,Credit Card,East,2024,6,2024-06,Wednesday,0
TXN10754,2024-06-05,CUST-423,Female,62,Electronics,Smart Watch,2,181.99,363.98,Net Banking,South,2024,6,2024-06,Wednesday,0
TXN10755,2024-06-05,CUST-548,Other,49,Electronics,Wireless Headphones,1,84.59,84.59,Credit Card,South,2024,6,2024-06,Wednesday,0
TXN10756,2024-06-06,CUST-213,Female,30,Beauty,Hydrating Skincare Set,3,44.1,132.3,Credit Card,East,2024,6,2024-06,Thursday,0
TXN10757,2024-06-06,CUST-356,Other,50,Beauty,Matte Lipstick Set,3,25.76,77.28,Cash,South,2024,6,2024-06,Thursday,0
TXN10758,2024-06-06,CUST-157,Male,51,Books,Data Analytics Handbook,1,36.05,36.05,Credit Card,East,2024,6,2024-06,Thursday,0
TXN10759,2024-06-07,CUST-253,Female,50,Beauty,Hydrating Skincare Set,1,48.15,48.15,Credit Card,South,2024,6,2024-06,Friday,0
TXN10760,2024-06-07,CUST-464,Male,22,Books,Cookbook 101 Recipes,2,27.77,55.54,Credit Card,North,2024,6,2024-06,Friday,0
TXN10761,2024-06-07,CUST-503,Other,20,Books,Sci-Fi Bestseller Novel,1,15.83,15.83,UPI,South,2024,6,2024-06,Friday,0
TXN10762,2024-06-07,CUST-215,Male,24,Home & Kitchen,Air Purifier,1,139.49,139.49,Debit Card,North,2024,6,2024-06,Friday,0
TXN10763,2024-06-07,CUST-442,Female,41,Clothing,Formal Trousers,3,54.45,163.35,Debit Card,Central,2024,6,2024-06,Friday,0
TXN10764,2024-06-07,CUST-365,Male,39,Electronics,USB-C Hub,1,30.89,30.89,UPI,South,2024,6,2024-06,Friday,0
TXN10765,2024-06-08,CUST-414,Female,62,Electronics,Smart Watch,3,183.99,551.97,UPI,East,2024,6,2024-06,Saturday,1
TXN10766,2024-06-08,CUST-302,Female,40,Beauty,Matte Lipstick Set,3,26.04,78.12,Cash,South,2024,6,2024-06,Saturday,1
TXN10767,2024-06-08,CUST-140,Female,47,Clothing,Denim Jacket,1,70.2,70.2,Credit Card,South,2024,6,2024-06,Saturday,1
TXN10768,2024-06-08,CUST-204,Female,35,Electronics,Wireless Headphones,3,86.39,259.17,UPI,South,2024,6,2024-06,Saturday,1
TXN10769,2024-06-08,CUST-488,Male,49,Clothing,Running Shoes,1,111.1,111.1,UPI,Central,2024,6,2024-06,Saturday,1
TXN10770,2024-06-08,CUST-477,Female,24,Electronics,USB-C Hub,3,29.09,87.27,Credit Card,South,2024,6,2024-06,Saturday,1
TXN10771,2024-06-08,CUST-292,Male,50,Home & Kitchen,Drip Coffee Maker,3,72.79,218.37,UPI,West,2024,6,2024-06,Saturday,1
TXN10772,2024-06-09,CUST-500,Female,22,Electronics,Bluetooth Speaker,1,47.49,47.49,UPI,North,2024,6,2024-06,Sunday,1
TXN10773,2024-06-09,CUST-377,Female,66,Beauty,Sunscreen SPF 50,2,17.95,35.9,Debit Card,North,2024,6,2024-06,Sunday,1
TXN10774,2024-06-09,CUST-453,Female,45,Home & Kitchen,Robot Vacuum,2,239.99,479.98,Debit Card,West,2024,6,2024-06,Sunday,1
TXN10775,2024-06-09,CUST-336,Female,25,Electronics,Smart Watch,1,213.99,213.99,UPI,East,2024,6,2024-06,Sunday,1
TXN10776,2024-06-09,CUST-524,Female,32,Beauty,Hair Dryer Pro,5,91.8,459.0,UPI,East,2024,6,2024-06,Sunday,1
TXN10777,2024-06-09,CUST-320,Female,21,Home & Kitchen,Robot Vacuum,1,267.49,267.49,Credit Card,South,2024,6,2024-06,Sunday,1
TXN10778,2024-06-09,CUST-167,Male,51,Clothing,Winter Coat,1,151.2,151.2,UPI,North,2024,6,2024-06,Sunday,1
TXN10779,2024-06-09,CUST-296,Female,22,Electronics,USB-C Hub,1,28.49,28.49,UPI,South,2024,6,2024-06,Sunday,1
TXN10780,2024-06-09,CUST-355,Female,50,Clothing,Denim Jacket,2,59.15,118.3,UPI,Central,2024,6,2024-06,Sunday,1
TXN10781,2024-06-09,CUST-238,Female,22,Beauty,Hydrating Skincare Set,3,47.7,143.1,UPI,North,2024,6,2024-06,Sunday,1
TXN10782,2024-06-10,CUST-411,Male,55,Beauty,Perfume Spray 100ml,2,75.75,151.5,UPI,Central,2024,6,2024-06,Monday,0
TXN10783,2024-06-10,CUST-534,Male,51,Electronics,Bluetooth Speaker,2,50.49,100.98,Cash,South,2024,6,2024-06,Monday,0
TXN10784,2024-06-10,CUST-248,Female,43,Clothing,Cotton T-Shirt,2,21.15,42.3,UPI,East,2024,6,2024-06,Monday,0
TXN10785,2024-06-10,CUST-198,Female,18,Clothing,Formal Trousers,1,55.0,55.0,UPI,North,2024,6,2024-06,Monday,0
TXN10786,2024-06-10,CUST-175,Female,21,Home & Kitchen,Drip Coffee Maker,1,75.99,75.99,UPI,South,2024,6,2024-06,Monday,0
TXN10787,2024-06-10,CUST-381,Male,56,Clothing,Running Shoes,1,117.7,117.7,Credit Card,North,2024,6,2024-06,Monday,0
TXN10788,2024-06-11,CUST-470,Female,43,Home & Kitchen,Smoothie Blender,1,53.99,53.99,Debit Card,North,2024,6,2024-06,Tuesday,0
TXN10789,2024-06-11,CUST-502,Female,50,Clothing,Denim Jacket,1,67.6,67.6,Credit Card,Central,2024,6,2024-06,Tuesday,0
TXN10790,2024-06-11,CUST-208,Female,50,Home & Kitchen,Robot Vacuum,4,274.99,1099.96,Debit Card,West,2024,6,2024-06,Tuesday,0
TXN10791,2024-06-11,CUST-287,Female,25,Beauty,Sunscreen SPF 50,5,17.76,88.8,UPI,West,2024,6,2024-06,Tuesday,0
TXN10792,2024-06-11,CUST-298,Female,37,Beauty,Sunscreen SPF 50,1,18.5,18.5,Net Banking,North,2024,6,2024-06,Tuesday,0
TXN10793,2024-06-12,CUST-402,Male,33,Clothing,Winter Coat,1,135.8,135.8,UPI,Central,2024,6,2024-06,Wednesday,0
TXN10794,2024-06-12,CUST-426,Female,38,Home & Kitchen,Drip Coffee Maker,1,72.79,72.79,UPI,South,2024,6,2024-06,Wednesday,0
TXN10795,2024-06-12,CUST-253,Male,62,Clothing,Winter Coat,3,144.2,432.6,UPI,Central,2024,6,2024-06,Wednesday,0
TXN10796,2024-06-13,CUST-139,Female,43,Clothing,Cotton T-Shirt,1,23.85,23.85,UPI,North,2024,6,2024-06,Thursday,0
TXN10797,2024-06-13,CUST-232,Female,40,Beauty,Hair Dryer Pro,2,86.7,173.4,Credit Card,South,2024,6,2024-06,Thursday,0
TXN10798,2024-06-13,CUST-504,Male,35,Home & Kitchen,Drip Coffee Maker,1,75.99,75.99,Credit Card,Central,2024,6,2024-06,Thursday,0
TXN10799,2024-06-13,CUST-561,Female,48,Beauty,Hydrating Skincare Set,2,45.9,91.8,Debit Card,South,2024,6,2024-06,Thursday,0
TXN10800,2024-06-13,CUST-231,Male,59,Clothing,Cotton T-Shirt,1,22.73,22.73,UPI,Central,2024,6,2024-06,Thursday,0
TXN10801,2024-06-13,CUST-378,Male,29,Beauty,Hydrating Skincare Set,1,42.3,42.3,Credit Card,South,2024,6,2024-06,Thursday,0
TXN10802,2024-06-13,CUST-461,Female,18,Beauty,Hair Dryer Pro,1,92.65,92.65,UPI,East,2024,6,2024-06,Thursday,0
TXN10803,2024-06-14,CUST-183,Male,59,Books,Data Analytics Handbook,1,32.2,32.2,Credit Card,Central,2024,6,2024-06,Friday,0
TXN10804,2024-06-14,CUST-498,Female,26,Home & Kitchen,Drip Coffee Maker,3,82.39,247.17,UPI,East,2024,6,2024-06,Friday,0
TXN10805,2024-06-14,CUST-341,Male,20,Beauty,Matte Lipstick Set,1,27.72,27.72,UPI,West,2024,6,2024-06,Friday,0
TXN10806,2024-06-15,CUST-215,Female,43,Clothing,Formal Trousers,1,53.35,53.35,Credit Card,North,2024,6,2024-06,Saturday,1
TXN10807,2024-06-15,CUST-208,Male,26,Home & Kitchen,Robot Vacuum,4,254.99,1019.96,Debit Card,North,2024,6,2024-06,Saturday,1
TXN10808,2024-06-15,CUST-320,Female,59,Beauty,Matte Lipstick Set,1,28.84,28.84,Credit Card,North,2024,6,2024-06,Saturday,1
TXN10809,2024-06-15,CUST-491,Female,33,Books,Mindfulness & Productivity,1,18.9,18.9,UPI,South,2024,6,2024-06,Saturday,1
TXN10810,2024-06-15,CUST-140,Male,41,Electronics,Wireless Headphones,3,98.09,294.27,UPI,West,2024,6,2024-06,Saturday,1
TXN10811,2024-06-16,CUST-467,Male,67,Electronics,Tablet 10-inch,2,281.99,563.98,UPI,South,2024,6,2024-06,Sunday,1
TXN10812,2024-06-16,CUST-246,Male,31,Electronics,Smart Watch,1,209.99,209.99,Credit Card,East,2024,6,2024-06,Sunday,1
TXN10813,2024-06-16,CUST-211,Male,20,Beauty,Hydrating Skincare Set,2,40.5,81.0,Credit Card,West,2024,6,2024-06,Sunday,1
TXN10814,2024-06-16,CUST-202,Male,51,Books,Cookbook 101 Recipes,2,26.68,53.36,UPI,North,2024,6,2024-06,Sunday,1
TXN10815,2024-06-16,CUST-145,Female,50,Electronics,Wireless Headphones,1,85.49,85.49,UPI,Central,2024,6,2024-06,Sunday,1
TXN10816,2024-06-16,CUST-511,Female,67,Home & Kitchen,Smoothie Blender,2,62.39,124.78,Credit Card,Central,2024,6,2024-06,Sunday,1
TXN10817,2024-06-17,CUST-593,Female,41,Beauty,Hydrating Skincare Set,2,48.6,97.2,UPI,North,2024,6,2024-06,Monday,0
TXN10818,2024-06-18,CUST-574,Female,26,Home & Kitchen,Air Purifier,4,145.49,581.96,UPI,North,2024,6,2024-06,Tuesday,0
TXN10819,2024-06-18,CUST-423,Female,30,Clothing,Formal Trousers,4,50.6,202.4,Credit Card,North,2024,6,2024-06,Tuesday,0
TXN10820,2024-06-18,CUST-477,Male,19,Home & Kitchen,Air Purifier,1,136.49,136.49,UPI,West,2024,6,2024-06,Tuesday,0
TXN10821,2024-06-18,CUST-370,Female,24,Electronics,Wireless Headphones,2,84.59,169.18,Net Banking,North,2024,6,2024-06,Tuesday,0
TXN10822,2024-06-18,CUST-582,Male,65,Home & Kitchen,Robot Vacuum,1,247.49,247.49,Debit Card,West,2024,6,2024-06,Tuesday,0
TXN10823,2024-06-19,CUST-520,Female,38,Clothing,Winter Coat,1,140.0,140.0,UPI,South,2024,6,2024-06,Wednesday,0
TXN10824,2024-06-19,CUST-484,Female,36,Clothing,Winter Coat,1,151.2,151.2,UPI,West,2024,6,2024-06,Wednesday,0
TXN10825,2024-06-20,CUST-294,Female,42,Home & Kitchen,Stainless Steel Cookware Set,2,124.79,249.58,UPI,West,2024,6,2024-06,Thursday,0
TXN10826,2024-06-20,CUST-466,Male,64,Clothing,Winter Coat,2,131.6,263.2,Credit Card,Central,2024,6,2024-06,Thursday,0
TXN10827,2024-06-20,CUST-379,Male,39,Electronics,Smart Watch,1,191.99,191.99,Net Banking,South,2024,6,2024-06,Thursday,0
TXN10828,2024-06-20,CUST-382,Male,28,Beauty,Sunscreen SPF 50,3,19.8,59.4,UPI,North,2024,6,2024-06,Thursday,0
TXN10829,2024-06-20,CUST-139,Female,50,Beauty,Hair Dryer Pro,2,89.25,178.5,Net Banking,North,2024,6,2024-06,Thursday,0
TXN10830,2024-06-20,CUST-546,Male,49,Beauty,Perfume Spray 100ml,2,78.75,157.5,Credit Card,South,2024,6,2024-06,Thursday,0
TXN10831,2024-06-20,CUST-288,Female,38,Clothing,Denim Jacket,1,65.65,65.65,Net Banking,South,2024,6,2024-06,Thursday,0
TXN10832,2024-06-21,CUST-263,Female,56,Electronics,Wireless Headphones,2,97.19,194.38,Debit Card,Central,2024,6,2024-06,Friday,0
TXN10833,2024-06-21,CUST-581,Female,37,Clothing,Winter Coat,3,137.2,411.6,Debit Card,West,2024,6,2024-06,Friday,0
TXN10834,2024-06-21,CUST-576,Female,25,Electronics,Wireless Headphones,1,88.19,88.19,Credit Card,North,2024,6,2024-06,Friday,0
TXN10835,2024-06-21,CUST-123,Female,59,Books,Sci-Fi Bestseller Novel,1,15.35,15.35,Debit Card,West,2024,6,2024-06,Friday,0
TXN10836,2024-06-21,CUST-123,Male,54,Electronics,Wireless Headphones,5,88.19,440.95,UPI,North,2024,6,2024-06,Friday,0
TXN10837,2024-06-21,CUST-589,Male,26,Clothing,Cotton T-Shirt,2,23.62,47.24,Net Banking,North,2024,6,2024-06,Friday,0
TXN10838,2024-06-21,CUST-103,Female,42,Electronics,Bluetooth Speaker,1,48.99,48.99,Credit Card,West,2024,6,2024-06,Friday,0
TXN10839,2024-06-22,CUST-422,Female,42,Electronics,USB-C Hub,1,31.79,31.79,Credit Card,Central,2024,6,2024-06,Saturday,1
TXN10840,2024-06-22,CUST-389,Female,50,Beauty,Matte Lipstick Set,2,29.68,59.36,Cash,North,2024,6,2024-06,Saturday,1
TXN10841,2024-06-22,CUST-540,Female,19,Beauty,Perfume Spray 100ml,1,79.5,79.5,Net Banking,West,2024,6,2024-06,Saturday,1
TXN10842,2024-06-23,CUST-532,Male,36,Electronics,Tablet 10-inch,1,284.99,284.99,Debit Card,Central,2024,6,2024-06,Sunday,1
TXN10843,2024-06-23,CUST-570,Female,63,Electronics,Bluetooth Speaker,1,46.49,46.49,UPI,North,2024,6,2024-06,Sunday,1
TXN10844,2024-06-24,CUST-280,Male,37,Electronics,Smart Watch,1,213.99,213.99,Cash,South,2024,6,2024-06,Monday,0
TXN10845,2024-06-24,CUST-347,Female,59,Home & Kitchen,Stainless Steel Cookware Set,2,119.59,239.18,Debit Card,West,2024,6,2024-06,Monday,0
TXN10846,2024-06-24,CUST-215,Other,58,Beauty,Perfume Spray 100ml,5,72.0,360.0,Credit Card,West,2024,6,2024-06,Monday,0
TXN10847,2024-06-25,CUST-378,Female,59,Electronics,Bluetooth Speaker,1,45.49,45.49,Net Banking,South,2024,6,2024-06,Tuesday,0
TXN10848,2024-06-25,CUST-464,Male,46,Clothing,Running Shoes,2,115.5,231.0,UPI,North,2024,6,2024-06,Tuesday,0
TXN10849,2024-06-25,CUST-168,Female,23,Home & Kitchen,Robot Vacuum,1,257.49,257.49,UPI,East,2024,6,2024-06,Tuesday,0
TXN10850,2024-06-25,CUST-450,Male,34,Home & Kitchen,Smoothie Blender,1,56.39,56.39,Credit Card,West,2024,6,2024-06,Tuesday,0
TXN10851,2024-06-26,CUST-353,Female,42,Books,Cookbook 101 Recipes,5,29.43,147.15,UPI,East,2024,6,2024-06,Wednesday,0
TXN10852,2024-06-26,CUST-280,Female,55,Clothing,Denim Jacket,1,62.4,62.4,Credit Card,North,2024,6,2024-06,Wednesday,0
TXN10853,2024-06-26,CUST-417,Male,21,Electronics,Bluetooth Speaker,1,50.99,50.99,UPI,West,2024,6,2024-06,Wednesday,0
TXN10854,2024-06-26,CUST-268,Male,47,Electronics,Tablet 10-inch,1,293.99,293.99,UPI,East,2024,6,2024-06,Wednesday,0
TXN10855,2024-06-26,CUST-412,Male,37,Home & Kitchen,Drip Coffee Maker,2,79.19,158.38,Credit Card,Central,2024,6,2024-06,Wednesday,0
TXN10856,2024-06-27,CUST-348,Male,20,Books,Mindfulness & Productivity,1,16.92,16.92,Credit Card,Central,2024,6,2024-06,Thursday,0
TXN10857,2024-06-27,CUST-287,Male,40,Clothing,Formal Trousers,1,57.2,57.2,UPI,West,2024,6,2024-06,Thursday,0
TXN10858,2024-06-27,CUST-153,Female,35,Clothing,Cotton T-Shirt,3,24.08,72.24,UPI,Central,2024,6,2024-06,Thursday,0
TXN10859,2024-06-28,CUST-425,Female,43,Clothing,Running Shoes,1,112.2,112.2,Credit Card,Central,2024,6,2024-06,Friday,0
TXN10860,2024-06-28,CUST-456,Female,53,Clothing,Running Shoes,1,116.6,116.6,Debit Card,East,2024,6,2024-06,Friday,0
TXN10861,2024-06-28,CUST-412,Male,25,Clothing,Formal Trousers,1,51.7,51.7,Net Banking,West,2024,6,2024-06,Friday,0
TXN10862,2024-06-29,CUST-237,Female,34,Beauty,Sunscreen SPF 50,1,17.57,17.57,UPI,East,2024,6,2024-06,Saturday,1
TXN10863,2024-06-30,CUST-267,Female,48,Electronics,Bluetooth Speaker,1,54.49,54.49,Credit Card,East,2024,6,2024-06,Sunday,1
TXN10864,2024-06-30,CUST-490,Male,54,Clothing,Winter Coat,2,144.2,288.4,UPI,North,2024,6,2024-06,Sunday,1
TXN10865,2024-06-30,CUST-202,Male,62,Beauty,Hydrating Skincare Set,2,44.55,89.1,UPI,South,2024,6,2024-06,Sunday,1
TXN10866,2024-06-30,CUST-521,Female,50,Electronics,Wireless Headphones,1,81.89,81.89,Net Banking,North,2024,6,2024-06,Sunday,1
TXN10867,2024-06-30,CUST-184,Female,44,Electronics,Wireless Headphones,1,98.09,98.09,UPI,South,2024,6,2024-06,Sunday,1
TXN10868,2024-06-30,CUST-416,Female,62,Clothing,Cotton T-Shirt,1,23.85,23.85,UPI,North,2024,6,2024-06,Sunday,1
TXN10869,2024-07-01,CUST-311,Female,21,Home & Kitchen,Stainless Steel Cookware Set,1,123.49,123.49,UPI,Central,2024,7,2024-07,Monday,0
TXN10870,2024-07-01,CUST-102,Female,39,Home & Kitchen,Smoothie Blender,1,55.79,55.79,Cash,South,2024,7,2024-07,Monday,0
TXN10871,2024-07-01,CUST-483,Male,43,Electronics,Tablet 10-inch,1,308.99,308.99,Credit Card,North,2024,7,2024-07,Monday,0
TXN10872,2024-07-01,CUST-278,Male,49,Beauty,Hair Dryer Pro,1,87.55,87.55,Credit Card,East,2024,7,2024-07,Monday,0
TXN10873,2024-07-01,CUST-441,Male,41,Clothing,Running Shoes,2,114.4,228.8,Credit Card,North,2024,7,2024-07,Monday,0
TXN10874,2024-07-01,CUST-402,Female,63,Beauty,Perfume Spray 100ml,1,70.5,70.5,UPI,West,2024,7,2024-07,Monday,0
TXN10875,2024-07-01,CUST-551,Male,52,Home & Kitchen,Air Purifier,1,163.49,163.49,Debit Card,South,2024,7,2024-07,Monday,0
TXN10876,2024-07-01,CUST-575,Female,54,Home & Kitchen,Robot Vacuum,1,232.49,232.49,UPI,South,2024,7,2024-07,Monday,0
TXN10877,2024-07-02,CUST-431,Female,49,Clothing,Denim Jacket,1,65.65,65.65,Credit Card,Central,2024,7,2024-07,Tuesday,0
TXN10878,2024-07-02,CUST-137,Male,24,Books,Sci-Fi Bestseller Novel,2,17.43,34.86,Credit Card,East,2024,7,2024-07,Tuesday,0
TXN10879,2024-07-02,CUST-598,Female,50,Books,Data Analytics Handbook,1,33.25,33.25,UPI,Central,2024,7,2024-07,Tuesday,0
TXN10880,2024-07-03,CUST-519,Female,48,Books,Cookbook 101 Recipes,1,26.95,26.95,UPI,South,2024,7,2024-07,Wednesday,0
TXN10881,2024-07-04,CUST-338,Male,29,Beauty,Sunscreen SPF 50,1,20.35,20.35,Credit Card,South,2024,7,2024-07,Thursday,0
TXN10882,2024-07-04,CUST-268,Female,28,Clothing,Cotton T-Shirt,1,23.18,23.18,UPI,East,2024,7,2024-07,Thursday,0
TXN10883,2024-07-04,CUST-552,Male,41,Clothing,Formal Trousers,2,50.6,101.2,UPI,North,2024,7,2024-07,Thursday,0
TXN10884,2024-07-05,CUST-496,Female,25,Electronics,Tablet 10-inch,5,287.99,1439.95,UPI,North,2024,7,2024-07,Friday,0
TXN10885,2024-07-05,CUST-442,Male,49,Electronics,Tablet 10-inch,1,287.99,287.99,Debit Card,North,2024,7,2024-07,Friday,0
TXN10886,2024-07-05,CUST-413,Female,55,Home & Kitchen,Robot Vacuum,2,244.99,489.98,Net Banking,West,2024,7,2024-07,Friday,0
TXN10887,2024-07-06,CUST-405,Female,39,Beauty,Hydrating Skincare Set,1,44.1,44.1,Debit Card,West,2024,7,2024-07,Saturday,1
TXN10888,2024-07-06,CUST-129,Male,51,Books,Sci-Fi Bestseller Novel,1,17.59,17.59,Credit Card,North,2024,7,2024-07,Saturday,1
TXN10889,2024-07-06,CUST-289,Female,36,Electronics,USB-C Hub,1,32.09,32.09,Credit Card,South,2024,7,2024-07,Saturday,1
TXN10890,2024-07-06,CUST-456,Female,37,Electronics,Bluetooth Speaker,3,52.99,158.97,UPI,Central,2024,7,2024-07,Saturday,1
TXN10891,2024-07-06,CUST-124,Female,31,Home & Kitchen,Drip Coffee Maker,1,72.79,72.79,UPI,North,2024,7,2024-07,Saturday,1
TXN10892,2024-07-06,CUST-211,Female,50,Clothing,Cotton T-Shirt,5,20.48,102.4,Debit Card,East,2024,7,2024-07,Saturday,1
TXN10893,2024-07-07,CUST-510,Female,27,Electronics,Bluetooth Speaker,1,53.99,53.99,Debit Card,East,2024,7,2024-07,Sunday,1
TXN10894,2024-07-08,CUST-534,Female,33,Books,Sci-Fi Bestseller Novel,1,16.63,16.63,Debit Card,West,2024,7,2024-07,Monday,0
TXN10895,2024-07-08,CUST-305,Male,21,Home & Kitchen,Robot Vacuum,2,232.49,464.98,Credit Card,South,2024,7,2024-07,Monday,0
TXN10896,2024-07-08,CUST-284,Female,44,Clothing,Denim Jacket,4,69.55,278.2,Net Banking,Central,2024,7,2024-07,Monday,0
TXN10897,2024-07-08,CUST-481,Female,45,Home & Kitchen,Stainless Steel Cookware Set,3,126.09,378.27,Net Banking,South,2024,7,2024-07,Monday,0
TXN10898,2024-07-08,CUST-595,Female,60,Beauty,Hair Dryer Pro,2,85.85,171.7,UPI,South,2024,7,2024-07,Monday,0
TXN10899,2024-07-08,CUST-478,Female,33,Home & Kitchen,Drip Coffee Maker,1,83.99,83.99,UPI,South,2024,7,2024-07,Monday,0
TXN10900,2024-07-08,CUST-146,Male,50,Home & Kitchen,Smoothie Blender,1,54.59,54.59,Credit Card,South,2024,7,2024-07,Monday,0
TXN10901,2024-07-08,CUST-473,Female,65,Electronics,USB-C Hub,1,28.19,28.19,UPI,North,2024,7,2024-07,Monday,0
TXN10902,2024-07-08,CUST-327,Other,36,Beauty,Hair Dryer Pro,1,86.7,86.7,Net Banking,Central,2024,7,2024-07,Monday,0
TXN10903,2024-07-09,CUST-138,Female,38,Electronics,Tablet 10-inch,4,299.99,1199.96,UPI,North,2024,7,2024-07,Tuesday,0
TXN10904,2024-07-09,CUST-115,Male,39,Electronics,Tablet 10-inch,2,305.99,611.98,Credit Card,Central,2024,7,2024-07,Tuesday,0
TXN10905,2024-07-09,CUST-121,Male,26,Books,Mindfulness & Productivity,3,18.18,54.54,Credit Card,South,2024,7,2024-07,Tuesday,0
TXN10906,2024-07-09,CUST-312,Male,26,Beauty,Sunscreen SPF 50,1,19.61,19.61,Credit Card,South,2024,7,2024-07,Tuesday,0
TXN10907,2024-07-09,CUST-409,Male,26,Home & Kitchen,Smoothie Blender,2,56.99,113.98,UPI,North,2024,7,2024-07,Tuesday,0
TXN10908,2024-07-10,CUST-248,Male,44,Home & Kitchen,Air Purifier,3,163.49,490.47,Cash,East,2024,7,2024-07,Wednesday,0
TXN10909,2024-07-10,CUST-555,Female,34,Books,Cookbook 101 Recipes,1,25.58,25.58,UPI,East,2024,7,2024-07,Wednesday,0
TXN10910,2024-07-10,CUST-340,Female,61,Home & Kitchen,Stainless Steel Cookware Set,1,132.59,132.59,Debit Card,Central,2024,7,2024-07,Wednesday,0
TXN10911,2024-07-10,CUST-371,Male,62,Clothing,Running Shoes,2,111.1,222.2,Debit Card,East,2024,7,2024-07,Wednesday,0
TXN10912,2024-07-10,CUST-158,Female,25,Clothing,Formal Trousers,2,58.3,116.6,UPI,South,2024,7,2024-07,Wednesday,0
TXN10913,2024-07-10,CUST-386,Female,33,Electronics,Bluetooth Speaker,5,45.99,229.95,Net Banking,North,2024,7,2024-07,Wednesday,0
TXN10914,2024-07-11,CUST-525,Male,35,Clothing,Cotton T-Shirt,1,24.53,24.53,Credit Card,Central,2024,7,2024-07,Thursday,0
TXN10915,2024-07-11,CUST-301,Female,50,Clothing,Formal Trousers,1,51.15,51.15,Credit Card,Central,2024,7,2024-07,Thursday,0
TXN10916,2024-07-12,CUST-131,Male,18,Beauty,Matte Lipstick Set,1,29.4,29.4,Credit Card,South,2024,7,2024-07,Friday,0
TXN10917,2024-07-12,CUST-542,Male,29,Beauty,Matte Lipstick Set,1,27.16,27.16,Credit Card,North,2024,7,2024-07,Friday,0
TXN10918,2024-07-12,CUST-261,Male,23,Books,Cookbook 101 Recipes,2,29.98,59.96,UPI,West,2024,7,2024-07,Friday,0
TXN10919,2024-07-12,CUST-354,Male,58,Home & Kitchen,Smoothie Blender,1,55.79,55.79,Debit Card,West,2024,7,2024-07,Friday,0
TXN10920,2024-07-12,CUST-353,Female,22,Beauty,Sunscreen SPF 50,4,17.57,70.28,Credit Card,East,2024,7,2024-07,Friday,0
TXN10921,2024-07-13,CUST-108,Female,33,Clothing,Formal Trousers,3,58.3,174.9,UPI,South,2024,7,2024-07,Saturday,1
TXN10922,2024-07-13,CUST-564,Female,35,Electronics,Tablet 10-inch,1,323.99,323.99,Debit Card,Central,2024,7,2024-07,Saturday,1
TXN10923,2024-07-13,CUST-238,Female,66,Clothing,Denim Jacket,1,64.35,64.35,Debit Card,North,2024,7,2024-07,Saturday,1
TXN10924,2024-07-13,CUST-579,Male,35,Home & Kitchen,Stainless Steel Cookware Set,1,132.59,132.59,Credit Card,South,2024,7,2024-07,Saturday,1
TXN10925,2024-07-13,CUST-109,Male,18,Electronics,USB-C Hub,2,27.29,54.58,UPI,North,2024,7,2024-07,Saturday,1
TXN10926,2024-07-14,CUST-313,Female,36,Home & Kitchen,Stainless Steel Cookware Set,1,133.89,133.89,UPI,North,2024,7,2024-07,Sunday,1
TXN10927,2024-07-14,CUST-372,Female,25,Beauty,Hydrating Skincare Set,1,42.3,42.3,UPI,Central,2024,7,2024-07,Sunday,1
TXN10928,2024-07-14,CUST-423,Other,20,Electronics,Wireless Headphones,1,97.19,97.19,Credit Card,East,2024,7,2024-07,Sunday,1
TXN10929,2024-07-14,CUST-147,Female,42,Clothing,Running Shoes,2,99.0,198.0,Net Banking,West,2024,7,2024-07,Sunday,1
TXN10930,2024-07-14,CUST-535,Female,22,Clothing,Winter Coat,1,137.2,137.2,UPI,South,2024,7,2024-07,Sunday,1
TXN10931,2024-07-14,CUST-210,Female,57,Clothing,Running Shoes,2,104.5,209.0,UPI,West,2024,7,2024-07,Sunday,1
TXN10932,2024-07-14,CUST-252,Male,36,Home & Kitchen,Stainless Steel Cookware Set,4,127.39,509.56,Debit Card,East,2024,7,2024-07,Sunday,1
TXN10933,2024-07-14,CUST-222,Male,35,Home & Kitchen,Robot Vacuum,1,262.49,262.49,UPI,North,2024,7,2024-07,Sunday,1
TXN10934,2024-07-16,CUST-504,Male,67,Beauty,Matte Lipstick Set,1,26.04,26.04,UPI,Central,2024,7,2024-07,Tuesday,0
TXN10935,2024-07-16,CUST-456,Male,48,Home & Kitchen,Air Purifier,1,151.49,151.49,Credit Card,North,2024,7,2024-07,Tuesday,0
TXN10936,2024-07-16,CUST-201,Female,50,Beauty,Hydrating Skincare Set,1,41.4,41.4,Debit Card,South,2024,7,2024-07,Tuesday,0
TXN10937,2024-07-16,CUST-340,Female,64,Books,Data Analytics Handbook,1,33.95,33.95,Debit Card,South,2024,7,2024-07,Tuesday,0
TXN10938,2024-07-16,CUST-420,Male,35,Electronics,Tablet 10-inch,1,272.99,272.99,Debit Card,North,2024,7,2024-07,Tuesday,0
TXN10939,2024-07-17,CUST-290,Female,56,Home & Kitchen,Smoothie Blender,3,55.79,167.37,UPI,North,2024,7,2024-07,Wednesday,0
TXN10940,2024-07-17,CUST-316,Male,33,Clothing,Cotton T-Shirt,2,24.08,48.16,Net Banking,West,2024,7,2024-07,Wednesday,0
TXN10941,2024-07-18,CUST-150,Male,33,Clothing,Cotton T-Shirt,1,22.27,22.27,UPI,South,2024,7,2024-07,Thursday,0
TXN10942,2024-07-18,CUST-391,Male,64,Electronics,Smart Watch,1,203.99,203.99,UPI,South,2024,7,2024-07,Thursday,0
TXN10943,2024-07-18,CUST-180,Male,55,Beauty,Perfume Spray 100ml,2,82.5,165.0,UPI,East,2024,7,2024-07,Thursday,0
TXN10944,2024-07-19,CUST-588,Male,58,Electronics,Wireless Headphones,1,82.79,82.79,UPI,South,2024,7,2024-07,Friday,0
TXN10945,2024-07-19,CUST-482,Male,24,Electronics,USB-C Hub,1,32.69,32.69,UPI,West,2024,7,2024-07,Friday,0
TXN10946,2024-07-19,CUST-187,Female,31,Books,Cookbook 101 Recipes,1,29.43,29.43,Credit Card,Central,2024,7,2024-07,Friday,0
TXN10947,2024-07-19,CUST-293,Female,60,Home & Kitchen,Drip Coffee Maker,3,75.99,227.97,Credit Card,North,2024,7,2024-07,Friday,0
TXN10948,2024-07-19,CUST-203,Female,65,Home & Kitchen,Robot Vacuum,1,259.99,259.99,UPI,East,2024,7,2024-07,Friday,0
TXN10949,2024-07-19,CUST-370,Male,42,Home & Kitchen,Robot Vacuum,2,229.99,459.98,Debit Card,South,2024,7,2024-07,Friday,0
TXN10950,2024-07-19,CUST-195,Female,49,Books,Personal Finance Blueprint,1,21.56,21.56,Debit Card,East,2024,7,2024-07,Friday,0
TXN10951,2024-07-19,CUST-522,Male,55,Beauty,Perfume Spray 100ml,2,76.5,153.0,UPI,South,2024,7,2024-07,Friday,0
TXN10952,2024-07-20,CUST-478,Female,39,Electronics,Smart Watch,2,193.99,387.98,UPI,South,2024,7,2024-07,Saturday,1
TXN10953,2024-07-20,CUST-297,Male,33,Home & Kitchen,Stainless Steel Cookware Set,3,129.99,389.97,UPI,North,2024,7,2024-07,Saturday,1
TXN10954,2024-07-20,CUST-100,Female,46,Home & Kitchen,Air Purifier,1,139.49,139.49,UPI,East,2024,7,2024-07,Saturday,1
TXN10955,2024-07-20,CUST-594,Male,33,Clothing,Winter Coat,1,126.0,126.0,Debit Card,North,2024,7,2024-07,Saturday,1
TXN10956,2024-07-20,CUST-506,Male,29,Clothing,Winter Coat,1,142.8,142.8,UPI,North,2024,7,2024-07,Saturday,1
TXN10957,2024-07-20,CUST-477,Female,34,Clothing,Formal Trousers,1,55.55,55.55,UPI,Central,2024,7,2024-07,Saturday,1
TXN10958,2024-07-21,CUST-266,Female,54,Books,Cookbook 101 Recipes,1,26.95,26.95,UPI,South,2024,7,2024-07,Sunday,1
TXN10959,2024-07-21,CUST-225,Male,44,Clothing,Running Shoes,3,117.7,353.1,Debit Card,East,2024,7,2024-07,Sunday,1
TXN10960,2024-07-21,CUST-412,Female,42,Books,Data Analytics Handbook,1,32.9,32.9,UPI,South,2024,7,2024-07,Sunday,1
TXN10961,2024-07-21,CUST-180,Female,30,Books,Cookbook 101 Recipes,2,28.6,57.2,Credit Card,Central,2024,7,2024-07,Sunday,1
TXN10962,2024-07-21,CUST-517,Other,25,Beauty,Matte Lipstick Set,1,28.0,28.0,UPI,South,2024,7,2024-07,Sunday,1
TXN10963,2024-07-22,CUST-350,Male,22,Beauty,Perfume Spray 100ml,1,74.25,74.25,Debit Card,South,2024,7,2024-07,Monday,0
TXN10964,2024-07-22,CUST-268,Male,29,Clothing,Denim Jacket,1,70.2,70.2,Net Banking,East,2024,7,2024-07,Monday,0
TXN10965,2024-07-22,CUST-576,Female,58,Electronics,USB-C Hub,1,27.89,27.89,Credit Card,Central,2024,7,2024-07,Monday,0
TXN10966,2024-07-23,CUST-172,Female,20,Electronics,Wireless Headphones,1,82.79,82.79,Debit Card,West,2024,7,2024-07,Tuesday,0
TXN10967,2024-07-23,CUST-240,Male,52,Home & Kitchen,Smoothie Blender,2,63.59,127.18,Debit Card,South,2024,7,2024-07,Tuesday,0
TXN10968,2024-07-24,CUST-169,Male,50,Clothing,Cotton T-Shirt,1,21.82,21.82,Debit Card,West,2024,7,2024-07,Wednesday,0
TXN10969,2024-07-24,CUST-361,Male,39,Electronics,USB-C Hub,2,27.29,54.58,Debit Card,West,2024,7,2024-07,Wednesday,0
TXN10970,2024-07-24,CUST-439,Female,67,Clothing,Running Shoes,2,105.6,211.2,UPI,Central,2024,7,2024-07,Wednesday,0
TXN10971,2024-07-24,CUST-407,Female,61,Books,Personal Finance Blueprint,1,22.88,22.88,Credit Card,Central,2024,7,2024-07,Wednesday,0
TXN10972,2024-07-25,CUST-344,Female,26,Clothing,Cotton T-Shirt,2,24.08,48.16,Cash,East,2024,7,2024-07,Thursday,0
TXN10973,2024-07-25,CUST-102,Female,58,Books,Sci-Fi Bestseller Novel,1,15.35,15.35,UPI,West,2024,7,2024-07,Thursday,0
TXN10974,2024-07-25,CUST-436,Female,35,Clothing,Cotton T-Shirt,1,21.15,21.15,Cash,East,2024,7,2024-07,Thursday,0
TXN10975,2024-07-25,CUST-162,Female,67,Beauty,Hair Dryer Pro,1,84.15,84.15,Credit Card,East,2024,7,2024-07,Thursday,0
TXN10976,2024-07-26,CUST-148,Other,46,Electronics,Smart Watch,1,213.99,213.99,Credit Card,North,2024,7,2024-07,Friday,0
TXN10977,2024-07-26,CUST-175,Female,56,Beauty,Hydrating Skincare Set,2,40.95,81.9,Credit Card,North,2024,7,2024-07,Friday,0
TXN10978,2024-07-26,CUST-467,Male,44,Beauty,Matte Lipstick Set,3,27.72,83.16,Debit Card,North,2024,7,2024-07,Friday,0
TXN10979,2024-07-26,CUST-274,Male,53,Electronics,Wireless Headphones,1,87.29,87.29,UPI,Central,2024,7,2024-07,Friday,0
TXN10980,2024-07-27,CUST-208,Male,62,Beauty,Hair Dryer Pro,1,79.05,79.05,UPI,North,2024,7,2024-07,Saturday,1
TXN10981,2024-07-27,CUST-282,Female,34,Beauty,Perfume Spray 100ml,1,68.25,68.25,Debit Card,North,2024,7,2024-07,Saturday,1
TXN10982,2024-07-27,CUST-291,Male,51,Beauty,Perfume Spray 100ml,2,78.75,157.5,Cash,South,2024,7,2024-07,Saturday,1
TXN10983,2024-07-28,CUST-164,Male,63,Home & Kitchen,Stainless Steel Cookware Set,1,132.59,132.59,Credit Card,East,2024,7,2024-07,Sunday,1
TXN10984,2024-07-28,CUST-436,Male,20,Clothing,Cotton T-Shirt,1,22.73,22.73,UPI,Central,2024,7,2024-07,Sunday,1
TXN10985,2024-07-28,CUST-550,Male,22,Beauty,Hydrating Skincare Set,2,45.0,90.0,UPI,East,2024,7,2024-07,Sunday,1
TXN10986,2024-07-28,CUST-573,Other,31,Books,Personal Finance Blueprint,1,20.46,20.46,Net Banking,South,2024,7,2024-07,Sunday,1
TXN10987,2024-07-28,CUST-370,Male,20,Books,Cookbook 101 Recipes,5,26.4,132.0,UPI,Central,2024,7,2024-07,Sunday,1
TXN10988,2024-07-28,CUST-199,Female,40,Books,Data Analytics Handbook,1,32.9,32.9,Credit Card,North,2024,7,2024-07,Sunday,1
TXN10989,2024-07-29,CUST-131,Male,56,Clothing,Running Shoes,5,116.6,583.0,UPI,Central,2024,7,2024-07,Monday,0
TXN10990,2024-07-29,CUST-451,Female,47,Home & Kitchen,Drip Coffee Maker,1,86.39,86.39,UPI,North,2024,7,2024-07,Monday,0
TXN10991,2024-07-29,CUST-227,Male,67,Beauty,Matte Lipstick Set,1,26.04,26.04,UPI,West,2024,7,2024-07,Monday,0
TXN10992,2024-07-29,CUST-551,Female,62,Electronics,USB-C Hub,2,28.19,56.38,UPI,North,2024,7,2024-07,Monday,0
TXN10993,2024-07-30,CUST-501,Female,40,Home & Kitchen,Air Purifier,2,163.49,326.98,Debit Card,Central,2024,7,2024-07,Tuesday,0
TXN10994,2024-07-31,CUST-468,Male,44,Beauty,Hair Dryer Pro,3,90.1,270.3,UPI,North,2024,7,2024-07,Wednesday,0
TXN10995,2024-07-31,CUST-438,Male,27,Electronics,Wireless Headphones,1,87.29,87.29,UPI,North,2024,7,2024-07,Wednesday,0
TXN10996,2024-07-31,CUST-142,Female,42,Electronics,USB-C Hub,4,30.29,121.16,Credit Card,Central,2024,7,2024-07,Wednesday,0
TXN10997,2024-07-31,CUST-471,Female,30,Home & Kitchen,Stainless Steel Cookware Set,1,122.19,122.19,Net Banking,North,2024,7,2024-07,Wednesday,0
TXN10998,2024-07-31,CUST-518,Male,33,Electronics,Smart Watch,1,187.99,187.99,Credit Card,West,2024,7,2024-07,Wednesday,0
TXN10999,2024-07-31,CUST-587,Female,58,Electronics,Tablet 10-inch,1,278.99,278.99,UPI,West,2024,7,2024-07,Wednesday,0
TXN11000,2024-08-01,CUST-177,Male,51,Clothing,Cotton T-Shirt,2,23.18,46.36,UPI,East,2024,8,2024-08,Thursday,0
TXN11001,2024-08-01,CUST-413,Female,54,Electronics,USB-C Hub,2,30.29,60.58,Credit Card,South,2024,8,2024-08,Thursday,0
TXN11002,2024-08-01,CUST-388,Male,39,Books,Mindfulness & Productivity,1,18.54,18.54,Net Banking,Central,2024,8,2024-08,Thursday,0
TXN11003,2024-08-01,CUST-369,Male,34,Clothing,Cotton T-Shirt,1,21.82,21.82,UPI,Central,2024,8,2024-08,Thursday,0
TXN11004,2024-08-01,CUST-261,Female,40,Beauty,Perfume Spray 100ml,1,78.0,78.0,UPI,South,2024,8,2024-08,Thursday,0
TXN11005,2024-08-02,CUST-288,Female,53,Books,Cookbook 101 Recipes,1,25.85,25.85,Debit Card,North,2024,8,2024-08,Friday,0
TXN11006,2024-08-02,CUST-346,Female,66,Beauty,Matte Lipstick Set,1,28.56,28.56,Credit Card,South,2024,8,2024-08,Friday,0
TXN11007,2024-08-02,CUST-487,Male,26,Clothing,Cotton T-Shirt,2,21.38,42.76,Credit Card,North,2024,8,2024-08,Friday,0
TXN11008,2024-08-03,CUST-315,Male,19,Home & Kitchen,Smoothie Blender,2,57.59,115.18,UPI,East,2024,8,2024-08,Saturday,1
TXN11009,2024-08-03,CUST-414,Male,49,Clothing,Cotton T-Shirt,4,22.73,90.92,UPI,Central,2024,8,2024-08,Saturday,1
TXN11010,2024-08-03,CUST-512,Female,67,Clothing,Formal Trousers,1,58.3,58.3,UPI,West,2024,8,2024-08,Saturday,1
TXN11011,2024-08-03,CUST-438,Female,39,Home & Kitchen,Drip Coffee Maker,1,79.19,79.19,UPI,West,2024,8,2024-08,Saturday,1
TXN11012,2024-08-03,CUST-489,Female,60,Home & Kitchen,Robot Vacuum,1,262.49,262.49,Cash,South,2024,8,2024-08,Saturday,1
TXN11013,2024-08-03,CUST-476,Female,30,Home & Kitchen,Robot Vacuum,2,227.49,454.98,UPI,South,2024,8,2024-08,Saturday,1
TXN11014,2024-08-03,CUST-580,Male,25,Books,Data Analytics Handbook,1,34.3,34.3,Credit Card,West,2024,8,2024-08,Saturday,1
TXN11015,2024-08-04,CUST-532,Male,18,Home & Kitchen,Drip Coffee Maker,3,79.99,239.97,Credit Card,West,2024,8,2024-08,Sunday,1
TXN11016,2024-08-04,CUST-267,Male,34,Home & Kitchen,Robot Vacuum,2,249.99,499.98,UPI,East,2024,8,2024-08,Sunday,1
TXN11017,2024-08-04,CUST-438,Female,29,Home & Kitchen,Robot Vacuum,1,259.99,259.99,Net Banking,North,2024,8,2024-08,Sunday,1
TXN11018,2024-08-04,CUST-292,Male,21,Electronics,USB-C Hub,1,30.29,30.29,Credit Card,East,2024,8,2024-08,Sunday,1
TXN11019,2024-08-04,CUST-552,Male,30,Clothing,Formal Trousers,2,59.4,118.8,Cash,South,2024,8,2024-08,Sunday,1
TXN11020,2024-08-04,CUST-382,Male,48,Home & Kitchen,Stainless Steel Cookware Set,2,137.79,275.58,UPI,North,2024,8,2024-08,Sunday,1
TXN11021,2024-08-04,CUST-435,Male,58,Beauty,Sunscreen SPF 50,1,17.57,17.57,UPI,East,2024,8,2024-08,Sunday,1
TXN11022,2024-08-05,CUST-489,Female,24,Electronics,USB-C Hub,1,29.39,29.39,UPI,South,2024,8,2024-08,Monday,0
TXN11023,2024-08-05,CUST-587,Female,40,Clothing,Formal Trousers,2,58.3,116.6,UPI,Central,2024,8,2024-08,Monday,0
TXN11024,2024-08-05,CUST-112,Male,41,Clothing,Cotton T-Shirt,2,24.53,49.06,Credit Card,South,2024,8,2024-08,Monday,0
TXN11025,2024-08-05,CUST-339,Female,22,Beauty,Matte Lipstick Set,1,26.6,26.6,Net Banking,East,2024,8,2024-08,Monday,0
TXN11026,2024-08-05,CUST-419,Female,22,Home & Kitchen,Drip Coffee Maker,1,76.79,76.79,UPI,West,2024,8,2024-08,Monday,0
TXN11027,2024-08-05,CUST-545,Male,34,Books,Data Analytics Handbook,1,37.1,37.1,Net Banking,South,2024,8,2024-08,Monday,0
TXN11028,2024-08-05,CUST-582,Male,47,Home & Kitchen,Smoothie Blender,4,55.19,220.76,Credit Card,West,2024,8,2024-08,Monday,0
TXN11029,2024-08-06,CUST-246,Male,26,Home & Kitchen,Smoothie Blender,1,62.99,62.99,Credit Card,West,2024,8,2024-08,Tuesday,0
TXN11030,2024-08-07,CUST-303,Female,23,Clothing,Denim Jacket,2,61.75,123.5,UPI,Central,2024,8,2024-08,Wednesday,0
TXN11031,2024-08-07,CUST-179,Female,42,Clothing,Formal Trousers,1,59.95,59.95,UPI,South,2024,8,2024-08,Wednesday,0
TXN11032,2024-08-07,CUST-478,Male,36,Clothing,Denim Jacket,1,68.25,68.25,Net Banking,North,2024,8,2024-08,Wednesday,0
TXN11033,2024-08-07,CUST-142,Other,33,Beauty,Perfume Spray 100ml,1,70.5,70.5,UPI,South,2024,8,2024-08,Wednesday,0
TXN11034,2024-08-07,CUST-557,Male,38,Electronics,Tablet 10-inch,1,305.99,305.99,Debit Card,West,2024,8,2024-08,Wednesday,0
TXN11035,2024-08-07,CUST-188,Male,19,Beauty,Matte Lipstick Set,2,29.68,59.36,Credit Card,South,2024,8,2024-08,Wednesday,0
TXN11036,2024-08-07,CUST-247,Male,27,Beauty,Sunscreen SPF 50,2,19.8,39.6,Net Banking,South,2024,8,2024-08,Wednesday,0
TXN11037,2024-08-07,CUST-194,Male,33,Clothing,Formal Trousers,1,58.3,58.3,Debit Card,North,2024,8,2024-08,Wednesday,0
TXN11038,2024-08-07,CUST-551,Female,54,Books,Sci-Fi Bestseller Novel,1,17.27,17.27,UPI,South,2024,8,2024-08,Wednesday,0
TXN11039,2024-08-07,CUST-527,Male,32,Beauty,Hair Dryer Pro,2,80.75,161.5,Credit Card,West,2024,8,2024-08,Wednesday,0
TXN11040,2024-08-08,CUST-250,Male,30,Electronics,Bluetooth Speaker,1,50.49,50.49,UPI,North,2024,8,2024-08,Thursday,0
TXN11041,2024-08-08,CUST-101,Male,30,Clothing,Formal Trousers,1,58.3,58.3,Credit Card,South,2024,8,2024-08,Thursday,0
TXN11042,2024-08-08,CUST-475,Female,49,Beauty,Sunscreen SPF 50,1,18.32,18.32,UPI,North,2024,8,2024-08,Thursday,0
TXN11043,2024-08-09,CUST-121,Male,62,Clothing,Running Shoes,4,102.3,409.2,Credit Card,West,2024,8,2024-08,Friday,0
TXN11044,2024-08-09,CUST-470,Female,64,Electronics,Smart Watch,1,189.99,189.99,UPI,Central,2024,8,2024-08,Friday,0
TXN11045,2024-08-09,CUST-412,Female,63,Beauty,Matte Lipstick Set,2,26.32,52.64,Cash,East,2024,8,2024-08,Friday,0
TXN11046,2024-08-09,CUST-584,Female,25,Books,Sci-Fi Bestseller Novel,1,14.71,14.71,Credit Card,North,2024,8,2024-08,Friday,0
TXN11047,2024-08-10,CUST-427,Male,60,Clothing,Formal Trousers,1,52.25,52.25,Net Banking,North,2024,8,2024-08,Saturday,1
TXN11048,2024-08-10,CUST-106,Female,35,Books,Mindfulness & Productivity,1,19.62,19.62,UPI,South,2024,8,2024-08,Saturday,1
TXN11049,2024-08-10,CUST-305,Female,53,Home & Kitchen,Robot Vacuum,1,254.99,254.99,Credit Card,East,2024,8,2024-08,Saturday,1
TXN11050,2024-08-10,CUST-539,Female,43,Electronics,Smart Watch,2,199.99,399.98,UPI,South,2024,8,2024-08,Saturday,1
TXN11051,2024-08-10,CUST-474,Male,27,Home & Kitchen,Stainless Steel Cookware Set,2,118.29,236.58,Credit Card,Central,2024,8,2024-08,Saturday,1
TXN11052,2024-08-10,CUST-550,Female,48,Clothing,Formal Trousers,1,53.9,53.9,Net Banking,Central,2024,8,2024-08,Saturday,1
TXN11053,2024-08-10,CUST-213,Female,50,Clothing,Denim Jacket,2,65.0,130.0,Cash,North,2024,8,2024-08,Saturday,1
TXN11054,2024-08-10,CUST-371,Male,46,Beauty,Hydrating Skincare Set,1,49.5,49.5,UPI,North,2024,8,2024-08,Saturday,1
TXN11055,2024-08-10,CUST-182,Female,22,Home & Kitchen,Smoothie Blender,1,59.39,59.39,Net Banking,South,2024,8,2024-08,Saturday,1
TXN11056,2024-08-11,CUST-278,Male,30,Electronics,Bluetooth Speaker,3,53.49,160.47,Credit Card,South,2024,8,2024-08,Sunday,1
TXN11057,2024-08-11,CUST-309,Male,18,Books,Personal Finance Blueprint,2,20.68,41.36,Cash,East,2024,8,2024-08,Sunday,1
TXN11058,2024-08-11,CUST-599,Female,40,Home & Kitchen,Stainless Steel Cookware Set,2,120.89,241.78,Credit Card,West,2024,8,2024-08,Sunday,1
TXN11059,2024-08-11,CUST-563,Female,57,Books,Personal Finance Blueprint,1,24.2,24.2,Cash,North,2024,8,2024-08,Sunday,1
TXN11060,2024-08-11,CUST-427,Male,20,Clothing,Cotton T-Shirt,1,20.93,20.93,Net Banking,West,2024,8,2024-08,Sunday,1
TXN11061,2024-08-12,CUST-223,Female,20,Books,Personal Finance Blueprint,1,23.1,23.1,UPI,East,2024,8,2024-08,Monday,0
TXN11062,2024-08-12,CUST-580,Female,24,Clothing,Winter Coat,3,145.6,436.8,UPI,Central,2024,8,2024-08,Monday,0
TXN11063,2024-08-12,CUST-212,Female,53,Electronics,USB-C Hub,2,27.89,55.78,UPI,East,2024,8,2024-08,Monday,0
TXN11064,2024-08-12,CUST-111,Male,52,Home & Kitchen,Stainless Steel Cookware Set,1,120.89,120.89,Credit Card,West,2024,8,2024-08,Monday,0
TXN11065,2024-08-12,CUST-225,Female,32,Home & Kitchen,Robot Vacuum,3,254.99,764.97,Debit Card,North,2024,8,2024-08,Monday,0
TXN11066,2024-08-12,CUST-152,Male,57,Beauty,Matte Lipstick Set,1,27.44,27.44,Debit Card,West,2024,8,2024-08,Monday,0
TXN11067,2024-08-13,CUST-430,Male,20,Clothing,Running Shoes,2,102.3,204.6,Debit Card,North,2024,8,2024-08,Tuesday,0
TXN11068,2024-08-13,CUST-488,Female,46,Electronics,Tablet 10-inch,1,272.99,272.99,UPI,East,2024,8,2024-08,Tuesday,0
TXN11069,2024-08-13,CUST-382,Female,47,Beauty,Sunscreen SPF 50,1,18.5,18.5,UPI,North,2024,8,2024-08,Tuesday,0
TXN11070,2024-08-13,CUST-239,Other,56,Clothing,Formal Trousers,1,53.9,53.9,UPI,North,2024,8,2024-08,Tuesday,0
TXN11071,2024-08-13,CUST-500,Female,35,Beauty,Sunscreen SPF 50,1,19.43,19.43,Debit Card,North,2024,8,2024-08,Tuesday,0
TXN11072,2024-08-13,CUST-489,Male,28,Clothing,Winter Coat,2,134.4,268.8,UPI,North,2024,8,2024-08,Tuesday,0
TXN11073,2024-08-13,CUST-196,Female,60,Books,Personal Finance Blueprint,2,22.88,45.76,UPI,South,2024,8,2024-08,Tuesday,0
TXN11074,2024-08-13,CUST-104,Female,66,Beauty,Hair Dryer Pro,2,85.0,170.0,Credit Card,Central,2024,8,2024-08,Tuesday,0
TXN11075,2024-08-14,CUST-156,Female,55,Home & Kitchen,Drip Coffee Maker,3,75.99,227.97,UPI,South,2024,8,2024-08,Wednesday,0
TXN11076,2024-08-14,CUST-511,Female,57,Books,Cookbook 101 Recipes,1,25.03,25.03,UPI,West,2024,8,2024-08,Wednesday,0
TXN11077,2024-08-14,CUST-433,Female,18,Beauty,Hair Dryer Pro,3,90.1,270.3,UPI,North,2024,8,2024-08,Wednesday,0
TXN11078,2024-08-14,CUST-168,Male,46,Electronics,USB-C Hub,3,30.89,92.67,Cash,South,2024,8,2024-08,Wednesday,0
TXN11079,2024-08-14,CUST-217,Female,27,Electronics,Bluetooth Speaker,1,47.49,47.49,UPI,North,2024,8,2024-08,Wednesday,0
TXN11080,2024-08-14,CUST-475,Female,45,Home & Kitchen,Air Purifier,1,149.99,149.99,Net Banking,North,2024,8,2024-08,Wednesday,0
TXN11081,2024-08-14,CUST-158,Female,48,Clothing,Cotton T-Shirt,2,21.38,42.76,UPI,North,2024,8,2024-08,Wednesday,0
TXN11082,2024-08-14,CUST-132,Male,36,Beauty,Sunscreen SPF 50,1,18.5,18.5,Net Banking,South,2024,8,2024-08,Wednesday,0
TXN11083,2024-08-14,CUST-417,Female,20,Electronics,Tablet 10-inch,2,299.99,599.98,Credit Card,North,2024,8,2024-08,Wednesday,0
TXN11084,2024-08-15,CUST-149,Male,53,Clothing,Winter Coat,1,145.6,145.6,Debit Card,Central,2024,8,2024-08,Thursday,0
TXN11085,2024-08-15,CUST-467,Female,60,Beauty,Perfume Spray 100ml,1,74.25,74.25,Net Banking,South,2024,8,2024-08,Thursday,0
TXN11086,2024-08-15,CUST-588,Female,32,Books,Data Analytics Handbook,1,32.9,32.9,Credit Card,West,2024,8,2024-08,Thursday,0
TXN11087,2024-08-15,CUST-118,Female,50,Beauty,Matte Lipstick Set,1,26.6,26.6,Net Banking,Central,2024,8,2024-08,Thursday,0
TXN11088,2024-08-16,CUST-313,Male,58,Books,Personal Finance Blueprint,1,22.88,22.88,Credit Card,East,2024,8,2024-08,Friday,0
TXN11089,2024-08-16,CUST-296,Female,60,Books,Cookbook 101 Recipes,1,27.77,27.77,Debit Card,Central,2024,8,2024-08,Friday,0
TXN11090,2024-08-16,CUST-478,Female,62,Electronics,Wireless Headphones,1,81.89,81.89,Credit Card,North,2024,8,2024-08,Friday,0
TXN11091,2024-08-16,CUST-549,Female,43,Clothing,Running Shoes,3,101.2,303.6,Net Banking,West,2024,8,2024-08,Friday,0
TXN11092,2024-08-16,CUST-577,Male,33,Home & Kitchen,Drip Coffee Maker,1,73.59,73.59,Debit Card,South,2024,8,2024-08,Friday,0
TXN11093,2024-08-16,CUST-146,Female,53,Home & Kitchen,Air Purifier,2,137.99,275.98,UPI,South,2024,8,2024-08,Friday,0
TXN11094,2024-08-16,CUST-266,Female,50,Beauty,Matte Lipstick Set,1,28.56,28.56,Credit Card,East,2024,8,2024-08,Friday,0
TXN11095,2024-08-16,CUST-551,Female,37,Books,Mindfulness & Productivity,2,18.72,37.44,Net Banking,Central,2024,8,2024-08,Friday,0
TXN11096,2024-08-17,CUST-388,Female,30,Electronics,Smart Watch,3,195.99,587.97,Debit Card,Central,2024,8,2024-08,Saturday,1
TXN11097,2024-08-17,CUST-240,Male,50,Clothing,Cotton T-Shirt,1,22.5,22.5,Cash,North,2024,8,2024-08,Saturday,1
TXN11098,2024-08-17,CUST-183,Male,22,Beauty,Sunscreen SPF 50,3,19.8,59.4,UPI,South,2024,8,2024-08,Saturday,1
TXN11099,2024-08-18,CUST-281,Female,54,Clothing,Running Shoes,1,114.4,114.4,UPI,West,2024,8,2024-08,Sunday,1
TXN11100,2024-08-18,CUST-490,Female,31,Electronics,Bluetooth Speaker,1,46.49,46.49,Credit Card,West,2024,8,2024-08,Sunday,1
TXN11101,2024-08-18,CUST-178,Female,44,Clothing,Formal Trousers,3,50.6,151.8,UPI,North,2024,8,2024-08,Sunday,1
TXN11102,2024-08-18,CUST-314,Female,40,Electronics,Wireless Headphones,1,94.49,94.49,UPI,South,2024,8,2024-08,Sunday,1
TXN11103,2024-08-18,CUST-113,Female,31,Beauty,Perfume Spray 100ml,1,72.75,72.75,Credit Card,West,2024,8,2024-08,Sunday,1
TXN11104,2024-08-18,CUST-314,Male,57,Books,Mindfulness & Productivity,2,19.62,39.24,UPI,West,2024,8,2024-08,Sunday,1
TXN11105,2024-08-18,CUST-502,Other,21,Books,Personal Finance Blueprint,2,21.34,42.68,UPI,South,2024,8,2024-08,Sunday,1
TXN11106,2024-08-18,CUST-227,Other,56,Beauty,Matte Lipstick Set,2,28.84,57.68,UPI,West,2024,8,2024-08,Sunday,1
TXN11107,2024-08-19,CUST-409,Male,36,Clothing,Winter Coat,1,127.4,127.4,Debit Card,East,2024,8,2024-08,Monday,0
TXN11108,2024-08-19,CUST-576,Male,64,Beauty,Hair Dryer Pro,4,77.35,309.4,UPI,Central,2024,8,2024-08,Monday,0
TXN11109,2024-08-19,CUST-347,Male,21,Electronics,Smart Watch,2,205.99,411.98,UPI,East,2024,8,2024-08,Monday,0
TXN11110,2024-08-20,CUST-503,Female,47,Clothing,Denim Jacket,4,59.15,236.6,Credit Card,South,2024,8,2024-08,Tuesday,0
TXN11111,2024-08-20,CUST-128,Male,36,Electronics,Wireless Headphones,1,91.79,91.79,UPI,Central,2024,8,2024-08,Tuesday,0
TXN11112,2024-08-20,CUST-379,Female,48,Home & Kitchen,Stainless Steel Cookware Set,2,126.09,252.18,Net Banking,North,2024,8,2024-08,Tuesday,0
TXN11113,2024-08-20,CUST-437,Female,48,Books,Data Analytics Handbook,3,33.6,100.8,UPI,Central,2024,8,2024-08,Tuesday,0
TXN11114,2024-08-20,CUST-418,Male,26,Beauty,Hydrating Skincare Set,1,48.15,48.15,Net Banking,East,2024,8,2024-08,Tuesday,0
TXN11115,2024-08-20,CUST-301,Female,30,Home & Kitchen,Stainless Steel Cookware Set,4,123.49,493.96,Credit Card,Central,2024,8,2024-08,Tuesday,0
TXN11116,2024-08-20,CUST-460,Female,31,Electronics,Smart Watch,1,183.99,183.99,Net Banking,South,2024,8,2024-08,Tuesday,0
TXN11117,2024-08-20,CUST-156,Male,63,Beauty,Hair Dryer Pro,1,87.55,87.55,UPI,East,2024,8,2024-08,Tuesday,0
TXN11118,2024-08-20,CUST-491,Female,27,Home & Kitchen,Drip Coffee Maker,4,86.39,345.56,UPI,West,2024,8,2024-08,Tuesday,0
TXN11119,2024-08-20,CUST-317,Female,65,Clothing,Cotton T-Shirt,4,22.73,90.92,Debit Card,West,2024,8,2024-08,Tuesday,0
TXN11120,2024-08-21,CUST-161,Male,48,Electronics,Wireless Headphones,1,96.29,96.29,UPI,North,2024,8,2024-08,Wednesday,0
TXN11121,2024-08-21,CUST-256,Male,54,Home & Kitchen,Stainless Steel Cookware Set,1,119.59,119.59,Debit Card,South,2024,8,2024-08,Wednesday,0
TXN11122,2024-08-21,CUST-301,Male,40,Home & Kitchen,Smoothie Blender,2,63.59,127.18,UPI,East,2024,8,2024-08,Wednesday,0
TXN11123,2024-08-22,CUST-116,Female,44,Books,Mindfulness & Productivity,4,16.38,65.52,Debit Card,South,2024,8,2024-08,Thursday,0
TXN11124,2024-08-22,CUST-421,Female,23,Home & Kitchen,Smoothie Blender,2,62.99,125.98,Net Banking,West,2024,8,2024-08,Thursday,0
TXN11125,2024-08-22,CUST-105,Male,43,Books,Data Analytics Handbook,2,36.05,72.1,Cash,South,2024,8,2024-08,Thursday,0
TXN11126,2024-08-22,CUST-157,Male,19,Electronics,Smart Watch,2,199.99,399.98,UPI,Central,2024,8,2024-08,Thursday,0
TXN11127,2024-08-23,CUST-424,Female,62,Electronics,Bluetooth Speaker,1,50.99,50.99,UPI,South,2024,8,2024-08,Friday,0
TXN11128,2024-08-23,CUST-511,Female,30,Clothing,Denim Jacket,5,70.85,354.25,Cash,North,2024,8,2024-08,Friday,0
TXN11129,2024-08-23,CUST-417,Female,67,Electronics,Tablet 10-inch,1,314.99,314.99,Net Banking,North,2024,8,2024-08,Friday,0
TXN11130,2024-08-23,CUST-268,Other,36,Beauty,Hydrating Skincare Set,2,42.3,84.6,UPI,East,2024,8,2024-08,Friday,0
TXN11131,2024-08-24,CUST-552,Female,18,Beauty,Sunscreen SPF 50,1,19.24,19.24,Credit Card,East,2024,8,2024-08,Saturday,1
TXN11132,2024-08-24,CUST-181,Male,57,Beauty,Hair Dryer Pro,1,85.0,85.0,UPI,East,2024,8,2024-08,Saturday,1
TXN11133,2024-08-24,CUST-573,Female,49,Clothing,Formal Trousers,2,59.4,118.8,Cash,West,2024,8,2024-08,Saturday,1
TXN11134,2024-08-24,CUST-567,Male,39,Books,Sci-Fi Bestseller Novel,5,16.79,83.95,UPI,South,2024,8,2024-08,Saturday,1
TXN11135,2024-08-25,CUST-524,Male,65,Electronics,Smart Watch,2,211.99,423.98,Credit Card,Central,2024,8,2024-08,Sunday,1
TXN11136,2024-08-25,CUST-532,Male,46,Clothing,Cotton T-Shirt,2,22.05,44.1,Credit Card,Central,2024,8,2024-08,Sunday,1
TXN11137,2024-08-25,CUST-318,Female,19,Home & Kitchen,Smoothie Blender,1,54.59,54.59,Net Banking,North,2024,8,2024-08,Sunday,1
TXN11138,2024-08-26,CUST-276,Male,57,Home & Kitchen,Drip Coffee Maker,3,78.39,235.17,Debit Card,Central,2024,8,2024-08,Monday,0
TXN11139,2024-08-26,CUST-303,Male,55,Clothing,Winter Coat,1,133.0,133.0,UPI,East,2024,8,2024-08,Monday,0
TXN11140,2024-08-26,CUST-170,Female,65,Electronics,Smart Watch,1,207.99,207.99,Credit Card,East,2024,8,2024-08,Monday,0
TXN11141,2024-08-26,CUST-486,Male,28,Beauty,Sunscreen SPF 50,1,19.8,19.8,Cash,East,2024,8,2024-08,Monday,0
TXN11142,2024-08-26,CUST-365,Male,34,Electronics,Wireless Headphones,2,82.79,165.58,Debit Card,West,2024,8,2024-08,Monday,0
TXN11143,2024-08-27,CUST-197,Male,60,Electronics,Bluetooth Speaker,5,45.49,227.45,Credit Card,Central,2024,8,2024-08,Tuesday,0
TXN11144,2024-08-28,CUST-444,Male,25,Beauty,Sunscreen SPF 50,2,17.57,35.14,Debit Card,East,2024,8,2024-08,Wednesday,0
TXN11145,2024-08-28,CUST-390,Female,39,Clothing,Winter Coat,1,149.8,149.8,UPI,North,2024,8,2024-08,Wednesday,0
TXN11146,2024-08-29,CUST-307,Female,21,Clothing,Formal Trousers,1,59.4,59.4,Debit Card,East,2024,8,2024-08,Thursday,0
TXN11147,2024-08-29,CUST-101,Female,28,Clothing,Cotton T-Shirt,1,21.15,21.15,UPI,North,2024,8,2024-08,Thursday,0
TXN11148,2024-08-29,CUST-223,Male,25,Books,Cookbook 101 Recipes,1,29.7,29.7,Credit Card,East,2024,8,2024-08,Thursday,0
TXN11149,2024-08-29,CUST-379,Male,26,Books,Sci-Fi Bestseller Novel,1,14.71,14.71,Net Banking,West,2024,8,2024-08,Thursday,0
TXN11150,2024-08-29,CUST-173,Male,43,Clothing,Running Shoes,2,112.2,224.4,UPI,South,2024,8,2024-08,Thursday,0
TXN11151,2024-08-29,CUST-265,Female,19,Clothing,Cotton T-Shirt,4,20.48,81.92,Credit Card,North,2024,8,2024-08,Thursday,0
TXN11152,2024-08-29,CUST-121,Female,33,Clothing,Winter Coat,1,140.0,140.0,UPI,East,2024,8,2024-08,Thursday,0
TXN11153,2024-08-29,CUST-253,Male,48,Clothing,Running Shoes,1,121.0,121.0,UPI,South,2024,8,2024-08,Thursday,0
TXN11154,2024-08-30,CUST-526,Female,23,Beauty,Hair Dryer Pro,3,91.8,275.4,Debit Card,North,2024,8,2024-08,Friday,0
TXN11155,2024-08-30,CUST-538,Female,38,Beauty,Hydrating Skincare Set,2,46.8,93.6,Credit Card,East,2024,8,2024-08,Friday,0
TXN11156,2024-08-30,CUST-394,Male,43,Clothing,Denim Jacket,3,61.75,185.25,UPI,Central,2024,8,2024-08,Friday,0
TXN11157,2024-08-30,CUST-318,Female,36,Clothing,Denim Jacket,1,65.65,65.65,Credit Card,West,2024,8,2024-08,Friday,0
TXN11158,2024-08-30,CUST-256,Female,45,Electronics,Bluetooth Speaker,1,44.99,44.99,Credit Card,South,2024,8,2024-08,Friday,0
TXN11159,2024-08-31,CUST-594,Female,25,Clothing,Cotton T-Shirt,5,20.93,104.65,UPI,East,2024,8,2024-08,Saturday,1
TXN11160,2024-08-31,CUST-329,Female,31,Clothing,Winter Coat,1,131.6,131.6,Debit Card,North,2024,8,2024-08,Saturday,1
TXN11161,2024-08-31,CUST-119,Other,41,Beauty,Sunscreen SPF 50,2,17.39,34.78,UPI,West,2024,8,2024-08,Saturday,1
TXN11162,2024-08-31,CUST-574,Female,65,Beauty,Perfume Spray 100ml,1,75.0,75.0,Debit Card,East,2024,8,2024-08,Saturday,1
TXN11163,2024-09-01,CUST-140,Female,61,Beauty,Matte Lipstick Set,1,28.84,28.84,UPI,Central,2024,9,2024-09,Sunday,1
TXN11164,2024-09-01,CUST-537,Female,54,Clothing,Denim Jacket,3,64.35,193.05,UPI,Central,2024,9,2024-09,Sunday,1
TXN11165,2024-09-02,CUST-247,Male,43,Beauty,Perfume Spray 100ml,1,69.0,69.0,UPI,South,2024,9,2024-09,Monday,0
TXN11166,2024-09-02,CUST-207,Female,48,Clothing,Running Shoes,3,110.0,330.0,UPI,Central,2024,9,2024-09,Monday,0
TXN11167,2024-09-02,CUST-502,Male,49,Electronics,Bluetooth Speaker,1,53.99,53.99,Net Banking,Central,2024,9,2024-09,Monday,0
TXN11168,2024-09-03,CUST-183,Female,67,Beauty,Matte Lipstick Set,5,26.88,134.4,UPI,East,2024,9,2024-09,Tuesday,0
TXN11169,2024-09-03,CUST-582,Female,58,Clothing,Denim Jacket,1,68.25,68.25,UPI,South,2024,9,2024-09,Tuesday,0
TXN11170,2024-09-03,CUST-466,Female,19,Beauty,Perfume Spray 100ml,1,80.25,80.25,Net Banking,West,2024,9,2024-09,Tuesday,0
TXN11171,2024-09-04,CUST-421,Male,42,Home & Kitchen,Drip Coffee Maker,1,71.99,71.99,Credit Card,South,2024,9,2024-09,Wednesday,0
TXN11172,2024-09-04,CUST-513,Male,61,Books,Data Analytics Handbook,2,31.85,63.7,UPI,East,2024,9,2024-09,Wednesday,0
TXN11173,2024-09-05,CUST-408,Female,19,Books,Mindfulness & Productivity,3,18.18,54.54,Cash,North,2024,9,2024-09,Thursday,0
TXN11174,2024-09-05,CUST-389,Male,59,Electronics,Bluetooth Speaker,1,52.99,52.99,UPI,East,2024,9,2024-09,Thursday,0
TXN11175,2024-09-06,CUST-505,Male,18,Books,Personal Finance Blueprint,2,21.34,42.68,Debit Card,Central,2024,9,2024-09,Friday,0
TXN11176,2024-09-06,CUST-422,Female,53,Beauty,Hair Dryer Pro,3,78.2,234.6,UPI,North,2024,9,2024-09,Friday,0
TXN11177,2024-09-06,CUST-233,Male,29,Beauty,Hydrating Skincare Set,3,48.6,145.8,Credit Card,West,2024,9,2024-09,Friday,0
TXN11178,2024-09-06,CUST-306,Female,26,Electronics,Wireless Headphones,2,88.19,176.38,Credit Card,South,2024,9,2024-09,Friday,0
TXN11179,2024-09-06,CUST-382,Male,53,Home & Kitchen,Robot Vacuum,3,252.49,757.47,UPI,West,2024,9,2024-09,Friday,0
TXN11180,2024-09-07,CUST-365,Male,58,Electronics,USB-C Hub,2,30.29,60.58,Credit Card,East,2024,9,2024-09,Saturday,1
TXN11181,2024-09-07,CUST-172,Male,45,Home & Kitchen,Robot Vacuum,1,264.99,264.99,Credit Card,North,2024,9,2024-09,Saturday,1
TXN11182,2024-09-07,CUST-580,Male,55,Electronics,Wireless Headphones,1,83.69,83.69,Debit Card,East,2024,9,2024-09,Saturday,1
TXN11183,2024-09-07,CUST-451,Female,50,Beauty,Matte Lipstick Set,5,30.52,152.6,Net Banking,Central,2024,9,2024-09,Saturday,1
TXN11184,2024-09-07,CUST-147,Male,59,Clothing,Winter Coat,1,138.6,138.6,Credit Card,South,2024,9,2024-09,Saturday,1
TXN11185,2024-09-07,CUST-425,Female,63,Electronics,USB-C Hub,1,32.39,32.39,Credit Card,West,2024,9,2024-09,Saturday,1
TXN11186,2024-09-07,CUST-332,Female,39,Electronics,Bluetooth Speaker,4,47.99,191.96,Credit Card,East,2024,9,2024-09,Saturday,1
TXN11187,2024-09-08,CUST-542,Male,42,Clothing,Denim Jacket,1,61.1,61.1,Debit Card,South,2024,9,2024-09,Sunday,1
TXN11188,2024-09-08,CUST-199,Male,35,Electronics,USB-C Hub,3,28.19,84.57,UPI,Central,2024,9,2024-09,Sunday,1
TXN11189,2024-09-09,CUST-158,Male,23,Clothing,Cotton T-Shirt,3,22.95,68.85,Credit Card,East,2024,9,2024-09,Monday,0
TXN11190,2024-09-09,CUST-357,Female,35,Beauty,Matte Lipstick Set,5,29.68,148.4,Credit Card,South,2024,9,2024-09,Monday,0
TXN11191,2024-09-09,CUST-512,Male,33,Home & Kitchen,Air Purifier,1,152.99,152.99,Cash,North,2024,9,2024-09,Monday,0
TXN11192,2024-09-09,CUST-551,Male,32,Beauty,Sunscreen SPF 50,1,18.13,18.13,Credit Card,South,2024,9,2024-09,Monday,0
TXN11193,2024-09-09,CUST-164,Female,65,Electronics,Smart Watch,3,201.99,605.97,UPI,West,2024,9,2024-09,Monday,0
TXN11194,2024-09-09,CUST-182,Female,25,Clothing,Denim Jacket,1,68.9,68.9,Credit Card,East,2024,9,2024-09,Monday,0
TXN11195,2024-09-09,CUST-253,Female,30,Clothing,Running Shoes,1,103.4,103.4,Debit Card,West,2024,9,2024-09,Monday,0
TXN11196,2024-09-09,CUST-572,Female,60,Books,Sci-Fi Bestseller Novel,2,15.19,30.38,Net Banking,West,2024,9,2024-09,Monday,0
TXN11197,2024-09-10,CUST-365,Other,24,Home & Kitchen,Robot Vacuum,1,254.99,254.99,Debit Card,South,2024,9,2024-09,Tuesday,0
TXN11198,2024-09-10,CUST-408,Male,34,Clothing,Winter Coat,4,126.0,504.0,Net Banking,East,2024,9,2024-09,Tuesday,0
TXN11199,2024-09-10,CUST-178,Male,67,Electronics,Wireless Headphones,2,81.89,163.78,UPI,Central,2024,9,2024-09,Tuesday,0
TXN11200,2024-09-10,CUST-414,Other,49,Books,Data Analytics Handbook,1,34.3,34.3,Credit Card,Central,2024,9,2024-09,Tuesday,0
TXN11201,2024-09-10,CUST-249,Female,39,Books,Cookbook 101 Recipes,1,27.5,27.5,Debit Card,South,2024,9,2024-09,Tuesday,0
TXN11202,2024-09-10,CUST-534,Male,30,Home & Kitchen,Stainless Steel Cookware Set,1,131.29,131.29,UPI,East,2024,9,2024-09,Tuesday,0
TXN11203,2024-09-10,CUST-147,Female,64,Home & Kitchen,Smoothie Blender,1,59.39,59.39,UPI,South,2024,9,2024-09,Tuesday,0
TXN11204,2024-09-10,CUST-504,Male,40,Clothing,Cotton T-Shirt,2,23.4,46.8,Debit Card,North,2024,9,2024-09,Tuesday,0
TXN11205,2024-09-10,CUST-478,Female,46,Electronics,Smart Watch,1,191.99,191.99,Debit Card,West,2024,9,2024-09,Tuesday,0
TXN11206,2024-09-11,CUST-347,Male,39,Clothing,Cotton T-Shirt,1,23.85,23.85,Cash,South,2024,9,2024-09,Wednesday,0
TXN11207,2024-09-12,CUST-377,Female,18,Clothing,Winter Coat,3,134.4,403.2,Cash,North,2024,9,2024-09,Thursday,0
TXN11208,2024-09-12,CUST-455,Female,46,Clothing,Cotton T-Shirt,2,23.85,47.7,UPI,West,2024,9,2024-09,Thursday,0
TXN11209,2024-09-12,CUST-197,Male,65,Beauty,Hair Dryer Pro,1,90.95,90.95,Net Banking,Central,2024,9,2024-09,Thursday,0
TXN11210,2024-09-12,CUST-513,Female,22,Clothing,Formal Trousers,4,53.9,215.6,UPI,Central,2024,9,2024-09,Thursday,0
TXN11211,2024-09-13,CUST-124,Male,52,Clothing,Denim Jacket,1,59.15,59.15,Debit Card,East,2024,9,2024-09,Friday,0
TXN11212,2024-09-13,CUST-592,Female,27,Clothing,Winter Coat,3,135.8,407.4,UPI,South,2024,9,2024-09,Friday,0
TXN11213,2024-09-13,CUST-383,Male,36,Electronics,USB-C Hub,2,29.69,59.38,UPI,North,2024,9,2024-09,Friday,0
TXN11214,2024-09-14,CUST-548,Female,54,Clothing,Cotton T-Shirt,2,20.93,41.86,Net Banking,West,2024,9,2024-09,Saturday,1
TXN11215,2024-09-14,CUST-468,Female,24,Home & Kitchen,Stainless Steel Cookware Set,2,133.89,267.78,UPI,Central,2024,9,2024-09,Saturday,1
TXN11216,2024-09-14,CUST-400,Female,63,Home & Kitchen,Air Purifier,1,154.49,154.49,Credit Card,Central,2024,9,2024-09,Saturday,1
TXN11217,2024-09-15,CUST-167,Female,52,Clothing,Cotton T-Shirt,3,22.27,66.81,UPI,West,2024,9,2024-09,Sunday,1
TXN11218,2024-09-15,CUST-106,Female,62,Beauty,Hair Dryer Pro,3,85.0,255.0,UPI,North,2024,9,2024-09,Sunday,1
TXN11219,2024-09-15,CUST-404,Female,30,Electronics,Wireless Headphones,1,89.99,89.99,UPI,South,2024,9,2024-09,Sunday,1
TXN11220,2024-09-15,CUST-236,Female,27,Beauty,Hydrating Skincare Set,1,44.55,44.55,Credit Card,South,2024,9,2024-09,Sunday,1
TXN11221,2024-09-15,CUST-263,Female,19,Clothing,Cotton T-Shirt,3,20.7,62.1,UPI,Central,2024,9,2024-09,Sunday,1
TXN11222,2024-09-15,CUST-182,Male,23,Clothing,Formal Trousers,1,59.4,59.4,UPI,North,2024,9,2024-09,Sunday,1
TXN11223,2024-09-16,CUST-484,Male,25,Home & Kitchen,Air Purifier,3,155.99,467.97,Debit Card,East,2024,9,2024-09,Monday,0
TXN11224,2024-09-16,CUST-237,Female,53,Clothing,Cotton T-Shirt,2,21.15,42.3,UPI,North,2024,9,2024-09,Monday,0
TXN11225,2024-09-16,CUST-519,Male,42,Electronics,Wireless Headphones,2,89.99,179.98,Credit Card,East,2024,9,2024-09,Monday,0
TXN11226,2024-09-16,CUST-172,Male,61,Electronics,Bluetooth Speaker,1,45.49,45.49,Net Banking,West,2024,9,2024-09,Monday,0
TXN11227,2024-09-16,CUST-336,Female,64,Clothing,Cotton T-Shirt,1,22.27,22.27,UPI,East,2024,9,2024-09,Monday,0
TXN11228,2024-09-17,CUST-145,Male,57,Clothing,Running Shoes,1,117.7,117.7,Credit Card,West,2024,9,2024-09,Tuesday,0
TXN11229,2024-09-17,CUST-205,Female,24,Home & Kitchen,Drip Coffee Maker,2,74.39,148.78,Debit Card,East,2024,9,2024-09,Tuesday,0
TXN11230,2024-09-17,CUST-515,Female,63,Beauty,Perfume Spray 100ml,2,72.0,144.0,Debit Card,North,2024,9,2024-09,Tuesday,0
TXN11231,2024-09-17,CUST-387,Female,40,Beauty,Hydrating Skincare Set,2,48.6,97.2,Debit Card,South,2024,9,2024-09,Tuesday,0
TXN11232,2024-09-17,CUST-361,Male,36,Clothing,Running Shoes,2,113.3,226.6,Cash,Central,2024,9,2024-09,Tuesday,0
TXN11233,2024-09-17,CUST-275,Male,63,Clothing,Running Shoes,3,114.4,343.2,UPI,South,2024,9,2024-09,Tuesday,0
TXN11234,2024-09-17,CUST-265,Female,39,Clothing,Formal Trousers,1,50.6,50.6,Cash,North,2024,9,2024-09,Tuesday,0
TXN11235,2024-09-17,CUST-244,Female,30,Clothing,Cotton T-Shirt,2,23.4,46.8,Cash,South,2024,9,2024-09,Tuesday,0
TXN11236,2024-09-18,CUST-429,Other,38,Beauty,Matte Lipstick Set,1,28.0,28.0,Net Banking,South,2024,9,2024-09,Wednesday,0
TXN11237,2024-09-18,CUST-469,Female,18,Clothing,Running Shoes,1,119.9,119.9,Credit Card,South,2024,9,2024-09,Wednesday,0
TXN11238,2024-09-18,CUST-382,Female,36,Books,Data Analytics Handbook,1,37.45,37.45,Net Banking,East,2024,9,2024-09,Wednesday,0
TXN11239,2024-09-18,CUST-153,Male,50,Clothing,Winter Coat,1,130.2,130.2,UPI,Central,2024,9,2024-09,Wednesday,0
TXN11240,2024-09-18,CUST-277,Male,21,Electronics,Tablet 10-inch,1,272.99,272.99,Debit Card,West,2024,9,2024-09,Wednesday,0
TXN11241,2024-09-19,CUST-518,Male,59,Electronics,Bluetooth Speaker,1,54.99,54.99,UPI,North,2024,9,2024-09,Thursday,0
TXN11242,2024-09-19,CUST-343,Male,20,Electronics,Smart Watch,1,215.99,215.99,Debit Card,West,2024,9,2024-09,Thursday,0
TXN11243,2024-09-19,CUST-440,Male,44,Clothing,Winter Coat,5,140.0,700.0,Credit Card,West,2024,9,2024-09,Thursday,0
TXN11244,2024-09-19,CUST-226,Female,58,Electronics,USB-C Hub,1,27.59,27.59,UPI,Central,2024,9,2024-09,Thursday,0
TXN11245,2024-09-20,CUST-508,Female,52,Electronics,Wireless Headphones,2,98.99,197.98,Net Banking,South,2024,9,2024-09,Friday,0
TXN11246,2024-09-20,CUST-511,Female,45,Beauty,Perfume Spray 100ml,1,72.0,72.0,Credit Card,South,2024,9,2024-09,Friday,0
TXN11247,2024-09-20,CUST-466,Other,23,Beauty,Hydrating Skincare Set,1,43.65,43.65,Credit Card,West,2024,9,2024-09,Friday,0
TXN11248,2024-09-20,CUST-370,Male,23,Electronics,Tablet 10-inch,1,296.99,296.99,UPI,West,2024,9,2024-09,Friday,0
TXN11249,2024-09-20,CUST-231,Female,61,Clothing,Formal Trousers,1,52.8,52.8,Net Banking,East,2024,9,2024-09,Friday,0
TXN11250,2024-09-21,CUST-192,Male,40,Home & Kitchen,Smoothie Blender,2,53.99,107.98,Credit Card,North,2024,9,2024-09,Saturday,1
TXN11251,2024-09-21,CUST-478,Female,50,Books,Data Analytics Handbook,1,35.0,35.0,Credit Card,East,2024,9,2024-09,Saturday,1
TXN11252,2024-09-21,CUST-172,Female,33,Beauty,Perfume Spray 100ml,1,79.5,79.5,Credit Card,North,2024,9,2024-09,Saturday,1
TXN11253,2024-09-22,CUST-510,Male,41,Electronics,Bluetooth Speaker,1,45.99,45.99,Debit Card,North,2024,9,2024-09,Sunday,1
TXN11254,2024-09-22,CUST-509,Female,22,Home & Kitchen,Air Purifier,2,139.49,278.98,Credit Card,South,2024,9,2024-09,Sunday,1
TXN11255,2024-09-22,CUST-502,Male,58,Beauty,Hydrating Skincare Set,2,46.8,93.6,UPI,South,2024,9,2024-09,Sunday,1
TXN11256,2024-09-23,CUST-347,Female,59,Electronics,USB-C Hub,1,28.19,28.19,UPI,South,2024,9,2024-09,Monday,0
TXN11257,2024-09-23,CUST-447,Male,30,Home & Kitchen,Smoothie Blender,1,60.59,60.59,Credit Card,South,2024,9,2024-09,Monday,0
TXN11258,2024-09-24,CUST-372,Male,64,Clothing,Cotton T-Shirt,1,21.82,21.82,Net Banking,North,2024,9,2024-09,Tuesday,0
TXN11259,2024-09-24,CUST-142,Female,29,Books,Sci-Fi Bestseller Novel,1,15.83,15.83,Debit Card,North,2024,9,2024-09,Tuesday,0
TXN11260,2024-09-24,CUST-476,Other,22,Home & Kitchen,Stainless Steel Cookware Set,1,141.69,141.69,UPI,North,2024,9,2024-09,Tuesday,0
TXN11261,2024-09-24,CUST-140,Female,54,Beauty,Hydrating Skincare Set,2,40.95,81.9,UPI,South,2024,9,2024-09,Tuesday,0
TXN11262,2024-09-24,CUST-269,Female,48,Home & Kitchen,Drip Coffee Maker,2,87.19,174.38,Credit Card,North,2024,9,2024-09,Tuesday,0
TXN11263,2024-09-24,CUST-533,Female,45,Clothing,Denim Jacket,2,69.55,139.1,Net Banking,South,2024,9,2024-09,Tuesday,0
TXN11264,2024-09-24,CUST-311,Male,45,Beauty,Sunscreen SPF 50,2,17.21,34.42,UPI,South,2024,9,2024-09,Tuesday,0
TXN11265,2024-09-24,CUST-592,Female,47,Home & Kitchen,Stainless Steel Cookware Set,1,120.89,120.89,Debit Card,North,2024,9,2024-09,Tuesday,0
TXN11266,2024-09-24,CUST-267,Female,35,Beauty,Hydrating Skincare Set,1,48.15,48.15,UPI,North,2024,9,2024-09,Tuesday,0
TXN11267,2024-09-24,CUST-138,Female,61,Books,Data Analytics Handbook,1,34.3,34.3,UPI,West,2024,9,2024-09,Tuesday,0
TXN11268,2024-09-24,CUST-468,Female,44,Books,Personal Finance Blueprint,2,21.78,43.56,UPI,East,2024,9,2024-09,Tuesday,0
TXN11269,2024-09-25,CUST-344,Male,52,Books,Personal Finance Blueprint,1,22.66,22.66,Net Banking,Central,2024,9,2024-09,Wednesday,0
TXN11270,2024-09-25,CUST-250,Female,43,Home & Kitchen,Smoothie Blender,4,61.19,244.76,Net Banking,East,2024,9,2024-09,Wednesday,0
TXN11271,2024-09-26,CUST-210,Female,56,Beauty,Matte Lipstick Set,1,25.2,25.2,UPI,Central,2024,9,2024-09,Thursday,0
TXN11272,2024-09-26,CUST-579,Female,66,Electronics,Wireless Headphones,1,93.59,93.59,Credit Card,South,2024,9,2024-09,Thursday,0
TXN11273,2024-09-26,CUST-535,Female,35,Home & Kitchen,Stainless Steel Cookware Set,2,132.59,265.18,UPI,East,2024,9,2024-09,Thursday,0
TXN11274,2024-09-26,CUST-146,Male,50,Clothing,Running Shoes,1,105.6,105.6,Debit Card,East,2024,9,2024-09,Thursday,0
TXN11275,2024-09-26,CUST-162,Female,42,Clothing,Denim Jacket,1,71.5,71.5,Credit Card,Central,2024,9,2024-09,Thursday,0
TXN11276,2024-09-26,CUST-324,Other,48,Electronics,Tablet 10-inch,1,284.99,284.99,UPI,South,2024,9,2024-09,Thursday,0
TXN11277,2024-09-27,CUST-465,Female,54,Home & Kitchen,Robot Vacuum,1,247.49,247.49,UPI,Central,2024,9,2024-09,Friday,0
TXN11278,2024-09-27,CUST-168,Female,19,Home & Kitchen,Air Purifier,3,161.99,485.97,Debit Card,East,2024,9,2024-09,Friday,0
TXN11279,2024-09-27,CUST-398,Male,50,Beauty,Perfume Spray 100ml,2,71.25,142.5,Credit Card,West,2024,9,2024-09,Friday,0
TXN11280,2024-09-27,CUST-531,Female,56,Clothing,Formal Trousers,1,50.05,50.05,UPI,Central,2024,9,2024-09,Friday,0
TXN11281,2024-09-28,CUST-389,Male,60,Beauty,Sunscreen SPF 50,1,17.39,17.39,Credit Card,Central,2024,9,2024-09,Saturday,1
TXN11282,2024-09-28,CUST-395,Other,60,Beauty,Matte Lipstick Set,1,30.8,30.8,Debit Card,West,2024,9,2024-09,Saturday,1
TXN11283,2024-09-28,CUST-302,Female,49,Clothing,Cotton T-Shirt,3,24.3,72.9,Credit Card,South,2024,9,2024-09,Saturday,1
TXN11284,2024-09-29,CUST-160,Female,35,Clothing,Cotton T-Shirt,1,22.5,22.5,Credit Card,South,2024,9,2024-09,Sunday,1
TXN11285,2024-09-29,CUST-533,Male,34,Clothing,Formal Trousers,1,58.3,58.3,Credit Card,South,2024,9,2024-09,Sunday,1
TXN11286,2024-09-29,CUST-550,Female,51,Beauty,Perfume Spray 100ml,1,72.0,72.0,Credit Card,North,2024,9,2024-09,Sunday,1
TXN11287,2024-09-29,CUST-417,Female,56,Beauty,Perfume Spray 100ml,1,72.0,72.0,Credit Card,North,2024,9,2024-09,Sunday,1
TXN11288,2024-09-29,CUST-413,Female,24,Clothing,Winter Coat,2,128.8,257.6,Cash,East,2024,9,2024-09,Sunday,1
TXN11289,2024-09-29,CUST-260,Female,59,Books,Personal Finance Blueprint,2,22.22,44.44,UPI,West,2024,9,2024-09,Sunday,1
TXN11290,2024-09-29,CUST-430,Male,52,Electronics,Wireless Headphones,1,94.49,94.49,Credit Card,North,2024,9,2024-09,Sunday,1
TXN11291,2024-09-29,CUST-115,Female,47,Clothing,Running Shoes,2,119.9,239.8,UPI,East,2024,9,2024-09,Sunday,1
TXN11292,2024-09-30,CUST-437,Female,29,Clothing,Running Shoes,1,106.7,106.7,UPI,South,2024,9,2024-09,Monday,0
TXN11293,2024-09-30,CUST-193,Male,52,Electronics,Wireless Headphones,1,86.39,86.39,Credit Card,Central,2024,9,2024-09,Monday,0
TXN11294,2024-09-30,CUST-403,Female,28,Clothing,Denim Jacket,1,63.7,63.7,Net Banking,North,2024,9,2024-09,Monday,0
TXN11295,2024-09-30,CUST-237,Female,61,Clothing,Winter Coat,1,130.2,130.2,UPI,East,2024,9,2024-09,Monday,0
TXN11296,2024-10-01,CUST-437,Male,21,Beauty,Hydrating Skincare Set,2,42.3,84.6,Cash,Central,2024,10,2024-10,Tuesday,0
TXN11297,2024-10-01,CUST-137,Female,42,Clothing,Running Shoes,3,111.1,333.3,UPI,South,2024,10,2024-10,Tuesday,0
TXN11298,2024-10-02,CUST-226,Male,65,Home & Kitchen,Stainless Steel Cookware Set,1,137.79,137.79,UPI,West,2024,10,2024-10,Wednesday,0
TXN11299,2024-10-02,CUST-374,Male,49,Beauty,Hydrating Skincare Set,1,42.75,42.75,UPI,Central,2024,10,2024-10,Wednesday,0
TXN11300,2024-10-02,CUST-263,Female,37,Electronics,Tablet 10-inch,1,308.99,308.99,Credit Card,North,2024,10,2024-10,Wednesday,0
TXN11301,2024-10-03,CUST-542,Male,67,Home & Kitchen,Smoothie Blender,3,55.79,167.37,Credit Card,Central,2024,10,2024-10,Thursday,0
TXN11302,2024-10-03,CUST-418,Female,48,Electronics,Smart Watch,3,209.99,629.97,Credit Card,West,2024,10,2024-10,Thursday,0
TXN11303,2024-10-03,CUST-176,Female,21,Home & Kitchen,Stainless Steel Cookware Set,1,118.29,118.29,Credit Card,North,2024,10,2024-10,Thursday,0
TXN11304,2024-10-03,CUST-273,Male,55,Books,Data Analytics Handbook,2,38.5,77.0,Credit Card,South,2024,10,2024-10,Thursday,0
TXN11305,2024-10-03,CUST-486,Male,64,Clothing,Denim Jacket,2,61.75,123.5,Credit Card,East,2024,10,2024-10,Thursday,0
TXN11306,2024-10-03,CUST-557,Female,18,Books,Personal Finance Blueprint,1,20.02,20.02,UPI,Central,2024,10,2024-10,Thursday,0
TXN11307,2024-10-03,CUST-457,Male,20,Home & Kitchen,Drip Coffee Maker,1,75.19,75.19,Net Banking,North,2024,10,2024-10,Thursday,0
TXN11308,2024-10-03,CUST-420,Male,54,Books,Personal Finance Blueprint,2,20.9,41.8,Credit Card,West,2024,10,2024-10,Thursday,0
TXN11309,2024-10-03,CUST-475,Other,39,Beauty,Hydrating Skincare Set,1,40.5,40.5,UPI,South,2024,10,2024-10,Thursday,0
TXN11310,2024-10-03,CUST-190,Female,34,Electronics,Wireless Headphones,1,94.49,94.49,UPI,West,2024,10,2024-10,Thursday,0
TXN11311,2024-10-04,CUST-337,Female,31,Books,Mindfulness & Productivity,1,16.74,16.74,Debit Card,East,2024,10,2024-10,Friday,0
TXN11312,2024-10-04,CUST-363,Female,58,Electronics,Wireless Headphones,1,82.79,82.79,UPI,East,2024,10,2024-10,Friday,0
TXN11313,2024-10-04,CUST-278,Male,52,Electronics,Smart Watch,3,199.99,599.97,Debit Card,East,2024,10,2024-10,Friday,0
TXN11314,2024-10-04,CUST-593,Female,30,Clothing,Winter Coat,1,151.2,151.2,UPI,Central,2024,10,2024-10,Friday,0
TXN11315,2024-10-05,CUST-589,Male,52,Clothing,Running Shoes,1,103.4,103.4,Credit Card,South,2024,10,2024-10,Saturday,1
TXN11316,2024-10-05,CUST-308,Female,60,Beauty,Matte Lipstick Set,1,30.24,30.24,UPI,West,2024,10,2024-10,Saturday,1
TXN11317,2024-10-05,CUST-172,Female,19,Home & Kitchen,Air Purifier,2,158.99,317.98,Cash,North,2024,10,2024-10,Saturday,1
TXN11318,2024-10-05,CUST-489,Female,64,Books,Data Analytics Handbook,1,36.05,36.05,Net Banking,West,2024,10,2024-10,Saturday,1
TXN11319,2024-10-05,CUST-206,Other,30,Electronics,Bluetooth Speaker,2,51.99,103.98,Net Banking,West,2024,10,2024-10,Saturday,1
TXN11320,2024-10-06,CUST-444,Female,33,Books,Personal Finance Blueprint,1,20.02,20.02,UPI,South,2024,10,2024-10,Sunday,1
TXN11321,2024-10-06,CUST-394,Male,35,Books,Sci-Fi Bestseller Novel,2,14.55,29.1,Debit Card,West,2024,10,2024-10,Sunday,1
TXN11322,2024-10-06,CUST-468,Female,24,Electronics,USB-C Hub,3,27.89,83.67,Credit Card,East,2024,10,2024-10,Sunday,1
TXN11323,2024-10-06,CUST-543,Female,62,Clothing,Winter Coat,3,144.2,432.6,Debit Card,Central,2024,10,2024-10,Sunday,1
TXN11324,2024-10-06,CUST-383,Female,53,Home & Kitchen,Air Purifier,1,160.49,160.49,UPI,North,2024,10,2024-10,Sunday,1
TXN11325,2024-10-07,CUST-452,Female,58,Beauty,Hydrating Skincare Set,2,44.1,88.2,Debit Card,North,2024,10,2024-10,Monday,0
TXN11326,2024-10-07,CUST-281,Female,47,Home & Kitchen,Drip Coffee Maker,1,74.39,74.39,Net Banking,West,2024,10,2024-10,Monday,0
TXN11327,2024-10-07,CUST-136,Female,59,Home & Kitchen,Robot Vacuum,2,262.49,524.98,UPI,West,2024,10,2024-10,Monday,0
TXN11328,2024-10-07,CUST-236,Female,58,Clothing,Denim Jacket,1,70.2,70.2,UPI,South,2024,10,2024-10,Monday,0
TXN11329,2024-10-08,CUST-437,Female,24,Electronics,Bluetooth Speaker,2,54.49,108.98,UPI,Central,2024,10,2024-10,Tuesday,0
TXN11330,2024-10-08,CUST-155,Other,32,Beauty,Hydrating Skincare Set,1,40.95,40.95,UPI,East,2024,10,2024-10,Tuesday,0
TXN11331,2024-10-08,CUST-286,Male,57,Electronics,Smart Watch,3,215.99,647.97,Credit Card,Central,2024,10,2024-10,Tuesday,0
TXN11332,2024-10-09,CUST-440,Female,36,Beauty,Perfume Spray 100ml,2,82.5,165.0,Debit Card,East,2024,10,2024-10,Wednesday,0
TXN11333,2024-10-09,CUST-357,Male,60,Home & Kitchen,Stainless Steel Cookware Set,1,141.69,141.69,UPI,North,2024,10,2024-10,Wednesday,0
TXN11334,2024-10-09,CUST-544,Male,54,Beauty,Hydrating Skincare Set,3,46.8,140.4,Credit Card,South,2024,10,2024-10,Wednesday,0
TXN11335,2024-10-09,CUST-157,Female,19,Books,Sci-Fi Bestseller Novel,1,14.87,14.87,Credit Card,Central,2024,10,2024-10,Wednesday,0
TXN11336,2024-10-09,CUST-462,Male,59,Clothing,Cotton T-Shirt,4,22.05,88.2,UPI,South,2024,10,2024-10,Wednesday,0
TXN11337,2024-10-09,CUST-222,Male,65,Home & Kitchen,Robot Vacuum,2,242.49,484.98,Credit Card,Central,2024,10,2024-10,Wednesday,0
TXN11338,2024-10-10,CUST-287,Female,30,Beauty,Matte Lipstick Set,5,27.72,138.6,UPI,West,2024,10,2024-10,Thursday,0
TXN11339,2024-10-10,CUST-329,Female,57,Books,Personal Finance Blueprint,1,20.02,20.02,Credit Card,South,2024,10,2024-10,Thursday,0
TXN11340,2024-10-10,CUST-267,Other,58,Home & Kitchen,Smoothie Blender,1,56.99,56.99,UPI,East,2024,10,2024-10,Thursday,0
TXN11341,2024-10-10,CUST-519,Male,60,Electronics,Smart Watch,2,193.99,387.98,Debit Card,East,2024,10,2024-10,Thursday,0
TXN11342,2024-10-11,CUST-213,Female,60,Books,Mindfulness & Productivity,4,16.2,64.8,UPI,East,2024,10,2024-10,Friday,0
TXN11343,2024-10-11,CUST-351,Female,48,Beauty,Sunscreen SPF 50,1,20.17,20.17,Cash,North,2024,10,2024-10,Friday,0
TXN11344,2024-10-11,CUST-206,Female,33,Electronics,Bluetooth Speaker,1,50.99,50.99,Debit Card,Central,2024,10,2024-10,Friday,0
TXN11345,2024-10-11,CUST-136,Male,59,Beauty,Perfume Spray 100ml,1,81.75,81.75,UPI,East,2024,10,2024-10,Friday,0
TXN11346,2024-10-11,CUST-434,Male,61,Books,Data Analytics Handbook,3,33.25,99.75,Credit Card,Central,2024,10,2024-10,Friday,0
TXN11347,2024-10-11,CUST-191,Other,23,Beauty,Sunscreen SPF 50,2,19.61,39.22,UPI,East,2024,10,2024-10,Friday,0
TXN11348,2024-10-11,CUST-117,Female,45,Clothing,Winter Coat,1,148.4,148.4,Debit Card,South,2024,10,2024-10,Friday,0
TXN11349,2024-10-12,CUST-453,Male,49,Home & Kitchen,Robot Vacuum,1,259.99,259.99,UPI,East,2024,10,2024-10,Saturday,1
TXN11350,2024-10-12,CUST-162,Male,61,Home & Kitchen,Robot Vacuum,2,249.99,499.98,Debit Card,West,2024,10,2024-10,Saturday,1
TXN11351,2024-10-12,CUST-249,Female,27,Beauty,Matte Lipstick Set,1,29.96,29.96,UPI,South,2024,10,2024-10,Saturday,1
TXN11352,2024-10-13,CUST-238,Female,67,Electronics,Smart Watch,2,211.99,423.98,UPI,Central,2024,10,2024-10,Sunday,1
TXN11353,2024-10-13,CUST-285,Other,35,Clothing,Running Shoes,1,105.6,105.6,UPI,South,2024,10,2024-10,Sunday,1
TXN11354,2024-10-13,CUST-284,Male,21,Home & Kitchen,Smoothie Blender,2,56.39,112.78,UPI,Central,2024,10,2024-10,Sunday,1
TXN11355,2024-10-13,CUST-304,Female,26,Home & Kitchen,Stainless Steel Cookware Set,3,132.59,397.77,Credit Card,Central,2024,10,2024-10,Sunday,1
TXN11356,2024-10-13,CUST-359,Male,24,Clothing,Winter Coat,1,130.2,130.2,UPI,West,2024,10,2024-10,Sunday,1
TXN11357,2024-10-14,CUST-313,Female,67,Clothing,Denim Jacket,1,70.2,70.2,Net Banking,South,2024,10,2024-10,Monday,0
TXN11358,2024-10-14,CUST-355,Male,25,Electronics,Wireless Headphones,2,92.69,185.38,Debit Card,East,2024,10,2024-10,Monday,0
TXN11359,2024-10-14,CUST-234,Male,60,Home & Kitchen,Smoothie Blender,1,62.99,62.99,UPI,West,2024,10,2024-10,Monday,0
TXN11360,2024-10-14,CUST-160,Female,24,Electronics,Bluetooth Speaker,3,52.99,158.97,Credit Card,East,2024,10,2024-10,Monday,0
TXN11361,2024-10-14,CUST-462,Other,58,Electronics,Tablet 10-inch,1,308.99,308.99,Credit Card,West,2024,10,2024-10,Monday,0
TXN11362,2024-10-14,CUST-409,Male,57,Electronics,Wireless Headphones,3,82.79,248.37,Debit Card,West,2024,10,2024-10,Monday,0
TXN11363,2024-10-14,CUST-187,Female,20,Beauty,Perfume Spray 100ml,1,81.75,81.75,Credit Card,East,2024,10,2024-10,Monday,0
TXN11364,2024-10-14,CUST-423,Male,34,Clothing,Winter Coat,1,154.0,154.0,UPI,East,2024,10,2024-10,Monday,0
TXN11365,2024-10-15,CUST-575,Female,19,Clothing,Formal Trousers,1,56.65,56.65,UPI,North,2024,10,2024-10,Tuesday,0
TXN11366,2024-10-15,CUST-306,Female,32,Books,Data Analytics Handbook,4,34.65,138.6,Credit Card,North,2024,10,2024-10,Tuesday,0
TXN11367,2024-10-15,CUST-228,Female,63,Electronics,Wireless Headphones,5,91.79,458.95,Cash,Central,2024,10,2024-10,Tuesday,0
TXN11368,2024-10-15,CUST-410,Female,46,Clothing,Formal Trousers,1,55.55,55.55,Net Banking,West,2024,10,2024-10,Tuesday,0
TXN11369,2024-10-15,CUST-102,Male,67,Books,Mindfulness & Productivity,1,17.82,17.82,UPI,North,2024,10,2024-10,Tuesday,0
TXN11370,2024-10-15,CUST-561,Female,65,Clothing,Denim Jacket,1,59.8,59.8,Debit Card,Central,2024,10,2024-10,Tuesday,0
TXN11371,2024-10-15,CUST-521,Male,39,Beauty,Perfume Spray 100ml,1,69.0,69.0,Net Banking,North,2024,10,2024-10,Tuesday,0
TXN11372,2024-10-15,CUST-341,Male,21,Electronics,USB-C Hub,2,28.19,56.38,UPI,South,2024,10,2024-10,Tuesday,0
TXN11373,2024-10-15,CUST-220,Female,23,Home & Kitchen,Robot Vacuum,1,257.49,257.49,Debit Card,North,2024,10,2024-10,Tuesday,0
TXN11374,2024-10-15,CUST-484,Male,55,Clothing,Denim Jacket,2,59.8,119.6,Credit Card,Central,2024,10,2024-10,Tuesday,0
TXN11375,2024-10-16,CUST-201,Female,43,Home & Kitchen,Robot Vacuum,2,272.49,544.98,Credit Card,Central,2024,10,2024-10,Wednesday,0
TXN11376,2024-10-17,CUST-137,Female,28,Clothing,Cotton T-Shirt,2,22.73,45.46,Credit Card,East,2024,10,2024-10,Thursday,0
TXN11377,2024-10-17,CUST-440,Female,43,Clothing,Denim Jacket,3,65.65,196.95,Cash,South,2024,10,2024-10,Thursday,0
TXN11378,2024-10-17,CUST-595,Female,34,Home & Kitchen,Robot Vacuum,1,249.99,249.99,UPI,East,2024,10,2024-10,Thursday,0
TXN11379,2024-10-17,CUST-512,Female,41,Books,Sci-Fi Bestseller Novel,1,15.67,15.67,Debit Card,West,2024,10,2024-10,Thursday,0
TXN11380,2024-10-18,CUST-232,Male,45,Electronics,USB-C Hub,2,26.99,53.98,UPI,North,2024,10,2024-10,Friday,0
TXN11381,2024-10-18,CUST-596,Female,52,Home & Kitchen,Robot Vacuum,1,227.49,227.49,Credit Card,South,2024,10,2024-10,Friday,0
TXN11382,2024-10-19,CUST-301,Female,48,Clothing,Formal Trousers,1,51.7,51.7,Cash,West,2024,10,2024-10,Saturday,1
TXN11383,2024-10-19,CUST-447,Other,30,Beauty,Matte Lipstick Set,3,30.24,90.72,Debit Card,South,2024,10,2024-10,Saturday,1
TXN11384,2024-10-19,CUST-120,Male,52,Clothing,Formal Trousers,2,53.35,106.7,UPI,North,2024,10,2024-10,Saturday,1
TXN11385,2024-10-19,CUST-341,Male,33,Beauty,Hydrating Skincare Set,1,43.65,43.65,Credit Card,East,2024,10,2024-10,Saturday,1
TXN11386,2024-10-19,CUST-554,Female,32,Clothing,Running Shoes,2,108.9,217.8,UPI,West,2024,10,2024-10,Saturday,1
TXN11387,2024-10-20,CUST-550,Male,60,Clothing,Cotton T-Shirt,1,22.05,22.05,UPI,Central,2024,10,2024-10,Sunday,1
TXN11388,2024-10-20,CUST-208,Male,35,Electronics,Tablet 10-inch,4,287.99,1151.96,Debit Card,North,2024,10,2024-10,Sunday,1
TXN11389,2024-10-20,CUST-402,Male,64,Electronics,USB-C Hub,1,28.49,28.49,Credit Card,East,2024,10,2024-10,Sunday,1
TXN11390,2024-10-20,CUST-183,Male,54,Books,Sci-Fi Bestseller Novel,2,15.51,31.02,Credit Card,South,2024,10,2024-10,Sunday,1
TXN11391,2024-10-21,CUST-182,Female,65,Books,Mindfulness & Productivity,2,19.8,39.6,Credit Card,North,2024,10,2024-10,Monday,0
TXN11392,2024-10-21,CUST-390,Female,65,Home & Kitchen,Drip Coffee Maker,1,79.99,79.99,UPI,East,2024,10,2024-10,Monday,0
TXN11393,2024-10-21,CUST-551,Female,66,Clothing,Running Shoes,2,119.9,239.8,UPI,North,2024,10,2024-10,Monday,0
TXN11394,2024-10-21,CUST-168,Female,58,Clothing,Denim Jacket,4,60.45,241.8,Credit Card,South,2024,10,2024-10,Monday,0
TXN11395,2024-10-22,CUST-228,Male,44,Home & Kitchen,Stainless Steel Cookware Set,2,141.69,283.38,Net Banking,West,2024,10,2024-10,Tuesday,0
TXN11396,2024-10-22,CUST-295,Female,52,Books,Cookbook 101 Recipes,1,26.68,26.68,Net Banking,South,2024,10,2024-10,Tuesday,0
TXN11397,2024-10-22,CUST-239,Other,62,Clothing,Cotton T-Shirt,2,22.95,45.9,Credit Card,Central,2024,10,2024-10,Tuesday,0
TXN11398,2024-10-22,CUST-543,Male,52,Home & Kitchen,Air Purifier,3,157.49,472.47,UPI,South,2024,10,2024-10,Tuesday,0
TXN11399,2024-10-22,CUST-382,Female,45,Books,Mindfulness & Productivity,1,19.8,19.8,Credit Card,South,2024,10,2024-10,Tuesday,0
TXN11400,2024-10-22,CUST-411,Female,56,Home & Kitchen,Drip Coffee Maker,2,72.79,145.58,Debit Card,South,2024,10,2024-10,Tuesday,0
TXN11401,2024-10-22,CUST-333,Male,55,Electronics,USB-C Hub,1,32.99,32.99,UPI,North,2024,10,2024-10,Tuesday,0
TXN11402,2024-10-23,CUST-122,Other,26,Electronics,USB-C Hub,1,32.09,32.09,Credit Card,Central,2024,10,2024-10,Wednesday,0
TXN11403,2024-10-23,CUST-252,Female,29,Clothing,Winter Coat,1,151.2,151.2,Cash,West,2024,10,2024-10,Wednesday,0
TXN11404,2024-10-24,CUST-376,Female,32,Beauty,Sunscreen SPF 50,4,16.84,67.36,Credit Card,South,2024,10,2024-10,Thursday,0
TXN11405,2024-10-24,CUST-160,Male,38,Electronics,Wireless Headphones,2,92.69,185.38,UPI,West,2024,10,2024-10,Thursday,0
TXN11406,2024-10-24,CUST-418,Male,52,Clothing,Cotton T-Shirt,1,22.73,22.73,Credit Card,Central,2024,10,2024-10,Thursday,0
TXN11407,2024-10-26,CUST-477,Female,59,Home & Kitchen,Air Purifier,3,146.99,440.97,UPI,North,2024,10,2024-10,Saturday,1
TXN11408,2024-10-26,CUST-151,Male,50,Clothing,Cotton T-Shirt,1,20.7,20.7,UPI,South,2024,10,2024-10,Saturday,1
TXN11409,2024-10-26,CUST-443,Female,36,Clothing,Cotton T-Shirt,2,24.53,49.06,Net Banking,North,2024,10,2024-10,Saturday,1
TXN11410,2024-10-27,CUST-252,Female,40,Beauty,Perfume Spray 100ml,1,70.5,70.5,UPI,Central,2024,10,2024-10,Sunday,1
TXN11411,2024-10-27,CUST-336,Female,30,Beauty,Hydrating Skincare Set,3,45.45,136.35,UPI,North,2024,10,2024-10,Sunday,1
TXN11412,2024-10-27,CUST-410,Female,61,Home & Kitchen,Drip Coffee Maker,2,72.79,145.58,Credit Card,South,2024,10,2024-10,Sunday,1
TXN11413,2024-10-27,CUST-401,Female,18,Electronics,Bluetooth Speaker,2,54.99,109.98,Net Banking,East,2024,10,2024-10,Sunday,1
TXN11414,2024-10-27,CUST-131,Female,46,Home & Kitchen,Smoothie Blender,1,54.59,54.59,Debit Card,East,2024,10,2024-10,Sunday,1
TXN11415,2024-10-27,CUST-154,Female,41,Beauty,Hydrating Skincare Set,1,41.4,41.4,UPI,West,2024,10,2024-10,Sunday,1
TXN11416,2024-10-27,CUST-451,Female,33,Electronics,USB-C Hub,1,29.09,29.09,Credit Card,South,2024,10,2024-10,Sunday,1
TXN11417,2024-10-28,CUST-488,Female,42,Home & Kitchen,Air Purifier,4,157.49,629.96,Credit Card,East,2024,10,2024-10,Monday,0
TXN11418,2024-10-28,CUST-135,Other,40,Clothing,Cotton T-Shirt,1,20.48,20.48,Credit Card,Central,2024,10,2024-10,Monday,0
TXN11419,2024-10-28,CUST-209,Female,45,Clothing,Denim Jacket,2,62.4,124.8,Credit Card,South,2024,10,2024-10,Monday,0
TXN11420,2024-10-28,CUST-589,Female,64,Clothing,Denim Jacket,1,68.25,68.25,UPI,North,2024,10,2024-10,Monday,0
TXN11421,2024-10-28,CUST-276,Male,33,Clothing,Formal Trousers,1,53.35,53.35,Cash,West,2024,10,2024-10,Monday,0
TXN11422,2024-10-28,CUST-461,Other,60,Clothing,Cotton T-Shirt,1,24.3,24.3,Credit Card,West,2024,10,2024-10,Monday,0
TXN11423,2024-10-28,CUST-413,Female,55,Home & Kitchen,Smoothie Blender,2,59.99,119.98,UPI,South,2024,10,2024-10,Monday,0
TXN11424,2024-10-28,CUST-394,Male,28,Electronics,Wireless Headphones,2,93.59,187.18,Credit Card,North,2024,10,2024-10,Monday,0
TXN11425,2024-10-28,CUST-435,Male,20,Books,Data Analytics Handbook,4,37.8,151.2,UPI,West,2024,10,2024-10,Monday,0
TXN11426,2024-10-28,CUST-196,Male,32,Beauty,Sunscreen SPF 50,3,20.35,61.05,Credit Card,East,2024,10,2024-10,Monday,0
TXN11427,2024-10-29,CUST-468,Female,18,Electronics,Wireless Headphones,1,96.29,96.29,UPI,Central,2024,10,2024-10,Tuesday,0
TXN11428,2024-10-29,CUST-312,Male,24,Electronics,Wireless Headphones,3,81.89,245.67,UPI,West,2024,10,2024-10,Tuesday,0
TXN11429,2024-10-29,CUST-416,Female,18,Beauty,Perfume Spray 100ml,1,73.5,73.5,Debit Card,North,2024,10,2024-10,Tuesday,0
TXN11430,2024-10-29,CUST-236,Male,66,Beauty,Matte Lipstick Set,3,26.32,78.96,Debit Card,West,2024,10,2024-10,Tuesday,0
TXN11431,2024-10-29,CUST-105,Male,49,Electronics,Bluetooth Speaker,1,49.49,49.49,UPI,North,2024,10,2024-10,Tuesday,0
TXN11432,2024-10-29,CUST-598,Female,26,Electronics,USB-C Hub,3,32.69,98.07,Credit Card,Central,2024,10,2024-10,Tuesday,0
TXN11433,2024-10-29,CUST-208,Male,46,Home & Kitchen,Robot Vacuum,1,264.99,264.99,Credit Card,West,2024,10,2024-10,Tuesday,0
TXN11434,2024-10-30,CUST-134,Female,43,Electronics,USB-C Hub,1,28.79,28.79,Credit Card,East,2024,10,2024-10,Wednesday,0
TXN11435,2024-10-30,CUST-138,Male,40,Home & Kitchen,Air Purifier,1,140.99,140.99,UPI,East,2024,10,2024-10,Wednesday,0
TXN11436,2024-10-30,CUST-249,Female,62,Beauty,Hair Dryer Pro,1,84.15,84.15,Debit Card,North,2024,10,2024-10,Wednesday,0
TXN11437,2024-10-30,CUST-524,Female,60,Clothing,Formal Trousers,1,53.9,53.9,UPI,North,2024,10,2024-10,Wednesday,0
TXN11438,2024-10-31,CUST-217,Female,46,Clothing,Winter Coat,3,138.6,415.8,Net Banking,South,2024,10,2024-10,Thursday,0
TXN11439,2024-10-31,CUST-360,Male,55,Electronics,Bluetooth Speaker,2,49.49,98.98,Credit Card,West,2024,10,2024-10,Thursday,0
TXN11440,2024-10-31,CUST-525,Female,50,Home & Kitchen,Air Purifier,1,148.49,148.49,Net Banking,South,2024,10,2024-10,Thursday,0
TXN11441,2024-10-31,CUST-186,Female,24,Electronics,Wireless Headphones,1,81.89,81.89,UPI,North,2024,10,2024-10,Thursday,0
TXN11442,2024-10-31,CUST-564,Female,29,Clothing,Denim Jacket,1,66.95,66.95,Debit Card,West,2024,10,2024-10,Thursday,0
TXN11443,2024-10-31,CUST-175,Male,48,Beauty,Hydrating Skincare Set,3,45.9,137.7,UPI,North,2024,10,2024-10,Thursday,0
TXN11444,2024-10-31,CUST-570,Male,49,Electronics,USB-C Hub,1,30.89,30.89,Debit Card,West,2024,10,2024-10,Thursday,0
TXN11445,2024-10-31,CUST-563,Female,37,Clothing,Denim Jacket,1,70.2,70.2,UPI,South,2024,10,2024-10,Thursday,0
TXN11446,2024-11-01,CUST-550,Female,34,Home & Kitchen,Drip Coffee Maker,1,77.59,77.59,Credit Card,South,2024,11,2024-11,Friday,0
TXN11447,2024-11-01,CUST-513,Female,53,Clothing,Winter Coat,1,145.6,145.6,UPI,South,2024,11,2024-11,Friday,0
TXN11448,2024-11-01,CUST-412,Female,20,Books,Personal Finance Blueprint,1,22.22,22.22,UPI,Central,2024,11,2024-11,Friday,0
TXN11449,2024-11-01,CUST-482,Female,18,Home & Kitchen,Stainless Steel Cookware Set,1,124.79,124.79,Credit Card,North,2024,11,2024-11,Friday,0
TXN11450,2024-11-02,CUST-313,Male,67,Clothing,Denim Jacket,1,70.85,70.85,Credit Card,North,2024,11,2024-11,Saturday,1
TXN11451,2024-11-02,CUST-556,Female,44,Clothing,Denim Jacket,1,69.55,69.55,Credit Card,East,2024,11,2024-11,Saturday,1
TXN11452,2024-11-02,CUST-384,Female,64,Clothing,Cotton T-Shirt,1,22.73,22.73,UPI,Central,2024,11,2024-11,Saturday,1
TXN11453,2024-11-03,CUST-338,Female,57,Beauty,Perfume Spray 100ml,2,75.0,150.0,UPI,North,2024,11,2024-11,Sunday,1
TXN11454,2024-11-03,CUST-264,Other,50,Clothing,Denim Jacket,1,64.35,64.35,Debit Card,West,2024,11,2024-11,Sunday,1
TXN11455,2024-11-03,CUST-186,Male,37,Books,Sci-Fi Bestseller Novel,1,16.79,16.79,Debit Card,West,2024,11,2024-11,Sunday,1
TXN11456,2024-11-04,CUST-240,Male,31,Beauty,Matte Lipstick Set,1,29.96,29.96,UPI,East,2024,11,2024-11,Monday,0
TXN11457,2024-11-04,CUST-259,Female,53,Clothing,Cotton T-Shirt,3,21.82,65.46,Credit Card,South,2024,11,2024-11,Monday,0
TXN11458,2024-11-04,CUST-145,Female,22,Beauty,Sunscreen SPF 50,2,19.98,39.96,Debit Card,South,2024,11,2024-11,Monday,0
TXN11459,2024-11-04,CUST-471,Female,40,Clothing,Denim Jacket,2,63.7,127.4,Net Banking,South,2024,11,2024-11,Monday,0
TXN11460,2024-11-05,CUST-594,Female,62,Home & Kitchen,Air Purifier,1,161.99,161.99,UPI,East,2024,11,2024-11,Tuesday,0
TXN11461,2024-11-05,CUST-211,Female,32,Beauty,Hair Dryer Pro,1,90.95,90.95,Debit Card,North,2024,11,2024-11,Tuesday,0
TXN11462,2024-11-05,CUST-506,Male,23,Electronics,Tablet 10-inch,1,296.99,296.99,UPI,East,2024,11,2024-11,Tuesday,0
TXN11463,2024-11-06,CUST-144,Male,50,Electronics,Wireless Headphones,1,83.69,83.69,Debit Card,South,2024,11,2024-11,Wednesday,0
TXN11464,2024-11-06,CUST-500,Male,36,Home & Kitchen,Drip Coffee Maker,2,75.19,150.38,UPI,South,2024,11,2024-11,Wednesday,0
TXN11465,2024-11-06,CUST-346,Female,30,Beauty,Sunscreen SPF 50,3,19.05,57.15,Credit Card,East,2024,11,2024-11,Wednesday,0
TXN11466,2024-11-06,CUST-203,Male,46,Books,Mindfulness & Productivity,3,19.08,57.24,Credit Card,Central,2024,11,2024-11,Wednesday,0
TXN11467,2024-11-06,CUST-184,Female,23,Electronics,Wireless Headphones,1,81.89,81.89,Credit Card,East,2024,11,2024-11,Wednesday,0
TXN11468,2024-11-07,CUST-549,Female,32,Clothing,Cotton T-Shirt,1,24.08,24.08,Credit Card,North,2024,11,2024-11,Thursday,0
TXN11469,2024-11-07,CUST-584,Male,33,Electronics,Smart Watch,1,213.99,213.99,Debit Card,North,2024,11,2024-11,Thursday,0
TXN11470,2024-11-07,CUST-233,Female,41,Beauty,Sunscreen SPF 50,1,20.35,20.35,Credit Card,East,2024,11,2024-11,Thursday,0
TXN11471,2024-11-07,CUST-207,Female,40,Clothing,Cotton T-Shirt,4,24.3,97.2,UPI,East,2024,11,2024-11,Thursday,0
TXN11472,2024-11-08,CUST-117,Female,65,Electronics,Bluetooth Speaker,1,49.99,49.99,UPI,East,2024,11,2024-11,Friday,0
TXN11473,2024-11-08,CUST-193,Male,27,Beauty,Perfume Spray 100ml,4,81.75,327.0,Credit Card,South,2024,11,2024-11,Friday,0
TXN11474,2024-11-08,CUST-249,Male,58,Beauty,Hair Dryer Pro,1,83.3,83.3,Debit Card,West,2024,11,2024-11,Friday,0
TXN11475,2024-11-08,CUST-345,Female,58,Clothing,Running Shoes,1,105.6,105.6,Debit Card,Central,2024,11,2024-11,Friday,0
TXN11476,2024-11-08,CUST-388,Male,66,Clothing,Denim Jacket,1,59.8,59.8,UPI,North,2024,11,2024-11,Friday,0
TXN11477,2024-11-08,CUST-513,Female,34,Home & Kitchen,Smoothie Blender,2,62.99,125.98,Credit Card,West,2024,11,2024-11,Friday,0
TXN11478,2024-11-09,CUST-308,Female,66,Electronics,Smart Watch,1,213.99,213.99,UPI,North,2024,11,2024-11,Saturday,1
TXN11479,2024-11-09,CUST-225,Male,61,Clothing,Cotton T-Shirt,1,24.08,24.08,Cash,South,2024,11,2024-11,Saturday,1
TXN11480,2024-11-09,CUST-334,Male,62,Clothing,Formal Trousers,1,55.55,55.55,UPI,South,2024,11,2024-11,Saturday,1
TXN11481,2024-11-09,CUST-515,Other,47,Home & Kitchen,Robot Vacuum,1,224.99,224.99,Credit Card,East,2024,11,2024-11,Saturday,1
TXN11482,2024-11-09,CUST-525,Female,61,Home & Kitchen,Drip Coffee Maker,1,78.39,78.39,Credit Card,South,2024,11,2024-11,Saturday,1
TXN11483,2024-11-09,CUST-598,Male,63,Clothing,Winter Coat,1,151.2,151.2,Net Banking,West,2024,11,2024-11,Saturday,1
TXN11484,2024-11-09,CUST-561,Male,27,Clothing,Formal Trousers,2,57.2,114.4,UPI,South,2024,11,2024-11,Saturday,1
TXN11485,2024-11-10,CUST-221,Male,36,Books,Mindfulness & Productivity,2,19.44,38.88,UPI,South,2024,11,2024-11,Sunday,1
TXN11486,2024-11-11,CUST-237,Female,46,Books,Mindfulness & Productivity,1,17.46,17.46,Credit Card,North,2024,11,2024-11,Monday,0
TXN11487,2024-11-11,CUST-594,Male,19,Beauty,Hydrating Skincare Set,2,43.2,86.4,Credit Card,East,2024,11,2024-11,Monday,0
TXN11488,2024-11-11,CUST-214,Male,53,Books,Mindfulness & Productivity,1,16.56,16.56,UPI,North,2024,11,2024-11,Monday,0
TXN11489,2024-11-11,CUST-519,Female,36,Beauty,Perfume Spray 100ml,2,77.25,154.5,Credit Card,South,2024,11,2024-11,Monday,0
TXN11490,2024-11-12,CUST-261,Female,24,Home & Kitchen,Robot Vacuum,1,239.99,239.99,Credit Card,South,2024,11,2024-11,Tuesday,0
TXN11491,2024-11-13,CUST-300,Female,43,Clothing,Formal Trousers,1,51.7,51.7,Debit Card,North,2024,11,2024-11,Wednesday,0
TXN11492,2024-11-13,CUST-333,Male,32,Clothing,Cotton T-Shirt,1,21.6,21.6,UPI,North,2024,11,2024-11,Wednesday,0
TXN11493,2024-11-13,CUST-127,Male,64,Electronics,Tablet 10-inch,2,308.99,617.98,UPI,North,2024,11,2024-11,Wednesday,0
TXN11494,2024-11-13,CUST-110,Male,55,Home & Kitchen,Robot Vacuum,1,262.49,262.49,Debit Card,South,2024,11,2024-11,Wednesday,0
TXN11495,2024-11-13,CUST-305,Male,20,Books,Sci-Fi Bestseller Novel,1,15.67,15.67,Debit Card,East,2024,11,2024-11,Wednesday,0
TXN11496,2024-11-13,CUST-266,Female,55,Beauty,Matte Lipstick Set,1,30.52,30.52,Debit Card,South,2024,11,2024-11,Wednesday,0
TXN11497,2024-11-13,CUST-346,Female,33,Clothing,Winter Coat,1,151.2,151.2,Debit Card,East,2024,11,2024-11,Wednesday,0
TXN11498,2024-11-13,CUST-146,Female,19,Electronics,Smart Watch,2,205.99,411.98,UPI,South,2024,11,2024-11,Wednesday,0
TXN11499,2024-11-13,CUST-345,Female,48,Clothing,Winter Coat,2,131.6,263.2,UPI,South,2024,11,2024-11,Wednesday,0
TXN11500,2024-11-13,CUST-226,Female,45,Clothing,Denim Jacket,3,63.05,189.15,UPI,West,2024,11,2024-11,Wednesday,0
TXN11501,2024-11-14,CUST-246,Female,24,Beauty,Perfume Spray 100ml,1,75.0,75.0,Net Banking,East,2024,11,2024-11,Thursday,0
TXN11502,2024-11-14,CUST-217,Female,47,Books,Mindfulness & Productivity,1,16.38,16.38,Credit Card,Central,2024,11,2024-11,Thursday,0
TXN11503,2024-11-14,CUST-498,Female,60,Electronics,Bluetooth Speaker,2,51.99,103.98,UPI,South,2024,11,2024-11,Thursday,0
TXN11504,2024-11-15,CUST-481,Female,24,Electronics,Tablet 10-inch,2,299.99,599.98,UPI,West,2024,11,2024-11,Friday,0
TXN11505,2024-11-15,CUST-511,Female,53,Beauty,Perfume Spray 100ml,1,80.25,80.25,Net Banking,West,2024,11,2024-11,Friday,0
TXN11506,2024-11-15,CUST-251,Female,46,Clothing,Denim Jacket,2,71.5,143.0,Debit Card,Central,2024,11,2024-11,Friday,0
TXN11507,2024-11-15,CUST-171,Male,41,Books,Cookbook 101 Recipes,2,27.77,55.54,Net Banking,Central,2024,11,2024-11,Friday,0
TXN11508,2024-11-15,CUST-462,Male,56,Clothing,Cotton T-Shirt,1,22.73,22.73,UPI,North,2024,11,2024-11,Friday,0
TXN11509,2024-11-15,CUST-236,Male,21,Clothing,Running Shoes,2,103.4,206.8,Credit Card,North,2024,11,2024-11,Friday,0
TXN11510,2024-11-15,CUST-274,Female,46,Clothing,Formal Trousers,1,56.65,56.65,UPI,East,2024,11,2024-11,Friday,0
TXN11511,2024-11-16,CUST-388,Male,61,Electronics,Smart Watch,4,199.99,799.96,UPI,South,2024,11,2024-11,Saturday,1
TXN11512,2024-11-16,CUST-545,Male,22,Beauty,Perfume Spray 100ml,1,70.5,70.5,UPI,West,2024,11,2024-11,Saturday,1
TXN11513,2024-11-16,CUST-580,Male,46,Electronics,USB-C Hub,1,31.79,31.79,UPI,North,2024,11,2024-11,Saturday,1
TXN11514,2024-11-17,CUST-118,Female,47,Clothing,Cotton T-Shirt,1,24.3,24.3,Credit Card,West,2024,11,2024-11,Sunday,1
TXN11515,2024-11-18,CUST-294,Male,46,Clothing,Winter Coat,4,131.6,526.4,Net Banking,North,2024,11,2024-11,Monday,0
TXN11516,2024-11-18,CUST-429,Male,43,Electronics,Smart Watch,2,211.99,423.98,UPI,South,2024,11,2024-11,Monday,0
TXN11517,2024-11-18,CUST-523,Male,36,Electronics,Wireless Headphones,1,96.29,96.29,Net Banking,Central,2024,11,2024-11,Monday,0
TXN11518,2024-11-18,CUST-274,Male,43,Beauty,Matte Lipstick Set,2,25.48,50.96,UPI,North,2024,11,2024-11,Monday,0
TXN11519,2024-11-19,CUST-589,Female,54,Beauty,Matte Lipstick Set,2,29.12,58.24,Credit Card,South,2024,11,2024-11,Tuesday,0
TXN11520,2024-11-19,CUST-548,Male,44,Books,Sci-Fi Bestseller Novel,1,16.95,16.95,UPI,North,2024,11,2024-11,Tuesday,0
TXN11521,2024-11-19,CUST-512,Female,47,Electronics,Bluetooth Speaker,1,45.49,45.49,Credit Card,Central,2024,11,2024-11,Tuesday,0
TXN11522,2024-11-19,CUST-533,Male,47,Electronics,Tablet 10-inch,2,326.99,653.98,UPI,West,2024,11,2024-11,Tuesday,0
TXN11523,2024-11-19,CUST-453,Female,20,Electronics,Smart Watch,1,217.99,217.99,Credit Card,West,2024,11,2024-11,Tuesday,0
TXN11524,2024-11-19,CUST-598,Female,60,Clothing,Running Shoes,1,107.8,107.8,Debit Card,East,2024,11,2024-11,Tuesday,0
TXN11525,2024-11-19,CUST-240,Female,24,Beauty,Perfume Spray 100ml,2,77.25,154.5,Debit Card,South,2024,11,2024-11,Tuesday,0
TXN11526,2024-11-19,CUST-345,Male,66,Home & Kitchen,Robot Vacuum,1,239.99,239.99,UPI,North,2024,11,2024-11,Tuesday,0
TXN11527,2024-11-20,CUST-484,Female,26,Beauty,Hair Dryer Pro,1,81.6,81.6,Debit Card,South,2024,11,2024-11,Wednesday,0
TXN11528,2024-11-20,CUST-517,Male,58,Electronics,Smart Watch,1,215.99,215.99,Credit Card,East,2024,11,2024-11,Wednesday,0
TXN11529,2024-11-20,CUST-192,Male,59,Clothing,Cotton T-Shirt,2,22.73,45.46,Cash,East,2024,11,2024-11,Wednesday,0
TXN11530,2024-11-21,CUST-531,Female,30,Books,Data Analytics Handbook,2,35.35,70.7,Credit Card,North,2024,11,2024-11,Thursday,0
TXN11531,2024-11-21,CUST-338,Female,32,Clothing,Winter Coat,2,144.2,288.4,Cash,North,2024,11,2024-11,Thursday,0
TXN11532,2024-11-21,CUST-304,Female,22,Clothing,Denim Jacket,1,65.65,65.65,Debit Card,North,2024,11,2024-11,Thursday,0
TXN11533,2024-11-21,CUST-147,Male,46,Books,Data Analytics Handbook,2,34.3,68.6,Debit Card,South,2024,11,2024-11,Thursday,0
TXN11534,2024-11-22,CUST-532,Male,52,Home & Kitchen,Air Purifier,3,136.49,409.47,UPI,North,2024,11,2024-11,Friday,0
TXN11535,2024-11-22,CUST-344,Female,44,Home & Kitchen,Stainless Steel Cookware Set,1,118.29,118.29,Credit Card,North,2024,11,2024-11,Friday,0
TXN11536,2024-11-22,CUST-419,Female,44,Clothing,Running Shoes,1,111.1,111.1,Credit Card,North,2024,11,2024-11,Friday,0
TXN11537,2024-11-22,CUST-416,Male,25,Clothing,Cotton T-Shirt,2,22.73,45.46,UPI,Central,2024,11,2024-11,Friday,0
TXN11538,2024-11-23,CUST-512,Male,49,Electronics,USB-C Hub,1,32.69,32.69,UPI,North,2024,11,2024-11,Saturday,1
TXN11539,2024-11-23,CUST-394,Male,37,Beauty,Sunscreen SPF 50,1,17.39,17.39,Cash,West,2024,11,2024-11,Saturday,1
TXN11540,2024-11-23,CUST-227,Male,27,Electronics,USB-C Hub,1,30.59,30.59,Credit Card,South,2024,11,2024-11,Saturday,1
TXN11541,2024-11-24,CUST-443,Female,30,Home & Kitchen,Drip Coffee Maker,1,77.59,77.59,UPI,East,2024,11,2024-11,Sunday,1
TXN11542,2024-11-24,CUST-381,Female,46,Home & Kitchen,Smoothie Blender,1,64.79,64.79,Credit Card,North,2024,11,2024-11,Sunday,1
TXN11543,2024-11-24,CUST-116,Female,52,Beauty,Hair Dryer Pro,1,88.4,88.4,UPI,East,2024,11,2024-11,Sunday,1
TXN11544,2024-11-24,CUST-170,Female,25,Electronics,Wireless Headphones,3,89.99,269.97,Credit Card,South,2024,11,2024-11,Sunday,1
TXN11545,2024-11-25,CUST-368,Female,46,Electronics,Smart Watch,1,201.99,201.99,Credit Card,North,2024,11,2024-11,Monday,0
TXN11546,2024-11-25,CUST-424,Female,48,Home & Kitchen,Drip Coffee Maker,2,87.19,174.38,UPI,Central,2024,11,2024-11,Monday,0
TXN11547,2024-11-25,CUST-381,Female,58,Beauty,Hair Dryer Pro,1,79.05,79.05,Debit Card,East,2024,11,2024-11,Monday,0
TXN11548,2024-11-25,CUST-404,Male,47,Home & Kitchen,Drip Coffee Maker,2,74.39,148.78,UPI,North,2024,11,2024-11,Monday,0
TXN11549,2024-11-25,CUST-550,Male,39,Clothing,Winter Coat,1,127.4,127.4,Net Banking,South,2024,11,2024-11,Monday,0
TXN11550,2024-11-26,CUST-106,Male,38,Beauty,Matte Lipstick Set,2,25.76,51.52,Cash,South,2024,11,2024-11,Tuesday,0
TXN11551,2024-11-26,CUST-413,Male,29,Home & Kitchen,Drip Coffee Maker,3,86.39,259.17,UPI,West,2024,11,2024-11,Tuesday,0
TXN11552,2024-11-26,CUST-404,Female,28,Clothing,Winter Coat,2,144.2,288.4,Debit Card,East,2024,11,2024-11,Tuesday,0
TXN11553,2024-11-27,CUST-202,Male,19,Beauty,Matte Lipstick Set,1,27.72,27.72,Credit Card,North,2024,11,2024-11,Wednesday,0
TXN11554,2024-11-27,CUST-408,Female,67,Home & Kitchen,Air Purifier,2,160.49,320.98,Credit Card,North,2024,11,2024-11,Wednesday,0
TXN11555,2024-11-27,CUST-292,Male,58,Electronics,USB-C Hub,1,32.39,32.39,UPI,South,2024,11,2024-11,Wednesday,0
TXN11556,2024-11-27,CUST-340,Female,19,Electronics,Bluetooth Speaker,1,45.99,45.99,Credit Card,South,2024,11,2024-11,Wednesday,0
TXN11557,2024-11-27,CUST-161,Other,51,Beauty,Sunscreen SPF 50,1,18.13,18.13,Cash,East,2024,11,2024-11,Wednesday,0
TXN11558,2024-11-28,CUST-116,Female,20,Electronics,Wireless Headphones,4,96.29,385.16,UPI,West,2024,11,2024-11,Thursday,0
TXN11559,2024-11-29,CUST-270,Female,33,Home & Kitchen,Stainless Steel Cookware Set,1,128.69,128.69,UPI,East,2024,11,2024-11,Friday,0
TXN11560,2024-11-29,CUST-124,Male,21,Home & Kitchen,Robot Vacuum,3,254.99,764.97,UPI,South,2024,11,2024-11,Friday,0
TXN11561,2024-11-29,CUST-350,Female,40,Books,Data Analytics Handbook,1,35.0,35.0,Credit Card,Central,2024,11,2024-11,Friday,0
TXN11562,2024-11-29,CUST-352,Male,67,Beauty,Hair Dryer Pro,1,85.85,85.85,Net Banking,North,2024,11,2024-11,Friday,0
TXN11563,2024-11-29,CUST-486,Male,37,Electronics,Wireless Headphones,2,81.89,163.78,Credit Card,East,2024,11,2024-11,Friday,0
TXN11564,2024-11-30,CUST-306,Male,42,Clothing,Running Shoes,1,107.8,107.8,UPI,Central,2024,11,2024-11,Saturday,1
TXN11565,2024-11-30,CUST-128,Other,47,Home & Kitchen,Robot Vacuum,2,274.99,549.98,Credit Card,East,2024,11,2024-11,Saturday,1
TXN11566,2024-11-30,CUST-216,Other,35,Electronics,Bluetooth Speaker,2,49.49,98.98,UPI,South,2024,11,2024-11,Saturday,1
TXN11567,2024-11-30,CUST-590,Female,59,Beauty,Hair Dryer Pro,1,85.0,85.0,UPI,North,2024,11,2024-11,Saturday,1
TXN11568,2024-11-30,CUST-515,Male,28,Home & Kitchen,Air Purifier,2,160.49,320.98,Credit Card,West,2024,11,2024-11,Saturday,1
TXN11569,2024-12-01,CUST-381,Male,46,Clothing,Denim Jacket,1,64.35,64.35,UPI,South,2024,12,2024-12,Sunday,1
TXN11570,2024-12-01,CUST-479,Male,34,Clothing,Formal Trousers,1,58.85,58.85,Debit Card,West,2024,12,2024-12,Sunday,1
TXN11571,2024-12-01,CUST-243,Female,43,Beauty,Hydrating Skincare Set,1,42.75,42.75,Credit Card,North,2024,12,2024-12,Sunday,1
TXN11572,2024-12-01,CUST-124,Male,40,Home & Kitchen,Smoothie Blender,1,59.99,59.99,Debit Card,North,2024,12,2024-12,Sunday,1
TXN11573,2024-12-01,CUST-409,Other,65,Electronics,Tablet 10-inch,3,326.99,980.97,Cash,South,2024,12,2024-12,Sunday,1
TXN11574,2024-12-01,CUST-255,Male,37,Books,Personal Finance Blueprint,2,23.98,47.96,Net Banking,South,2024,12,2024-12,Sunday,1
TXN11575,2024-12-02,CUST-172,Female,62,Beauty,Hydrating Skincare Set,2,44.1,88.2,UPI,Central,2024,12,2024-12,Monday,0
TXN11576,2024-12-02,CUST-219,Female,19,Books,Personal Finance Blueprint,2,21.56,43.12,Net Banking,Central,2024,12,2024-12,Monday,0
TXN11577,2024-12-03,CUST-411,Female,41,Electronics,Tablet 10-inch,1,314.99,314.99,Debit Card,East,2024,12,2024-12,Tuesday,0
TXN11578,2024-12-03,CUST-420,Male,48,Electronics,Smart Watch,2,199.99,399.98,Debit Card,North,2024,12,2024-12,Tuesday,0
TXN11579,2024-12-03,CUST-192,Male,44,Home & Kitchen,Stainless Steel Cookware Set,2,141.69,283.38,UPI,North,2024,12,2024-12,Tuesday,0
TXN11580,2024-12-03,CUST-185,Female,19,Home & Kitchen,Stainless Steel Cookware Set,1,128.69,128.69,UPI,East,2024,12,2024-12,Tuesday,0
TXN11581,2024-12-03,CUST-435,Female,31,Clothing,Formal Trousers,3,56.65,169.95,Cash,North,2024,12,2024-12,Tuesday,0
TXN11582,2024-12-03,CUST-524,Female,21,Home & Kitchen,Stainless Steel Cookware Set,2,131.29,262.58,UPI,West,2024,12,2024-12,Tuesday,0
TXN11583,2024-12-04,CUST-598,Female,66,Home & Kitchen,Robot Vacuum,1,239.99,239.99,UPI,North,2024,12,2024-12,Wednesday,0
TXN11584,2024-12-04,CUST-463,Male,30,Electronics,Smart Watch,1,209.99,209.99,UPI,East,2024,12,2024-12,Wednesday,0
TXN11585,2024-12-05,CUST-534,Male,53,Beauty,Hydrating Skincare Set,1,42.3,42.3,Net Banking,West,2024,12,2024-12,Thursday,0
TXN11586,2024-12-05,CUST-217,Female,52,Home & Kitchen,Stainless Steel Cookware Set,1,141.69,141.69,Credit Card,South,2024,12,2024-12,Thursday,0
TXN11587,2024-12-05,CUST-332,Male,61,Clothing,Formal Trousers,2,50.05,100.1,Net Banking,West,2024,12,2024-12,Thursday,0
TXN11588,2024-12-06,CUST-298,Female,25,Clothing,Winter Coat,3,127.4,382.2,UPI,West,2024,12,2024-12,Friday,0
TXN11589,2024-12-06,CUST-305,Other,19,Home & Kitchen,Robot Vacuum,2,232.49,464.98,UPI,East,2024,12,2024-12,Friday,0
TXN11590,2024-12-06,CUST-512,Female,23,Clothing,Formal Trousers,3,50.6,151.8,Credit Card,South,2024,12,2024-12,Friday,0
TXN11591,2024-12-06,CUST-438,Female,48,Electronics,Bluetooth Speaker,3,49.99,149.97,Credit Card,South,2024,12,2024-12,Friday,0
TXN11592,2024-12-06,CUST-246,Female,27,Books,Sci-Fi Bestseller Novel,3,17.59,52.77,UPI,Central,2024,12,2024-12,Friday,0
TXN11593,2024-12-07,CUST-549,Male,61,Beauty,Hair Dryer Pro,1,84.15,84.15,UPI,East,2024,12,2024-12,Saturday,1
TXN11594,2024-12-07,CUST-524,Male,38,Home & Kitchen,Air Purifier,1,143.99,143.99,UPI,West,2024,12,2024-12,Saturday,1
TXN11595,2024-12-07,CUST-528,Male,59,Home & Kitchen,Drip Coffee Maker,1,71.99,71.99,UPI,East,2024,12,2024-12,Saturday,1
TXN11596,2024-12-07,CUST-370,Female,27,Electronics,Tablet 10-inch,1,299.99,299.99,Credit Card,North,2024,12,2024-12,Saturday,1
TXN11597,2024-12-07,CUST-486,Female,40,Electronics,Wireless Headphones,4,80.99,323.96,UPI,Central,2024,12,2024-12,Saturday,1
TXN11598,2024-12-07,CUST-238,Female,20,Clothing,Winter Coat,1,134.4,134.4,UPI,North,2024,12,2024-12,Saturday,1
TXN11599,2024-12-07,CUST-280,Male,49,Clothing,Formal Trousers,2,51.7,103.4,UPI,Central,2024,12,2024-12,Saturday,1
TXN11600,2024-12-07,CUST-529,Female,37,Beauty,Matte Lipstick Set,2,28.0,56.0,UPI,North,2024,12,2024-12,Saturday,1
TXN11601,2024-12-08,CUST-129,Male,27,Beauty,Matte Lipstick Set,1,30.24,30.24,Net Banking,South,2024,12,2024-12,Sunday,1
TXN11602,2024-12-08,CUST-156,Male,46,Clothing,Denim Jacket,1,68.9,68.9,UPI,South,2024,12,2024-12,Sunday,1
TXN11603,2024-12-08,CUST-331,Male,58,Electronics,Wireless Headphones,1,89.09,89.09,UPI,Central,2024,12,2024-12,Sunday,1
TXN11604,2024-12-08,CUST-245,Female,63,Clothing,Winter Coat,1,148.4,148.4,Credit Card,Central,2024,12,2024-12,Sunday,1
TXN11605,2024-12-09,CUST-534,Female,51,Beauty,Perfume Spray 100ml,2,78.0,156.0,Credit Card,West,2024,12,2024-12,Monday,0
TXN11606,2024-12-09,CUST-483,Female,54,Clothing,Running Shoes,1,119.9,119.9,Credit Card,South,2024,12,2024-12,Monday,0
TXN11607,2024-12-09,CUST-147,Male,37,Electronics,Bluetooth Speaker,1,46.49,46.49,UPI,North,2024,12,2024-12,Monday,0
TXN11608,2024-12-09,CUST-293,Male,25,Beauty,Sunscreen SPF 50,1,17.39,17.39,Credit Card,East,2024,12,2024-12,Monday,0
TXN11609,2024-12-09,CUST-323,Female,24,Electronics,Wireless Headphones,1,92.69,92.69,Credit Card,South,2024,12,2024-12,Monday,0
TXN11610,2024-12-09,CUST-235,Female,23,Clothing,Winter Coat,1,148.4,148.4,UPI,West,2024,12,2024-12,Monday,0
TXN11611,2024-12-09,CUST-121,Male,28,Home & Kitchen,Robot Vacuum,3,242.49,727.47,UPI,West,2024,12,2024-12,Monday,0
TXN11612,2024-12-09,CUST-105,Male,61,Electronics,USB-C Hub,1,28.19,28.19,Credit Card,South,2024,12,2024-12,Monday,0
TXN11613,2024-12-09,CUST-303,Female,35,Beauty,Sunscreen SPF 50,3,18.13,54.39,Credit Card,West,2024,12,2024-12,Monday,0
TXN11614,2024-12-10,CUST-338,Male,59,Clothing,Running Shoes,2,114.4,228.8,Cash,West,2024,12,2024-12,Tuesday,0
TXN11615,2024-12-10,CUST-284,Female,46,Electronics,Smart Watch,2,193.99,387.98,Credit Card,Central,2024,12,2024-12,Tuesday,0
TXN11616,2024-12-10,CUST-459,Female,42,Electronics,Bluetooth Speaker,1,53.49,53.49,Debit Card,East,2024,12,2024-12,Tuesday,0
TXN11617,2024-12-10,CUST-391,Male,38,Books,Data Analytics Handbook,1,32.9,32.9,UPI,West,2024,12,2024-12,Tuesday,0
TXN11618,2024-12-10,CUST-434,Male,63,Beauty,Hydrating Skincare Set,1,48.15,48.15,Net Banking,South,2024,12,2024-12,Tuesday,0
TXN11619,2024-12-11,CUST-319,Male,20,Books,Data Analytics Handbook,1,33.6,33.6,Credit Card,North,2024,12,2024-12,Wednesday,0
TXN11620,2024-12-11,CUST-215,Female,35,Beauty,Hair Dryer Pro,3,78.2,234.6,Credit Card,North,2024,12,2024-12,Wednesday,0
TXN11621,2024-12-11,CUST-412,Male,41,Beauty,Hair Dryer Pro,1,81.6,81.6,UPI,North,2024,12,2024-12,Wednesday,0
TXN11622,2024-12-11,CUST-148,Female,64,Clothing,Running Shoes,5,100.1,500.5,UPI,North,2024,12,2024-12,Wednesday,0
TXN11623,2024-12-11,CUST-272,Female,55,Clothing,Cotton T-Shirt,2,23.62,47.24,Debit Card,North,2024,12,2024-12,Wednesday,0
TXN11624,2024-12-11,CUST-181,Male,27,Clothing,Running Shoes,1,115.5,115.5,UPI,Central,2024,12,2024-12,Wednesday,0
TXN11625,2024-12-11,CUST-421,Female,44,Clothing,Denim Jacket,2,63.7,127.4,UPI,East,2024,12,2024-12,Wednesday,0
TXN11626,2024-12-12,CUST-432,Male,29,Clothing,Denim Jacket,1,59.8,59.8,UPI,South,2024,12,2024-12,Thursday,0
TXN11627,2024-12-12,CUST-144,Male,24,Electronics,Wireless Headphones,1,84.59,84.59,UPI,South,2024,12,2024-12,Thursday,0
TXN11628,2024-12-13,CUST-434,Female,34,Electronics,USB-C Hub,1,26.99,26.99,Credit Card,South,2024,12,2024-12,Friday,0
TXN11629,2024-12-13,CUST-119,Female,18,Clothing,Cotton T-Shirt,3,23.4,70.2,Credit Card,North,2024,12,2024-12,Friday,0
TXN11630,2024-12-13,CUST-547,Female,67,Clothing,Denim Jacket,1,68.9,68.9,UPI,South,2024,12,2024-12,Friday,0
TXN11631,2024-12-13,CUST-320,Female,43,Beauty,Hydrating Skincare Set,2,43.2,86.4,Credit Card,Central,2024,12,2024-12,Friday,0
TXN11632,2024-12-13,CUST-222,Male,32,Home & Kitchen,Air Purifier,1,148.49,148.49,Debit Card,West,2024,12,2024-12,Friday,0
TXN11633,2024-12-13,CUST-333,Male,50,Clothing,Cotton T-Shirt,1,24.3,24.3,Net Banking,East,2024,12,2024-12,Friday,0
TXN11634,2024-12-14,CUST-320,Female,54,Electronics,Tablet 10-inch,1,320.99,320.99,Credit Card,South,2024,12,2024-12,Saturday,1
TXN11635,2024-12-14,CUST-422,Female,64,Clothing,Formal Trousers,1,59.95,59.95,Credit Card,South,2024,12,2024-12,Saturday,1
TXN11636,2024-12-14,CUST-438,Male,48,Books,Data Analytics Handbook,1,35.35,35.35,UPI,South,2024,12,2024-12,Saturday,1
TXN11637,2024-12-14,CUST-102,Male,52,Electronics,Tablet 10-inch,1,299.99,299.99,Credit Card,East,2024,12,2024-12,Saturday,1
TXN11638,2024-12-14,CUST-281,Female,18,Beauty,Sunscreen SPF 50,2,17.39,34.78,Debit Card,West,2024,12,2024-12,Saturday,1
TXN11639,2024-12-14,CUST-305,Female,25,Clothing,Formal Trousers,1,55.55,55.55,Credit Card,North,2024,12,2024-12,Saturday,1
TXN11640,2024-12-14,CUST-419,Male,29,Electronics,Smart Watch,4,203.99,815.96,UPI,West,2024,12,2024-12,Saturday,1
TXN11641,2024-12-14,CUST-139,Female,36,Clothing,Formal Trousers,1,51.15,51.15,Credit Card,South,2024,12,2024-12,Saturday,1
TXN11642,2024-12-15,CUST-158,Female,42,Electronics,USB-C Hub,1,29.09,29.09,Net Banking,East,2024,12,2024-12,Sunday,1
TXN11643,2024-12-15,CUST-538,Male,49,Home & Kitchen,Smoothie Blender,1,56.39,56.39,Net Banking,East,2024,12,2024-12,Sunday,1
TXN11644,2024-12-15,CUST-161,Male,29,Clothing,Cotton T-Shirt,1,21.6,21.6,Debit Card,South,2024,12,2024-12,Sunday,1
TXN11645,2024-12-15,CUST-231,Male,30,Beauty,Hydrating Skincare Set,4,45.0,180.0,UPI,East,2024,12,2024-12,Sunday,1
TXN11646,2024-12-15,CUST-159,Male,45,Beauty,Hair Dryer Pro,3,77.35,232.05,UPI,North,2024,12,2024-12,Sunday,1
TXN11647,2024-12-15,CUST-471,Male,18,Beauty,Perfume Spray 100ml,2,81.75,163.5,Debit Card,South,2024,12,2024-12,Sunday,1
TXN11648,2024-12-15,CUST-430,Female,23,Clothing,Cotton T-Shirt,3,22.95,68.85,UPI,South,2024,12,2024-12,Sunday,1
TXN11649,2024-12-15,CUST-221,Female,25,Electronics,Smart Watch,3,211.99,635.97,Credit Card,North,2024,12,2024-12,Sunday,1
TXN11650,2024-12-16,CUST-578,Female,21,Clothing,Denim Jacket,2,68.9,137.8,Credit Card,North,2024,12,2024-12,Monday,0
TXN11651,2024-12-16,CUST-206,Female,22,Electronics,Tablet 10-inch,3,314.99,944.97,Credit Card,East,2024,12,2024-12,Monday,0
TXN11652,2024-12-17,CUST-195,Male,42,Beauty,Hair Dryer Pro,1,87.55,87.55,Credit Card,North,2024,12,2024-12,Tuesday,0
TXN11653,2024-12-17,CUST-446,Male,39,Electronics,USB-C Hub,2,27.29,54.58,Net Banking,North,2024,12,2024-12,Tuesday,0
TXN11654,2024-12-17,CUST-513,Other,45,Beauty,Perfume Spray 100ml,2,71.25,142.5,UPI,East,2024,12,2024-12,Tuesday,0
TXN11655,2024-12-18,CUST-334,Male,56,Electronics,Smart Watch,1,197.99,197.99,Debit Card,Central,2024,12,2024-12,Wednesday,0
TXN11656,2024-12-18,CUST-485,Female,40,Books,Cookbook 101 Recipes,3,27.23,81.69,Debit Card,West,2024,12,2024-12,Wednesday,0
TXN11657,2024-12-18,CUST-161,Female,21,Clothing,Winter Coat,1,140.0,140.0,Net Banking,Central,2024,12,2024-12,Wednesday,0
TXN11658,2024-12-18,CUST-355,Male,21,Clothing,Cotton T-Shirt,3,24.53,73.59,Credit Card,East,2024,12,2024-12,Wednesday,0
TXN11659,2024-12-18,CUST-148,Male,64,Books,Personal Finance Blueprint,1,23.98,23.98,Credit Card,South,2024,12,2024-12,Wednesday,0
TXN11660,2024-12-18,CUST-492,Male,38,Clothing,Formal Trousers,1,58.85,58.85,Cash,West,2024,12,2024-12,Wednesday,0
TXN11661,2024-12-19,CUST-447,Male,54,Books,Personal Finance Blueprint,1,21.34,21.34,Credit Card,South,2024,12,2024-12,Thursday,0
TXN11662,2024-12-19,CUST-258,Male,58,Electronics,Tablet 10-inch,3,299.99,899.97,Credit Card,North,2024,12,2024-12,Thursday,0
TXN11663,2024-12-19,CUST-223,Male,19,Clothing,Denim Jacket,1,70.85,70.85,UPI,South,2024,12,2024-12,Thursday,0
TXN11664,2024-12-19,CUST-581,Female,24,Beauty,Perfume Spray 100ml,2,82.5,165.0,UPI,South,2024,12,2024-12,Thursday,0
TXN11665,2024-12-19,CUST-416,Male,66,Books,Data Analytics Handbook,2,35.0,70.0,Credit Card,East,2024,12,2024-12,Thursday,0
TXN11666,2024-12-21,CUST-306,Male,33,Clothing,Winter Coat,1,138.6,138.6,Credit Card,East,2024,12,2024-12,Saturday,1
TXN11667,2024-12-21,CUST-147,Female,34,Books,Mindfulness & Productivity,5,17.64,88.2,Credit Card,North,2024,12,2024-12,Saturday,1
TXN11668,2024-12-21,CUST-508,Male,37,Beauty,Hydrating Skincare Set,1,44.55,44.55,UPI,Central,2024,12,2024-12,Saturday,1
TXN11669,2024-12-21,CUST-519,Female,40,Home & Kitchen,Robot Vacuum,2,242.49,484.98,Debit Card,East,2024,12,2024-12,Saturday,1
TXN11670,2024-12-21,CUST-235,Male,51,Clothing,Winter Coat,1,149.8,149.8,Credit Card,South,2024,12,2024-12,Saturday,1
TXN11671,2024-12-21,CUST-300,Female,28,Electronics,USB-C Hub,1,27.89,27.89,Credit Card,Central,2024,12,2024-12,Saturday,1
TXN11672,2024-12-22,CUST-349,Male,51,Books,Cookbook 101 Recipes,1,26.95,26.95,Cash,North,2024,12,2024-12,Sunday,1
TXN11673,2024-12-22,CUST-413,Female,50,Books,Cookbook 101 Recipes,2,27.77,55.54,UPI,West,2024,12,2024-12,Sunday,1
TXN11674,2024-12-22,CUST-456,Male,43,Clothing,Running Shoes,3,101.2,303.6,Debit Card,South,2024,12,2024-12,Sunday,1
TXN11675,2024-12-23,CUST-467,Female,19,Electronics,Wireless Headphones,1,83.69,83.69,Credit Card,East,2024,12,2024-12,Monday,0
TXN11676,2024-12-23,CUST-528,Female,40,Electronics,Bluetooth Speaker,1,48.49,48.49,Debit Card,Central,2024,12,2024-12,Monday,0
TXN11677,2024-12-24,CUST-417,Female,58,Beauty,Sunscreen SPF 50,5,19.8,99.0,Credit Card,East,2024,12,2024-12,Tuesday,0
TXN11678,2024-12-24,CUST-394,Male,39,Electronics,Tablet 10-inch,1,329.99,329.99,UPI,North,2024,12,2024-12,Tuesday,0
TXN11679,2024-12-24,CUST-579,Female,51,Clothing,Denim Jacket,1,61.1,61.1,Credit Card,North,2024,12,2024-12,Tuesday,0
TXN11680,2024-12-24,CUST-413,Female,32,Clothing,Cotton T-Shirt,1,24.3,24.3,UPI,South,2024,12,2024-12,Tuesday,0
TXN11681,2024-12-24,CUST-599,Male,27,Home & Kitchen,Drip Coffee Maker,1,80.79,80.79,UPI,West,2024,12,2024-12,Tuesday,0
TXN11682,2024-12-24,CUST-308,Female,32,Electronics,USB-C Hub,2,29.09,58.18,Debit Card,South,2024,12,2024-12,Tuesday,0
TXN11683,2024-12-25,CUST-454,Male,59,Clothing,Denim Jacket,4,68.25,273.0,Credit Card,South,2024,12,2024-12,Wednesday,0
TXN11684,2024-12-25,CUST-584,Female,46,Beauty,Hair Dryer Pro,1,85.85,85.85,Debit Card,West,2024,12,2024-12,Wednesday,0
TXN11685,2024-12-25,CUST-310,Male,40,Beauty,Sunscreen SPF 50,2,18.68,37.36,Credit Card,North,2024,12,2024-12,Wednesday,0
TXN11686,2024-12-25,CUST-291,Female,34,Clothing,Formal Trousers,2,51.15,102.3,Credit Card,West,2024,12,2024-12,Wednesday,0
TXN11687,2024-12-25,CUST-143,Female,26,Clothing,Running Shoes,1,115.5,115.5,Cash,South,2024,12,2024-12,Wednesday,0
TXN11688,2024-12-25,CUST-128,Male,67,Beauty,Hydrating Skincare Set,1,45.9,45.9,Cash,North,2024,12,2024-12,Wednesday,0
TXN11689,2024-12-26,CUST-158,Male,53,Home & Kitchen,Stainless Steel Cookware Set,2,132.59,265.18,UPI,North,2024,12,2024-12,Thursday,0
TXN11690,2024-12-26,CUST-170,Male,26,Beauty,Sunscreen SPF 50,1,17.39,17.39,Net Banking,Central,2024,12,2024-12,Thursday,0
TXN11691,2024-12-26,CUST-191,Female,33,Books,Data Analytics Handbook,1,36.75,36.75,UPI,South,2024,12,2024-12,Thursday,0
TXN11692,2024-12-26,CUST-364,Female,53,Home & Kitchen,Stainless Steel Cookware Set,4,131.29,525.16,UPI,South,2024,12,2024-12,Thursday,0
TXN11693,2024-12-26,CUST-482,Female,65,Home & Kitchen,Drip Coffee Maker,2,72.79,145.58,Credit Card,East,2024,12,2024-12,Thursday,0
TXN11694,2024-12-26,CUST-319,Other,50,Electronics,Smart Watch,4,189.99,759.96,Cash,East,2024,12,2024-12,Thursday,0
TXN11695,2024-12-27,CUST-489,Female,48,Clothing,Formal Trousers,1,58.85,58.85,Cash,South,2024,12,2024-12,Friday,0
TXN11696,2024-12-27,CUST-512,Female,23,Clothing,Winter Coat,3,151.2,453.6,UPI,West,2024,12,2024-12,Friday,0
TXN11697,2024-12-27,CUST-541,Female,27,Clothing,Running Shoes,2,115.5,231.0,Debit Card,South,2024,12,2024-12,Friday,0
TXN11698,2024-12-28,CUST-500,Male,33,Beauty,Sunscreen SPF 50,5,17.57,87.85,Debit Card,North,2024,12,2024-12,Saturday,1
TXN11699,2024-12-28,CUST-499,Female,21,Clothing,Denim Jacket,4,70.85,283.4,UPI,East,2024,12,2024-12,Saturday,1
TXN11700,2024-12-28,CUST-314,Male,39,Beauty,Hydrating Skincare Set,5,40.95,204.75,Credit Card,North,2024,12,2024-12,Saturday,1
TXN11701,2024-12-28,CUST-578,Female,30,Clothing,Running Shoes,4,121.0,484.0,Credit Card,Central,2024,12,2024-12,Saturday,1
TXN11702,2024-12-28,CUST-486,Male,33,Clothing,Formal Trousers,1,50.05,50.05,UPI,North,2024,12,2024-12,Saturday,1
TXN11703,2024-12-28,CUST-376,Female,46,Books,Data Analytics Handbook,2,36.4,72.8,Debit Card,West,2024,12,2024-12,Saturday,1
TXN11704,2024-12-28,CUST-163,Male,23,Clothing,Denim Jacket,1,67.6,67.6,UPI,South,2024,12,2024-12,Saturday,1
TXN11705,2024-12-29,CUST-445,Male,43,Clothing,Denim Jacket,2,67.6,135.2,UPI,West,2024,12,2024-12,Sunday,1
TXN11706,2024-12-29,CUST-391,Female,28,Clothing,Winter Coat,5,131.6,658.0,UPI,North,2024,12,2024-12,Sunday,1
TXN11707,2024-12-29,CUST-589,Other,41,Books,Sci-Fi Bestseller Novel,1,16.79,16.79,Debit Card,Central,2024,12,2024-12,Sunday,1
TXN11708,2024-12-29,CUST-584,Female,46,Clothing,Formal Trousers,2,59.4,118.8,Credit Card,North,2024,12,2024-12,Sunday,1
TXN11709,2024-12-29,CUST-344,Male,20,Beauty,Matte Lipstick Set,2,28.84,57.68,Credit Card,West,2024,12,2024-12,Sunday,1
TXN11710,2024-12-29,CUST-569,Male,27,Electronics,Smart Watch,1,193.99,193.99,Credit Card,East,2024,12,2024-12,Sunday,1
TXN11711,2024-12-29,CUST-161,Female,18,Beauty,Hydrating Skincare Set,1,44.1,44.1,UPI,South,2024,12,2024-12,Sunday,1
TXN11712,2024-12-29,CUST-525,Female,60,Clothing,Running Shoes,1,100.1,100.1,Net Banking,South,2024,12,2024-12,Sunday,1
TXN11713,2024-12-30,CUST-431,Female,43,Home & Kitchen,Air Purifier,1,155.99,155.99,Credit Card,West,2024,12,2024-12,Monday,0
TXN11714,2024-12-30,CUST-269,Female,29,Home & Kitchen,Smoothie Blender,2,63.59,127.18,UPI,North,2024,12,2024-12,Monday,0
TXN11715,2024-12-30,CUST-544,Female,31,Home & Kitchen,Smoothie Blender,1,59.39,59.39,UPI,West,2024,12,2024-12,Monday,0
TXN11716,2024-12-30,CUST-368,Female,42,Home & Kitchen,Smoothie Blender,1,64.79,64.79,UPI,South,2024,12,2024-12,Monday,0
TXN11717,2024-12-30,CUST-366,Female,25,Beauty,Sunscreen SPF 50,4,18.68,74.72,Net Banking,Central,2024,12,2024-12,Monday,0
TXN11718,2024-12-30,CUST-153,Male,60,Home & Kitchen,Stainless Steel Cookware Set,2,135.19,270.38,Credit Card,East,2024,12,2024-12,Monday,0
TXN11719,2024-12-30,CUST-115,Female,21,Clothing,Cotton T-Shirt,1,23.18,23.18,Debit Card,North,2024,12,2024-12,Monday,0
TXN11720,2024-12-31,CUST-107,Female,45,Beauty,Sunscreen SPF 50,1,18.87,18.87,UPI,South,2024,12,2024-12,Tuesday,0
TXN11721,2024-12-31,CUST-203,Male,24,Clothing,Cotton T-Shirt,2,22.27,44.54,Credit Card,North,2024,12,2024-12,Tuesday,0
TXN11722,2024-12-31,CUST-158,Female,27,Electronics,Tablet 10-inch,1,314.99,314.99,Net Banking,South,2024,12,2024-12,Tuesday,0
TXN11723,2024-12-31,CUST-412,Female,53,Clothing,Formal Trousers,2,58.3,116.6,UPI,South,2024,12,2024-12,Tuesday,0
TXN11724,2025-01-01,CUST-139,Female,19,Clothing,Winter Coat,2,127.4,254.8,Credit Card,Central,2025,1,2025-01,Wednesday,0
TXN11725,2025-01-01,CUST-336,Male,43,Clothing,Running Shoes,1,108.9,108.9,Net Banking,West,2025,1,2025-01,Wednesday,0
TXN11726,2025-01-01,CUST-542,Male,67,Home & Kitchen,Drip Coffee Maker,3,72.79,218.37,Debit Card,North,2025,1,2025-01,Wednesday,0
TXN11727,2025-01-01,CUST-485,Female,31,Electronics,Bluetooth Speaker,1,53.49,53.49,UPI,East,2025,1,2025-01,Wednesday,0
TXN11728,2025-01-02,CUST-193,Male,33,Electronics,Smart Watch,1,197.99,197.99,UPI,North,2025,1,2025-01,Thursday,0
TXN11729,2025-01-03,CUST-321,Male,60,Home & Kitchen,Smoothie Blender,4,55.19,220.76,UPI,South,2025,1,2025-01,Friday,0
TXN11730,2025-01-03,CUST-303,Male,59,Clothing,Winter Coat,1,133.0,133.0,Net Banking,North,2025,1,2025-01,Friday,0
TXN11731,2025-01-03,CUST-237,Male,34,Home & Kitchen,Drip Coffee Maker,2,84.79,169.58,Credit Card,West,2025,1,2025-01,Friday,0
TXN11732,2025-01-03,CUST-399,Male,63,Beauty,Hair Dryer Pro,2,88.4,176.8,Cash,Central,2025,1,2025-01,Friday,0
TXN11733,2025-01-04,CUST-494,Female,39,Books,Data Analytics Handbook,1,32.55,32.55,UPI,North,2025,1,2025-01,Saturday,1
TXN11734,2025-01-04,CUST-306,Female,21,Beauty,Hydrating Skincare Set,5,44.1,220.5,Credit Card,South,2025,1,2025-01,Saturday,1
TXN11735,2025-01-04,CUST-435,Female,36,Electronics,Tablet 10-inch,1,284.99,284.99,UPI,North,2025,1,2025-01,Saturday,1
TXN11736,2025-01-05,CUST-180,Male,19,Clothing,Formal Trousers,1,50.05,50.05,UPI,Central,2025,1,2025-01,Sunday,1
TXN11737,2025-01-05,CUST-317,Male,56,Electronics,Smart Watch,3,199.99,599.97,UPI,North,2025,1,2025-01,Sunday,1
TXN11738,2025-01-05,CUST-101,Male,26,Books,Cookbook 101 Recipes,1,25.85,25.85,UPI,East,2025,1,2025-01,Sunday,1
TXN11739,2025-01-05,CUST-277,Other,36,Electronics,Smart Watch,2,183.99,367.98,Debit Card,Central,2025,1,2025-01,Sunday,1
TXN11740,2025-01-05,CUST-495,Female,33,Clothing,Winter Coat,3,151.2,453.6,UPI,North,2025,1,2025-01,Sunday,1
TXN11741,2025-01-06,CUST-470,Male,42,Electronics,Wireless Headphones,1,89.09,89.09,Credit Card,East,2025,1,2025-01,Monday,0
TXN11742,2025-01-06,CUST-445,Male,65,Home & Kitchen,Air Purifier,1,137.99,137.99,Net Banking,North,2025,1,2025-01,Monday,0
TXN11743,2025-01-07,CUST-378,Other,35,Clothing,Formal Trousers,1,51.7,51.7,Cash,West,2025,1,2025-01,Tuesday,0
TXN11744,2025-01-07,CUST-245,Other,40,Books,Cookbook 101 Recipes,3,29.15,87.45,UPI,South,2025,1,2025-01,Tuesday,0
TXN11745,2025-01-07,CUST-417,Male,38,Electronics,Bluetooth Speaker,1,50.99,50.99,Net Banking,Central,2025,1,2025-01,Tuesday,0
TXN11746,2025-01-07,CUST-323,Female,28,Electronics,Smart Watch,1,189.99,189.99,UPI,Central,2025,1,2025-01,Tuesday,0
TXN11747,2025-01-07,CUST-468,Male,56,Electronics,Bluetooth Speaker,1,45.99,45.99,Credit Card,West,2025,1,2025-01,Tuesday,0
TXN11748,2025-01-08,CUST-483,Female,58,Home & Kitchen,Drip Coffee Maker,1,78.39,78.39,Net Banking,South,2025,1,2025-01,Wednesday,0
TXN11749,2025-01-08,CUST-161,Male,21,Home & Kitchen,Robot Vacuum,2,232.49,464.98,Debit Card,West,2025,1,2025-01,Wednesday,0
TXN11750,2025-01-08,CUST-393,Male,42,Electronics,Bluetooth Speaker,4,47.99,191.96,Net Banking,North,2025,1,2025-01,Wednesday,0
TXN11751,2025-01-08,CUST-338,Female,49,Electronics,USB-C Hub,1,30.89,30.89,Debit Card,South,2025,1,2025-01,Wednesday,0
TXN11752,2025-01-08,CUST-294,Male,47,Home & Kitchen,Stainless Steel Cookware Set,1,142.99,142.99,UPI,North,2025,1,2025-01,Wednesday,0
TXN11753,2025-01-08,CUST-265,Female,62,Electronics,USB-C Hub,2,28.19,56.38,Credit Card,East,2025,1,2025-01,Wednesday,0
TXN11754,2025-01-09,CUST-550,Female,43,Electronics,Smart Watch,1,211.99,211.99,UPI,West,2025,1,2025-01,Thursday,0
TXN11755,2025-01-09,CUST-321,Female,53,Electronics,Smart Watch,4,215.99,863.96,Credit Card,Central,2025,1,2025-01,Thursday,0
TXN11756,2025-01-09,CUST-160,Male,51,Electronics,Smart Watch,1,185.99,185.99,UPI,East,2025,1,2025-01,Thursday,0
TXN11757,2025-01-09,CUST-228,Male,26,Clothing,Formal Trousers,1,55.55,55.55,UPI,West,2025,1,2025-01,Thursday,0
TXN11758,2025-01-09,CUST-577,Male,29,Electronics,Bluetooth Speaker,5,52.49,262.45,Net Banking,Central,2025,1,2025-01,Thursday,0
TXN11759,2025-01-10,CUST-272,Female,19,Clothing,Cotton T-Shirt,1,22.5,22.5,Net Banking,Central,2025,1,2025-01,Friday,0
TXN11760,2025-01-10,CUST-579,Male,55,Home & Kitchen,Air Purifier,1,134.99,134.99,Credit Card,South,2025,1,2025-01,Friday,0
TXN11761,2025-01-10,CUST-255,Male,22,Clothing,Winter Coat,1,149.8,149.8,Credit Card,North,2025,1,2025-01,Friday,0
TXN11762,2025-01-10,CUST-504,Female,22,Home & Kitchen,Robot Vacuum,5,267.49,1337.45,Debit Card,South,2025,1,2025-01,Friday,0
TXN11763,2025-01-10,CUST-477,Female,39,Electronics,Smart Watch,2,181.99,363.98,Credit Card,East,2025,1,2025-01,Friday,0
TXN11764,2025-01-10,CUST-209,Female,22,Beauty,Hair Dryer Pro,1,85.85,85.85,Cash,East,2025,1,2025-01,Friday,0
TXN11765,2025-01-10,CUST-368,Male,21,Clothing,Running Shoes,3,110.0,330.0,UPI,Central,2025,1,2025-01,Friday,0
TXN11766,2025-01-11,CUST-510,Male,26,Home & Kitchen,Smoothie Blender,1,61.79,61.79,Credit Card,Central,2025,1,2025-01,Saturday,1
TXN11767,2025-01-11,CUST-455,Male,46,Electronics,Smart Watch,1,197.99,197.99,Net Banking,South,2025,1,2025-01,Saturday,1
TXN11768,2025-01-11,CUST-490,Female,39,Books,Data Analytics Handbook,2,33.95,67.9,Net Banking,North,2025,1,2025-01,Saturday,1
TXN11769,2025-01-11,CUST-377,Male,44,Electronics,Wireless Headphones,2,98.99,197.98,Credit Card,North,2025,1,2025-01,Saturday,1
TXN11770,2025-01-11,CUST-173,Female,27,Clothing,Cotton T-Shirt,1,20.48,20.48,UPI,North,2025,1,2025-01,Saturday,1
TXN11771,2025-01-11,CUST-586,Female,33,Books,Sci-Fi Bestseller Novel,1,16.47,16.47,Debit Card,South,2025,1,2025-01,Saturday,1
TXN11772,2025-01-12,CUST-536,Male,59,Beauty,Hair Dryer Pro,1,83.3,83.3,Credit Card,Central,2025,1,2025-01,Sunday,1
TXN11773,2025-01-12,CUST-562,Female,59,Clothing,Running Shoes,2,104.5,209.0,Debit Card,South,2025,1,2025-01,Sunday,1
TXN11774,2025-01-12,CUST-306,Male,27,Books,Personal Finance Blueprint,3,23.32,69.96,Credit Card,East,2025,1,2025-01,Sunday,1
TXN11775,2025-01-12,CUST-487,Female,23,Clothing,Winter Coat,2,154.0,308.0,UPI,North,2025,1,2025-01,Sunday,1
TXN11776,2025-01-12,CUST-579,Male,66,Electronics,Wireless Headphones,3,97.19,291.57,UPI,South,2025,1,2025-01,Sunday,1
TXN11777,2025-01-12,CUST-378,Female,22,Books,Personal Finance Blueprint,2,22.88,45.76,Credit Card,Central,2025,1,2025-01,Sunday,1
TXN11778,2025-01-13,CUST-474,Male,23,Clothing,Denim Jacket,3,67.6,202.8,UPI,West,2025,1,2025-01,Monday,0
TXN11779,2025-01-13,CUST-425,Female,64,Home & Kitchen,Drip Coffee Maker,1,77.59,77.59,UPI,North,2025,1,2025-01,Monday,0
TXN11780,2025-01-13,CUST-571,Female,42,Electronics,USB-C Hub,1,31.19,31.19,Credit Card,Central,2025,1,2025-01,Monday,0
TXN11781,2025-01-13,CUST-439,Male,67,Home & Kitchen,Drip Coffee Maker,1,87.19,87.19,Credit Card,South,2025,1,2025-01,Monday,0
TXN11782,2025-01-14,CUST-456,Female,21,Beauty,Matte Lipstick Set,1,29.4,29.4,UPI,East,2025,1,2025-01,Tuesday,0
TXN11783,2025-01-14,CUST-439,Male,57,Books,Data Analytics Handbook,2,36.4,72.8,UPI,North,2025,1,2025-01,Tuesday,0
TXN11784,2025-01-14,CUST-303,Other,65,Beauty,Hydrating Skincare Set,3,44.1,132.3,Net Banking,East,2025,1,2025-01,Tuesday,0
TXN11785,2025-01-14,CUST-260,Female,49,Electronics,USB-C Hub,1,32.69,32.69,UPI,North,2025,1,2025-01,Tuesday,0
TXN11786,2025-01-14,CUST-127,Female,52,Beauty,Hair Dryer Pro,4,84.15,336.6,UPI,East,2025,1,2025-01,Tuesday,0
TXN11787,2025-01-14,CUST-491,Male,27,Electronics,USB-C Hub,1,29.09,29.09,UPI,East,2025,1,2025-01,Tuesday,0
TXN11788,2025-01-14,CUST-356,Other,51,Home & Kitchen,Robot Vacuum,1,239.99,239.99,Net Banking,North,2025,1,2025-01,Tuesday,0
TXN11789,2025-01-15,CUST-264,Male,53,Home & Kitchen,Robot Vacuum,2,262.49,524.98,Credit Card,Central,2025,1,2025-01,Wednesday,0
TXN11790,2025-01-15,CUST-162,Female,23,Clothing,Running Shoes,1,103.4,103.4,UPI,North,2025,1,2025-01,Wednesday,0
TXN11791,2025-01-15,CUST-121,Male,60,Home & Kitchen,Drip Coffee Maker,1,78.39,78.39,UPI,Central,2025,1,2025-01,Wednesday,0
TXN11792,2025-01-15,CUST-169,Female,63,Electronics,Bluetooth Speaker,2,46.49,92.98,Debit Card,South,2025,1,2025-01,Wednesday,0
TXN11793,2025-01-15,CUST-480,Other,33,Clothing,Formal Trousers,4,55.0,220.0,Debit Card,West,2025,1,2025-01,Wednesday,0
TXN11794,2025-01-15,CUST-504,Other,36,Clothing,Cotton T-Shirt,2,23.4,46.8,Credit Card,East,2025,1,2025-01,Wednesday,0
TXN11795,2025-01-15,CUST-195,Female,51,Beauty,Sunscreen SPF 50,1,17.76,17.76,UPI,North,2025,1,2025-01,Wednesday,0
TXN11796,2025-01-15,CUST-262,Female,42,Electronics,Tablet 10-inch,1,302.99,302.99,UPI,South,2025,1,2025-01,Wednesday,0
TXN11797,2025-01-16,CUST-178,Female,48,Home & Kitchen,Smoothie Blender,5,56.39,281.95,Credit Card,East,2025,1,2025-01,Thursday,0
TXN11798,2025-01-16,CUST-104,Female,66,Electronics,Bluetooth Speaker,1,49.99,49.99,Debit Card,West,2025,1,2025-01,Thursday,0
TXN11799,2025-01-16,CUST-415,Male,58,Beauty,Matte Lipstick Set,4,25.2,100.8,UPI,Central,2025,1,2025-01,Thursday,0
TXN11800,2025-01-16,CUST-219,Female,34,Electronics,Smart Watch,1,183.99,183.99,Credit Card,North,2025,1,2025-01,Thursday,0
TXN11801,2025-01-16,CUST-401,Female,64,Home & Kitchen,Robot Vacuum,2,262.49,524.98,UPI,South,2025,1,2025-01,Thursday,0
TXN11802,2025-01-16,CUST-277,Female,47,Electronics,Wireless Headphones,2,90.89,181.78,Credit Card,East,2025,1,2025-01,Thursday,0
TXN11803,2025-01-17,CUST-275,Other,56,Beauty,Hair Dryer Pro,1,77.35,77.35,Credit Card,East,2025,1,2025-01,Friday,0
TXN11804,2025-01-17,CUST-489,Male,48,Clothing,Running Shoes,2,104.5,209.0,Net Banking,Central,2025,1,2025-01,Friday,0
TXN11805,2025-01-17,CUST-316,Female,36,Home & Kitchen,Robot Vacuum,1,264.99,264.99,Credit Card,North,2025,1,2025-01,Friday,0
TXN11806,2025-01-18,CUST-155,Female,52,Clothing,Running Shoes,2,116.6,233.2,Credit Card,South,2025,1,2025-01,Saturday,1
TXN11807,2025-01-18,CUST-465,Other,46,Home & Kitchen,Robot Vacuum,3,234.99,704.97,UPI,East,2025,1,2025-01,Saturday,1
TXN11808,2025-01-18,CUST-286,Male,18,Clothing,Formal Trousers,1,49.5,49.5,UPI,North,2025,1,2025-01,Saturday,1
TXN11809,2025-01-19,CUST-331,Female,21,Home & Kitchen,Stainless Steel Cookware Set,2,122.19,244.38,UPI,West,2025,1,2025-01,Sunday,1
TXN11810,2025-01-19,CUST-354,Female,45,Electronics,Bluetooth Speaker,1,46.49,46.49,UPI,North,2025,1,2025-01,Sunday,1
TXN11811,2025-01-19,CUST-512,Female,35,Clothing,Denim Jacket,1,68.9,68.9,UPI,South,2025,1,2025-01,Sunday,1
TXN11812,2025-01-19,CUST-554,Female,43,Clothing,Winter Coat,2,131.6,263.2,Cash,East,2025,1,2025-01,Sunday,1
TXN11813,2025-01-19,CUST-203,Male,57,Electronics,Wireless Headphones,1,82.79,82.79,Credit Card,South,2025,1,2025-01,Sunday,1
TXN11814,2025-01-19,CUST-176,Male,36,Electronics,USB-C Hub,2,32.69,65.38,UPI,North,2025,1,2025-01,Sunday,1
TXN11815,2025-01-20,CUST-329,Female,23,Books,Cookbook 101 Recipes,1,29.43,29.43,UPI,Central,2025,1,2025-01,Monday,0
TXN11816,2025-01-20,CUST-501,Male,18,Books,Mindfulness & Productivity,1,17.28,17.28,UPI,Central,2025,1,2025-01,Monday,0
TXN11817,2025-01-20,CUST-357,Female,25,Home & Kitchen,Drip Coffee Maker,1,73.59,73.59,UPI,Central,2025,1,2025-01,Monday,0
TXN11818,2025-01-20,CUST-363,Male,50,Clothing,Formal Trousers,1,52.25,52.25,UPI,Central,2025,1,2025-01,Monday,0
TXN11819,2025-01-20,CUST-430,Male,60,Clothing,Formal Trousers,3,58.85,176.55,Credit Card,North,2025,1,2025-01,Monday,0
TXN11820,2025-01-20,CUST-580,Female,38,Beauty,Hydrating Skincare Set,2,49.5,99.0,Net Banking,North,2025,1,2025-01,Monday,0
TXN11821,2025-01-20,CUST-281,Female,41,Electronics,Smart Watch,4,179.99,719.96,Credit Card,North,2025,1,2025-01,Monday,0
TXN11822,2025-01-20,CUST-480,Male,42,Books,Cookbook 101 Recipes,1,25.85,25.85,Credit Card,Central,2025,1,2025-01,Monday,0
TXN11823,2025-01-20,CUST-355,Female,64,Electronics,USB-C Hub,2,30.29,60.58,Debit Card,West,2025,1,2025-01,Monday,0
TXN11824,2025-01-21,CUST-137,Female,60,Books,Personal Finance Blueprint,2,22.22,44.44,UPI,East,2025,1,2025-01,Tuesday,0
TXN11825,2025-01-21,CUST-275,Male,36,Clothing,Winter Coat,1,137.2,137.2,UPI,Central,2025,1,2025-01,Tuesday,0
TXN11826,2025-01-21,CUST-126,Other,46,Home & Kitchen,Air Purifier,2,164.99,329.98,Credit Card,East,2025,1,2025-01,Tuesday,0
TXN11827,2025-01-21,CUST-375,Female,27,Electronics,Bluetooth Speaker,2,48.99,97.98,Debit Card,North,2025,1,2025-01,Tuesday,0
TXN11828,2025-01-21,CUST-239,Male,29,Books,Data Analytics Handbook,1,37.1,37.1,Credit Card,North,2025,1,2025-01,Tuesday,0
TXN11829,2025-01-21,CUST-398,Female,50,Clothing,Winter Coat,2,151.2,302.4,UPI,North,2025,1,2025-01,Tuesday,0
TXN11830,2025-01-22,CUST-544,Male,24,Beauty,Sunscreen SPF 50,1,18.68,18.68,Net Banking,South,2025,1,2025-01,Wednesday,0
TXN11831,2025-01-22,CUST-386,Male,34,Home & Kitchen,Stainless Steel Cookware Set,1,140.39,140.39,UPI,South,2025,1,2025-01,Wednesday,0
TXN11832,2025-01-22,CUST-190,Male,27,Electronics,USB-C Hub,1,31.79,31.79,Debit Card,West,2025,1,2025-01,Wednesday,0
TXN11833,2025-01-23,CUST-579,Female,48,Clothing,Cotton T-Shirt,3,24.53,73.59,Net Banking,North,2025,1,2025-01,Thursday,0
TXN11834,2025-01-23,CUST-160,Male,23,Clothing,Running Shoes,1,104.5,104.5,UPI,West,2025,1,2025-01,Thursday,0
TXN11835,2025-01-24,CUST-557,Male,34,Clothing,Running Shoes,1,110.0,110.0,Debit Card,South,2025,1,2025-01,Friday,0
TXN11836,2025-01-24,CUST-550,Female,67,Clothing,Winter Coat,2,147.0,294.0,Debit Card,Central,2025,1,2025-01,Friday,0
TXN11837,2025-01-24,CUST-464,Female,54,Clothing,Winter Coat,2,152.6,305.2,Net Banking,West,2025,1,2025-01,Friday,0
TXN11838,2025-01-24,CUST-446,Female,35,Clothing,Cotton T-Shirt,2,23.85,47.7,UPI,Central,2025,1,2025-01,Friday,0
TXN11839,2025-01-25,CUST-262,Female,43,Beauty,Sunscreen SPF 50,1,20.17,20.17,Net Banking,South,2025,1,2025-01,Saturday,1
TXN11840,2025-01-25,CUST-450,Male,66,Beauty,Matte Lipstick Set,2,28.84,57.68,UPI,North,2025,1,2025-01,Saturday,1
TXN11841,2025-01-25,CUST-242,Female,33,Electronics,USB-C Hub,1,32.09,32.09,Debit Card,East,2025,1,2025-01,Saturday,1
TXN11842,2025-01-25,CUST-499,Female,25,Books,Cookbook 101 Recipes,1,29.43,29.43,Credit Card,North,2025,1,2025-01,Saturday,1
TXN11843,2025-01-25,CUST-352,Male,41,Home & Kitchen,Smoothie Blender,2,57.59,115.18,UPI,South,2025,1,2025-01,Saturday,1
TXN11844,2025-01-26,CUST-368,Female,30,Beauty,Sunscreen SPF 50,2,17.57,35.14,UPI,South,2025,1,2025-01,Sunday,1
TXN11845,2025-01-26,CUST-468,Female,46,Clothing,Running Shoes,3,107.8,323.4,UPI,South,2025,1,2025-01,Sunday,1
TXN11846,2025-01-26,CUST-390,Female,49,Clothing,Formal Trousers,2,56.1,112.2,UPI,Central,2025,1,2025-01,Sunday,1
TXN11847,2025-01-26,CUST-599,Male,41,Home & Kitchen,Stainless Steel Cookware Set,2,136.49,272.98,UPI,South,2025,1,2025-01,Sunday,1
TXN11848,2025-01-26,CUST-558,Male,33,Beauty,Hydrating Skincare Set,1,47.7,47.7,UPI,Central,2025,1,2025-01,Sunday,1
TXN11849,2025-01-26,CUST-286,Male,28,Electronics,Wireless Headphones,1,88.19,88.19,UPI,North,2025,1,2025-01,Sunday,1
TXN11850,2025-01-27,CUST-504,Female,49,Beauty,Perfume Spray 100ml,4,72.75,291.0,Credit Card,North,2025,1,2025-01,Monday,0
TXN11851,2025-01-27,CUST-598,Male,23,Clothing,Cotton T-Shirt,1,21.6,21.6,Credit Card,East,2025,1,2025-01,Monday,0
TXN11852,2025-01-27,CUST-537,Female,52,Electronics,Smart Watch,2,213.99,427.98,Net Banking,West,2025,1,2025-01,Monday,0
TXN11853,2025-01-27,CUST-558,Female,50,Beauty,Sunscreen SPF 50,2,18.13,36.26,Credit Card,West,2025,1,2025-01,Monday,0
TXN11854,2025-01-27,CUST-513,Female,35,Beauty,Hydrating Skincare Set,1,45.45,45.45,UPI,West,2025,1,2025-01,Monday,0
TXN11855,2025-01-27,CUST-403,Male,54,Clothing,Winter Coat,3,147.0,441.0,Credit Card,South,2025,1,2025-01,Monday,0
TXN11856,2025-01-27,CUST-390,Female,30,Beauty,Hair Dryer Pro,2,91.8,183.6,Debit Card,North,2025,1,2025-01,Monday,0
TXN11857,2025-01-28,CUST-185,Female,27,Books,Data Analytics Handbook,2,38.5,77.0,UPI,North,2025,1,2025-01,Tuesday,0
TXN11858,2025-01-28,CUST-265,Female,54,Beauty,Hydrating Skincare Set,1,46.35,46.35,Credit Card,South,2025,1,2025-01,Tuesday,0
TXN11859,2025-01-28,CUST-514,Female,43,Beauty,Perfume Spray 100ml,1,81.0,81.0,Credit Card,Central,2025,1,2025-01,Tuesday,0
TXN11860,2025-01-29,CUST-561,Male,63,Electronics,Smart Watch,1,193.99,193.99,Cash,Central,2025,1,2025-01,Wednesday,0
TXN11861,2025-01-29,CUST-507,Female,34,Electronics,Tablet 10-inch,2,311.99,623.98,Credit Card,North,2025,1,2025-01,Wednesday,0
TXN11862,2025-01-29,CUST-213,Male,18,Clothing,Formal Trousers,2,51.7,103.4,Debit Card,West,2025,1,2025-01,Wednesday,0
TXN11863,2025-01-29,CUST-532,Female,42,Beauty,Hair Dryer Pro,1,82.45,82.45,UPI,East,2025,1,2025-01,Wednesday,0
TXN11864,2025-01-29,CUST-579,Male,51,Home & Kitchen,Stainless Steel Cookware Set,2,142.99,285.98,Debit Card,North,2025,1,2025-01,Wednesday,0
TXN11865,2025-01-29,CUST-455,Male,56,Clothing,Formal Trousers,1,52.25,52.25,UPI,South,2025,1,2025-01,Wednesday,0
TXN11866,2025-01-30,CUST-515,Female,27,Clothing,Denim Jacket,3,70.2,210.6,Credit Card,South,2025,1,2025-01,Thursday,0
TXN11867,2025-01-30,CUST-282,Female,37,Clothing,Formal Trousers,1,50.6,50.6,Credit Card,East,2025,1,2025-01,Thursday,0
TXN11868,2025-01-30,CUST-306,Male,24,Clothing,Winter Coat,1,135.8,135.8,Net Banking,South,2025,1,2025-01,Thursday,0
TXN11869,2025-01-30,CUST-355,Male,33,Books,Sci-Fi Bestseller Novel,1,17.11,17.11,UPI,Central,2025,1,2025-01,Thursday,0
TXN11870,2025-01-31,CUST-334,Female,54,Beauty,Matte Lipstick Set,3,27.16,81.48,UPI,South,2025,1,2025-01,Friday,0
TXN11871,2025-01-31,CUST-541,Female,46,Electronics,Wireless Headphones,1,93.59,93.59,Debit Card,North,2025,1,2025-01,Friday,0
TXN11872,2025-01-31,CUST-454,Male,29,Home & Kitchen,Stainless Steel Cookware Set,1,124.79,124.79,Credit Card,South,2025,1,2025-01,Friday,0
TXN11873,2025-01-31,CUST-102,Male,34,Home & Kitchen,Air Purifier,1,160.49,160.49,UPI,West,2025,1,2025-01,Friday,0
TXN11874,2025-01-31,CUST-307,Female,65,Beauty,Sunscreen SPF 50,1,16.84,16.84,UPI,East,2025,1,2025-01,Friday,0
TXN11875,2025-01-31,CUST-296,Female,37,Electronics,Bluetooth Speaker,3,50.99,152.97,UPI,West,2025,1,2025-01,Friday,0
TXN11876,2025-01-31,CUST-440,Female,43,Clothing,Denim Jacket,2,68.25,136.5,Credit Card,South,2025,1,2025-01,Friday,0
TXN11877,2025-01-31,CUST-224,Male,65,Electronics,Wireless Headphones,1,84.59,84.59,Debit Card,South,2025,1,2025-01,Friday,0
TXN11878,2025-02-01,CUST-237,Female,36,Home & Kitchen,Stainless Steel Cookware Set,1,123.49,123.49,UPI,South,2025,2,2025-02,Saturday,1
TXN11879,2025-02-01,CUST-438,Other,64,Beauty,Perfume Spray 100ml,1,77.25,77.25,Net Banking,North,2025,2,2025-02,Saturday,1
TXN11880,2025-02-01,CUST-124,Female,29,Beauty,Hydrating Skincare Set,4,43.65,174.6,Credit Card,East,2025,2,2025-02,Saturday,1
TXN11881,2025-02-01,CUST-167,Female,38,Clothing,Cotton T-Shirt,2,22.5,45.0,UPI,South,2025,2,2025-02,Saturday,1
TXN11882,2025-02-02,CUST-160,Male,59,Electronics,Smart Watch,2,205.99,411.98,Credit Card,South,2025,2,2025-02,Sunday,1
TXN11883,2025-02-02,CUST-128,Male,51,Electronics,USB-C Hub,2,30.59,61.18,Credit Card,South,2025,2,2025-02,Sunday,1
TXN11884,2025-02-02,CUST-482,Male,24,Books,Data Analytics Handbook,3,34.65,103.95,UPI,South,2025,2,2025-02,Sunday,1
TXN11885,2025-02-02,CUST-118,Female,62,Electronics,Smart Watch,4,213.99,855.96,Debit Card,West,2025,2,2025-02,Sunday,1
TXN11886,2025-02-02,CUST-270,Male,52,Electronics,Bluetooth Speaker,1,44.99,44.99,Debit Card,West,2025,2,2025-02,Sunday,1
TXN11887,2025-02-02,CUST-549,Male,32,Books,Mindfulness & Productivity,5,16.56,82.8,UPI,West,2025,2,2025-02,Sunday,1
TXN11888,2025-02-03,CUST-173,Female,18,Beauty,Matte Lipstick Set,3,27.44,82.32,UPI,East,2025,2,2025-02,Monday,0
TXN11889,2025-02-03,CUST-160,Female,43,Home & Kitchen,Air Purifier,1,134.99,134.99,UPI,South,2025,2,2025-02,Monday,0
TXN11890,2025-02-03,CUST-526,Female,52,Electronics,USB-C Hub,3,32.09,96.27,Debit Card,West,2025,2,2025-02,Monday,0
TXN11891,2025-02-03,CUST-252,Female,42,Beauty,Matte Lipstick Set,2,26.6,53.2,UPI,North,2025,2,2025-02,Monday,0
TXN11892,2025-02-03,CUST-375,Male,59,Clothing,Cotton T-Shirt,2,22.27,44.54,Debit Card,West,2025,2,2025-02,Monday,0
TXN11893,2025-02-04,CUST-147,Female,32,Home & Kitchen,Drip Coffee Maker,1,79.99,79.99,Credit Card,West,2025,2,2025-02,Tuesday,0
TXN11894,2025-02-04,CUST-310,Male,39,Electronics,USB-C Hub,2,27.89,55.78,Debit Card,East,2025,2,2025-02,Tuesday,0
TXN11895,2025-02-04,CUST-442,Male,23,Clothing,Denim Jacket,1,61.1,61.1,Credit Card,North,2025,2,2025-02,Tuesday,0
TXN11896,2025-02-04,CUST-507,Male,32,Home & Kitchen,Drip Coffee Maker,3,79.99,239.97,UPI,Central,2025,2,2025-02,Tuesday,0
TXN11897,2025-02-04,CUST-238,Male,41,Beauty,Perfume Spray 100ml,4,75.0,300.0,Net Banking,West,2025,2,2025-02,Tuesday,0
TXN11898,2025-02-04,CUST-209,Female,38,Beauty,Perfume Spray 100ml,2,69.75,139.5,Debit Card,West,2025,2,2025-02,Tuesday,0
TXN11899,2025-02-04,CUST-581,Female,24,Electronics,Wireless Headphones,1,96.29,96.29,Credit Card,North,2025,2,2025-02,Tuesday,0
TXN11900,2025-02-04,CUST-282,Female,46,Electronics,Wireless Headphones,2,96.29,192.58,Credit Card,South,2025,2,2025-02,Tuesday,0
TXN11901,2025-02-04,CUST-127,Male,49,Beauty,Hair Dryer Pro,1,76.5,76.5,Credit Card,North,2025,2,2025-02,Tuesday,0
TXN11902,2025-02-04,CUST-296,Female,49,Beauty,Hydrating Skincare Set,2,41.85,83.7,UPI,South,2025,2,2025-02,Tuesday,0
TXN11903,2025-02-05,CUST-290,Male,22,Books,Personal Finance Blueprint,2,22.44,44.88,Credit Card,East,2025,2,2025-02,Wednesday,0
TXN11904,2025-02-05,CUST-414,Female,21,Home & Kitchen,Robot Vacuum,1,227.49,227.49,UPI,Central,2025,2,2025-02,Wednesday,0
TXN11905,2025-02-05,CUST-488,Female,39,Clothing,Denim Jacket,1,63.7,63.7,Cash,South,2025,2,2025-02,Wednesday,0
TXN11906,2025-02-05,CUST-150,Female,35,Home & Kitchen,Stainless Steel Cookware Set,2,135.19,270.38,Credit Card,East,2025,2,2025-02,Wednesday,0
TXN11907,2025-02-05,CUST-248,Male,52,Electronics,Bluetooth Speaker,1,46.99,46.99,UPI,North,2025,2,2025-02,Wednesday,0
TXN11908,2025-02-06,CUST-367,Male,34,Clothing,Running Shoes,3,118.8,356.4,Credit Card,South,2025,2,2025-02,Thursday,0
TXN11909,2025-02-06,CUST-149,Female,67,Clothing,Formal Trousers,1,59.4,59.4,UPI,Central,2025,2,2025-02,Thursday,0
TXN11910,2025-02-06,CUST-487,Female,67,Electronics,Wireless Headphones,1,98.09,98.09,UPI,West,2025,2,2025-02,Thursday,0
TXN11911,2025-02-07,CUST-345,Female,41,Home & Kitchen,Stainless Steel Cookware Set,2,139.09,278.18,Credit Card,East,2025,2,2025-02,Friday,0
TXN11912,2025-02-07,CUST-212,Other,19,Beauty,Hair Dryer Pro,2,80.75,161.5,Credit Card,South,2025,2,2025-02,Friday,0
TXN11913,2025-02-07,CUST-269,Male,30,Beauty,Hair Dryer Pro,2,87.55,175.1,Cash,South,2025,2,2025-02,Friday,0
TXN11914,2025-02-08,CUST-567,Female,32,Clothing,Denim Jacket,2,69.55,139.1,Cash,North,2025,2,2025-02,Saturday,1
TXN11915,2025-02-08,CUST-265,Male,22,Clothing,Winter Coat,1,130.2,130.2,UPI,South,2025,2,2025-02,Saturday,1
TXN11916,2025-02-08,CUST-508,Female,20,Electronics,Smart Watch,2,215.99,431.98,Credit Card,North,2025,2,2025-02,Saturday,1
TXN11917,2025-02-08,CUST-113,Other,54,Beauty,Hair Dryer Pro,1,80.75,80.75,Debit Card,West,2025,2,2025-02,Saturday,1
TXN11918,2025-02-08,CUST-302,Female,54,Clothing,Cotton T-Shirt,1,23.85,23.85,UPI,North,2025,2,2025-02,Saturday,1
TXN11919,2025-02-08,CUST-387,Male,54,Home & Kitchen,Robot Vacuum,1,249.99,249.99,Debit Card,North,2025,2,2025-02,Saturday,1
TXN11920,2025-02-08,CUST-494,Female,20,Electronics,Bluetooth Speaker,1,50.99,50.99,Net Banking,East,2025,2,2025-02,Saturday,1
TXN11921,2025-02-09,CUST-288,Male,52,Electronics,Wireless Headphones,1,89.99,89.99,Credit Card,Central,2025,2,2025-02,Sunday,1
TXN11922,2025-02-09,CUST-501,Male,40,Beauty,Matte Lipstick Set,1,28.84,28.84,UPI,Central,2025,2,2025-02,Sunday,1
TXN11923,2025-02-09,CUST-254,Male,45,Home & Kitchen,Air Purifier,5,142.49,712.45,Net Banking,West,2025,2,2025-02,Sunday,1
TXN11924,2025-02-09,CUST-154,Male,47,Clothing,Cotton T-Shirt,1,21.15,21.15,Net Banking,North,2025,2,2025-02,Sunday,1
TXN11925,2025-02-09,CUST-281,Male,35,Home & Kitchen,Stainless Steel Cookware Set,1,126.09,126.09,Debit Card,South,2025,2,2025-02,Sunday,1
TXN11926,2025-02-09,CUST-309,Female,53,Books,Data Analytics Handbook,3,31.85,95.55,UPI,Central,2025,2,2025-02,Sunday,1
TXN11927,2025-02-10,CUST-475,Female,50,Books,Personal Finance Blueprint,1,21.34,21.34,Debit Card,Central,2025,2,2025-02,Monday,0
TXN11928,2025-02-10,CUST-570,Female,43,Home & Kitchen,Air Purifier,1,146.99,146.99,UPI,East,2025,2,2025-02,Monday,0
TXN11929,2025-02-10,CUST-174,Other,65,Home & Kitchen,Drip Coffee Maker,1,77.59,77.59,UPI,South,2025,2,2025-02,Monday,0
TXN11930,2025-02-10,CUST-376,Female,57,Electronics,Smart Watch,1,211.99,211.99,Credit Card,North,2025,2,2025-02,Monday,0
TXN11931,2025-02-10,CUST-527,Male,34,Home & Kitchen,Smoothie Blender,1,56.39,56.39,Cash,Central,2025,2,2025-02,Monday,0
TXN11932,2025-02-10,CUST-232,Male,57,Clothing,Winter Coat,1,128.8,128.8,Debit Card,North,2025,2,2025-02,Monday,0
TXN11933,2025-02-10,CUST-442,Female,24,Books,Cookbook 101 Recipes,3,27.77,83.31,Debit Card,East,2025,2,2025-02,Monday,0
TXN11934,2025-02-11,CUST-524,Female,25,Electronics,Tablet 10-inch,1,275.99,275.99,Credit Card,Central,2025,2,2025-02,Tuesday,0
TXN11935,2025-02-11,CUST-158,Female,48,Clothing,Formal Trousers,1,58.85,58.85,UPI,West,2025,2,2025-02,Tuesday,0
TXN11936,2025-02-11,CUST-444,Female,29,Beauty,Hydrating Skincare Set,2,40.95,81.9,Net Banking,South,2025,2,2025-02,Tuesday,0
TXN11937,2025-02-11,CUST-588,Female,65,Clothing,Winter Coat,1,145.6,145.6,Credit Card,South,2025,2,2025-02,Tuesday,0
TXN11938,2025-02-11,CUST-281,Female,48,Electronics,Wireless Headphones,1,88.19,88.19,Debit Card,North,2025,2,2025-02,Tuesday,0
TXN11939,2025-02-12,CUST-557,Male,61,Beauty,Sunscreen SPF 50,3,16.84,50.52,Credit Card,East,2025,2,2025-02,Wednesday,0
TXN11940,2025-02-13,CUST-505,Other,36,Home & Kitchen,Smoothie Blender,3,59.39,178.17,Debit Card,East,2025,2,2025-02,Thursday,0
TXN11941,2025-02-13,CUST-438,Female,27,Beauty,Perfume Spray 100ml,2,78.0,156.0,Net Banking,North,2025,2,2025-02,Thursday,0
TXN11942,2025-02-13,CUST-420,Female,56,Electronics,USB-C Hub,1,29.69,29.69,UPI,North,2025,2,2025-02,Thursday,0
TXN11943,2025-02-14,CUST-163,Female,29,Home & Kitchen,Smoothie Blender,5,58.19,290.95,UPI,North,2025,2,2025-02,Friday,0
TXN11944,2025-02-14,CUST-426,Male,37,Clothing,Running Shoes,1,105.6,105.6,UPI,Central,2025,2,2025-02,Friday,0
TXN11945,2025-02-14,CUST-359,Male,54,Electronics,Smart Watch,1,179.99,179.99,Net Banking,West,2025,2,2025-02,Friday,0
TXN11946,2025-02-15,CUST-292,Female,65,Beauty,Sunscreen SPF 50,1,18.68,18.68,Credit Card,South,2025,2,2025-02,Saturday,1
TXN11947,2025-02-15,CUST-242,Female,58,Home & Kitchen,Drip Coffee Maker,2,79.99,159.98,Debit Card,Central,2025,2,2025-02,Saturday,1
TXN11948,2025-02-16,CUST-203,Male,24,Clothing,Cotton T-Shirt,1,22.5,22.5,UPI,East,2025,2,2025-02,Sunday,1
TXN11949,2025-02-16,CUST-559,Male,31,Beauty,Matte Lipstick Set,2,29.96,59.92,Debit Card,West,2025,2,2025-02,Sunday,1
TXN11950,2025-02-17,CUST-505,Female,28,Clothing,Denim Jacket,3,61.75,185.25,Credit Card,East,2025,2,2025-02,Monday,0
TXN11951,2025-02-17,CUST-313,Male,24,Clothing,Winter Coat,1,141.4,141.4,UPI,West,2025,2,2025-02,Monday,0
TXN11952,2025-02-17,CUST-341,Female,46,Electronics,Tablet 10-inch,2,314.99,629.98,Cash,North,2025,2,2025-02,Monday,0
TXN11953,2025-02-17,CUST-530,Female,27,Books,Cookbook 101 Recipes,1,26.4,26.4,UPI,East,2025,2,2025-02,Monday,0
TXN11954,2025-02-17,CUST-308,Male,46,Home & Kitchen,Robot Vacuum,1,257.49,257.49,UPI,West,2025,2,2025-02,Monday,0
TXN11955,2025-02-17,CUST-192,Male,26,Beauty,Matte Lipstick Set,1,28.56,28.56,UPI,North,2025,2,2025-02,Monday,0
TXN11956,2025-02-18,CUST-529,Female,53,Beauty,Hair Dryer Pro,2,77.35,154.7,UPI,North,2025,2,2025-02,Tuesday,0
TXN11957,2025-02-18,CUST-241,Male,65,Home & Kitchen,Drip Coffee Maker,1,73.59,73.59,Credit Card,North,2025,2,2025-02,Tuesday,0
TXN11958,2025-02-18,CUST-533,Female,27,Clothing,Formal Trousers,3,50.05,150.15,UPI,South,2025,2,2025-02,Tuesday,0
TXN11959,2025-02-19,CUST-503,Male,36,Clothing,Denim Jacket,4,59.8,239.2,Debit Card,North,2025,2,2025-02,Wednesday,0
TXN11960,2025-02-19,CUST-533,Female,48,Electronics,Tablet 10-inch,4,290.99,1163.96,UPI,East,2025,2,2025-02,Wednesday,0
TXN11961,2025-02-19,CUST-211,Male,34,Beauty,Perfume Spray 100ml,1,81.75,81.75,Credit Card,South,2025,2,2025-02,Wednesday,0
TXN11962,2025-02-19,CUST-516,Male,26,Books,Data Analytics Handbook,1,35.0,35.0,Credit Card,North,2025,2,2025-02,Wednesday,0
TXN11963,2025-02-19,CUST-474,Female,62,Electronics,Wireless Headphones,1,88.19,88.19,Debit Card,Central,2025,2,2025-02,Wednesday,0
TXN11964,2025-02-20,CUST-158,Male,50,Electronics,Wireless Headphones,2,84.59,169.18,UPI,East,2025,2,2025-02,Thursday,0
TXN11965,2025-02-20,CUST-142,Male,51,Clothing,Cotton T-Shirt,5,21.15,105.75,Cash,North,2025,2,2025-02,Thursday,0
TXN11966,2025-02-20,CUST-306,Male,62,Home & Kitchen,Air Purifier,2,137.99,275.98,Credit Card,South,2025,2,2025-02,Thursday,0
TXN11967,2025-02-21,CUST-367,Female,41,Clothing,Running Shoes,2,111.1,222.2,UPI,West,2025,2,2025-02,Friday,0
TXN11968,2025-02-21,CUST-395,Male,26,Clothing,Winter Coat,1,131.6,131.6,Credit Card,West,2025,2,2025-02,Friday,0
TXN11969,2025-02-21,CUST-217,Male,24,Beauty,Hydrating Skincare Set,3,47.25,141.75,Credit Card,North,2025,2,2025-02,Friday,0
TXN11970,2025-02-21,CUST-119,Female,33,Beauty,Hair Dryer Pro,1,90.1,90.1,Debit Card,Central,2025,2,2025-02,Friday,0
TXN11971,2025-02-21,CUST-321,Male,36,Electronics,USB-C Hub,1,27.29,27.29,UPI,West,2025,2,2025-02,Friday,0
TXN11972,2025-02-22,CUST-265,Female,56,Electronics,USB-C Hub,3,29.69,89.07,UPI,Central,2025,2,2025-02,Saturday,1
TXN11973,2025-02-22,CUST-230,Female,23,Beauty,Hydrating Skincare Set,2,42.75,85.5,UPI,North,2025,2,2025-02,Saturday,1
TXN11974,2025-02-22,CUST-255,Male,67,Clothing,Running Shoes,1,112.2,112.2,UPI,North,2025,2,2025-02,Saturday,1
TXN11975,2025-02-22,CUST-283,Male,28,Books,Sci-Fi Bestseller Novel,1,15.51,15.51,Debit Card,South,2025,2,2025-02,Saturday,1
TXN11976,2025-02-22,CUST-189,Male,29,Beauty,Matte Lipstick Set,1,26.6,26.6,Credit Card,North,2025,2,2025-02,Saturday,1
TXN11977,2025-02-22,CUST-193,Female,59,Electronics,Bluetooth Speaker,2,46.99,93.98,UPI,North,2025,2,2025-02,Saturday,1
TXN11978,2025-02-22,CUST-112,Other,30,Clothing,Denim Jacket,1,63.05,63.05,UPI,North,2025,2,2025-02,Saturday,1
TXN11979,2025-02-23,CUST-560,Female,29,Clothing,Denim Jacket,3,59.15,177.45,UPI,West,2025,2,2025-02,Sunday,1
TXN11980,2025-02-23,CUST-421,Female,38,Electronics,Wireless Headphones,1,82.79,82.79,Debit Card,North,2025,2,2025-02,Sunday,1
TXN11981,2025-02-23,CUST-392,Female,27,Books,Sci-Fi Bestseller Novel,1,15.51,15.51,Debit Card,North,2025,2,2025-02,Sunday,1
TXN11982,2025-02-23,CUST-532,Male,37,Home & Kitchen,Air Purifier,1,143.99,143.99,UPI,Central,2025,2,2025-02,Sunday,1
TXN11983,2025-02-23,CUST-329,Male,67,Electronics,Bluetooth Speaker,1,44.99,44.99,UPI,North,2025,2,2025-02,Sunday,1
TXN11984,2025-02-23,CUST-421,Male,53,Clothing,Formal Trousers,2,57.2,114.4,Credit Card,East,2025,2,2025-02,Sunday,1
TXN11985,2025-02-23,CUST-391,Male,45,Electronics,USB-C Hub,2,32.09,64.18,Net Banking,East,2025,2,2025-02,Sunday,1
TXN11986,2025-02-23,CUST-537,Female,41,Clothing,Running Shoes,1,116.6,116.6,Credit Card,Central,2025,2,2025-02,Sunday,1
TXN11987,2025-02-23,CUST-125,Male,22,Beauty,Hair Dryer Pro,1,90.1,90.1,UPI,Central,2025,2,2025-02,Sunday,1
TXN11988,2025-02-24,CUST-174,Female,54,Clothing,Running Shoes,3,121.0,363.0,UPI,South,2025,2,2025-02,Monday,0
TXN11989,2025-02-24,CUST-555,Female,29,Books,Cookbook 101 Recipes,1,29.15,29.15,Credit Card,Central,2025,2,2025-02,Monday,0
TXN11990,2025-02-25,CUST-463,Female,52,Electronics,Tablet 10-inch,1,275.99,275.99,Credit Card,South,2025,2,2025-02,Tuesday,0
TXN11991,2025-02-25,CUST-523,Male,57,Beauty,Matte Lipstick Set,1,26.32,26.32,UPI,East,2025,2,2025-02,Tuesday,0
TXN11992,2025-02-25,CUST-398,Female,19,Home & Kitchen,Air Purifier,2,151.49,302.98,UPI,South,2025,2,2025-02,Tuesday,0
TXN11993,2025-02-25,CUST-249,Male,67,Clothing,Cotton T-Shirt,1,22.05,22.05,Credit Card,East,2025,2,2025-02,Tuesday,0
TXN11994,2025-02-25,CUST-247,Female,58,Electronics,USB-C Hub,1,30.59,30.59,UPI,East,2025,2,2025-02,Tuesday,0
TXN11995,2025-02-25,CUST-107,Female,62,Electronics,Tablet 10-inch,2,314.99,629.98,Credit Card,East,2025,2,2025-02,Tuesday,0
TXN11996,2025-02-25,CUST-128,Male,56,Clothing,Running Shoes,4,106.7,426.8,UPI,East,2025,2,2025-02,Tuesday,0
TXN11997,2025-02-26,CUST-395,Female,59,Books,Data Analytics Handbook,1,36.05,36.05,Debit Card,North,2025,2,2025-02,Wednesday,0
TXN11998,2025-02-26,CUST-573,Male,26,Books,Sci-Fi Bestseller Novel,1,15.19,15.19,UPI,South,2025,2,2025-02,Wednesday,0
TXN11999,2025-02-27,CUST-513,Male,39,Books,Sci-Fi Bestseller Novel,1,15.99,15.99,Net Banking,West,2025,2,2025-02,Thursday,0
TXN12000,2025-02-27,CUST-308,Female,64,Home & Kitchen,Robot Vacuum,1,262.49,262.49,UPI,North,2025,2,2025-02,Thursday,0
TXN12001,2025-02-27,CUST-227,Other,22,Clothing,Denim Jacket,1,64.35,64.35,UPI,South,2025,2,2025-02,Thursday,0
TXN12002,2025-02-27,CUST-439,Female,29,Books,Cookbook 101 Recipes,2,29.15,58.3,Debit Card,East,2025,2,2025-02,Thursday,0
TXN12003,2025-02-27,CUST-215,Female,18,Books,Mindfulness & Productivity,3,17.28,51.84,Net Banking,Central,2025,2,2025-02,Thursday,0
TXN12004,2025-02-28,CUST-538,Male,61,Clothing,Winter Coat,3,151.2,453.6,UPI,North,2025,2,2025-02,Friday,0
TXN12005,2025-02-28,CUST-243,Female,39,Clothing,Formal Trousers,1,51.7,51.7,Net Banking,East,2025,2,2025-02,Friday,0
TXN12006,2025-02-28,CUST-529,Male,55,Beauty,Perfume Spray 100ml,2,70.5,141.0,UPI,North,2025,2,2025-02,Friday,0
TXN12007,2025-02-28,CUST-417,Male,36,Electronics,USB-C Hub,1,28.19,28.19,Credit Card,South,2025,2,2025-02,Friday,0
TXN12008,2025-02-28,CUST-334,Other,33,Electronics,Wireless Headphones,1,85.49,85.49,UPI,North,2025,2,2025-02,Friday,0
TXN12009,2025-03-01,CUST-106,Female,48,Books,Sci-Fi Bestseller Novel,4,15.99,63.96,UPI,East,2025,3,2025-03,Saturday,1
TXN12010,2025-03-01,CUST-563,Female,20,Books,Data Analytics Handbook,3,38.15,114.45,Credit Card,West,2025,3,2025-03,Saturday,1
TXN12011,2025-03-01,CUST-144,Male,40,Electronics,USB-C Hub,1,31.49,31.49,Credit Card,North,2025,3,2025-03,Saturday,1
TXN12012,2025-03-01,CUST-542,Female,59,Clothing,Winter Coat,1,138.6,138.6,Credit Card,West,2025,3,2025-03,Saturday,1
TXN12013,2025-03-01,CUST-338,Male,35,Home & Kitchen,Robot Vacuum,1,232.49,232.49,Credit Card,South,2025,3,2025-03,Saturday,1
TXN12014,2025-03-02,CUST-539,Male,43,Beauty,Hydrating Skincare Set,2,41.4,82.8,Cash,South,2025,3,2025-03,Sunday,1
TXN12015,2025-03-02,CUST-531,Female,30,Clothing,Running Shoes,3,113.3,339.9,UPI,East,2025,3,2025-03,Sunday,1
TXN12016,2025-03-02,CUST-254,Female,35,Home & Kitchen,Air Purifier,1,157.49,157.49,UPI,South,2025,3,2025-03,Sunday,1
TXN12017,2025-03-02,CUST-280,Male,20,Books,Sci-Fi Bestseller Novel,1,17.27,17.27,Debit Card,North,2025,3,2025-03,Sunday,1
TXN12018,2025-03-02,CUST-314,Male,40,Books,Data Analytics Handbook,1,32.9,32.9,UPI,West,2025,3,2025-03,Sunday,1
TXN12019,2025-03-02,CUST-187,Female,20,Clothing,Denim Jacket,1,69.55,69.55,Credit Card,West,2025,3,2025-03,Sunday,1
TXN12020,2025-03-03,CUST-355,Female,42,Electronics,Tablet 10-inch,2,299.99,599.98,Credit Card,West,2025,3,2025-03,Monday,0
TXN12021,2025-03-03,CUST-172,Female,44,Books,Sci-Fi Bestseller Novel,3,15.67,47.01,UPI,South,2025,3,2025-03,Monday,0
TXN12022,2025-03-03,CUST-518,Male,61,Electronics,Wireless Headphones,1,80.99,80.99,Net Banking,North,2025,3,2025-03,Monday,0
TXN12023,2025-03-03,CUST-278,Female,44,Home & Kitchen,Air Purifier,1,154.49,154.49,UPI,West,2025,3,2025-03,Monday,0
TXN12024,2025-03-04,CUST-311,Male,56,Electronics,Bluetooth Speaker,1,48.99,48.99,UPI,South,2025,3,2025-03,Tuesday,0
TXN12025,2025-03-04,CUST-392,Female,42,Clothing,Winter Coat,1,142.8,142.8,UPI,West,2025,3,2025-03,Tuesday,0
TXN12026,2025-03-04,CUST-333,Male,41,Clothing,Running Shoes,1,105.6,105.6,UPI,West,2025,3,2025-03,Tuesday,0
TXN12027,2025-03-04,CUST-564,Female,25,Electronics,Tablet 10-inch,1,287.99,287.99,UPI,West,2025,3,2025-03,Tuesday,0
TXN12028,2025-03-05,CUST-338,Male,26,Books,Sci-Fi Bestseller Novel,1,16.79,16.79,Credit Card,South,2025,3,2025-03,Wednesday,0
TXN12029,2025-03-05,CUST-322,Female,63,Electronics,Smart Watch,1,197.99,197.99,Debit Card,Central,2025,3,2025-03,Wednesday,0
TXN12030,2025-03-05,CUST-218,Male,54,Books,Personal Finance Blueprint,2,23.98,47.96,Debit Card,East,2025,3,2025-03,Wednesday,0
TXN12031,2025-03-06,CUST-412,Female,47,Books,Sci-Fi Bestseller Novel,1,14.71,14.71,UPI,East,2025,3,2025-03,Thursday,0
TXN12032,2025-03-06,CUST-363,Male,36,Clothing,Cotton T-Shirt,2,21.15,42.3,UPI,East,2025,3,2025-03,Thursday,0
TXN12033,2025-03-06,CUST-306,Male,33,Home & Kitchen,Drip Coffee Maker,2,83.19,166.38,Cash,North,2025,3,2025-03,Thursday,0
TXN12034,2025-03-06,CUST-194,Female,41,Clothing,Denim Jacket,3,65.0,195.0,UPI,South,2025,3,2025-03,Thursday,0
TXN12035,2025-03-07,CUST-472,Male,61,Home & Kitchen,Air Purifier,1,151.49,151.49,Cash,Central,2025,3,2025-03,Friday,0
TXN12036,2025-03-07,CUST-321,Male,38,Beauty,Hydrating Skincare Set,2,42.75,85.5,Debit Card,North,2025,3,2025-03,Friday,0
TXN12037,2025-03-07,CUST-465,Female,53,Clothing,Denim Jacket,1,71.5,71.5,Net Banking,South,2025,3,2025-03,Friday,0
TXN12038,2025-03-07,CUST-375,Female,57,Clothing,Cotton T-Shirt,4,21.6,86.4,UPI,South,2025,3,2025-03,Friday,0
TXN12039,2025-03-07,CUST-479,Female,56,Beauty,Sunscreen SPF 50,2,18.32,36.64,UPI,South,2025,3,2025-03,Friday,0
TXN12040,2025-03-07,CUST-330,Male,64,Books,Sci-Fi Bestseller Novel,1,15.83,15.83,Credit Card,East,2025,3,2025-03,Friday,0
TXN12041,2025-03-09,CUST-408,Male,23,Electronics,Wireless Headphones,1,89.09,89.09,Debit Card,Central,2025,3,2025-03,Sunday,1
TXN12042,2025-03-09,CUST-218,Female,22,Beauty,Perfume Spray 100ml,3,81.75,245.25,UPI,South,2025,3,2025-03,Sunday,1
TXN12043,2025-03-10,CUST-367,Female,31,Clothing,Running Shoes,3,115.5,346.5,Debit Card,West,2025,3,2025-03,Monday,0
TXN12044,2025-03-10,CUST-532,Male,62,Home & Kitchen,Robot Vacuum,3,249.99,749.97,UPI,West,2025,3,2025-03,Monday,0
TXN12045,2025-03-10,CUST-372,Male,59,Electronics,USB-C Hub,3,30.59,91.77,Credit Card,East,2025,3,2025-03,Monday,0
TXN12046,2025-03-10,CUST-163,Female,67,Beauty,Hair Dryer Pro,3,86.7,260.1,Net Banking,North,2025,3,2025-03,Monday,0
TXN12047,2025-03-10,CUST-397,Male,21,Electronics,USB-C Hub,2,29.69,59.38,UPI,East,2025,3,2025-03,Monday,0
TXN12048,2025-03-10,CUST-449,Male,25,Beauty,Hydrating Skincare Set,1,41.4,41.4,UPI,Central,2025,3,2025-03,Monday,0
TXN12049,2025-03-10,CUST-512,Female,41,Home & Kitchen,Stainless Steel Cookware Set,1,135.19,135.19,UPI,South,2025,3,2025-03,Monday,0
TXN12050,2025-03-10,CUST-502,Male,28,Home & Kitchen,Air Purifier,2,142.49,284.98,UPI,East,2025,3,2025-03,Monday,0
TXN12051,2025-03-10,CUST-593,Female,34,Home & Kitchen,Air Purifier,1,137.99,137.99,UPI,Central,2025,3,2025-03,Monday,0
TXN12052,2025-03-10,CUST-110,Female,67,Beauty,Matte Lipstick Set,2,27.44,54.88,UPI,West,2025,3,2025-03,Monday,0
TXN12053,2025-03-11,CUST-197,Female,38,Books,Cookbook 101 Recipes,1,27.23,27.23,UPI,East,2025,3,2025-03,Tuesday,0
TXN12054,2025-03-11,CUST-533,Male,43,Beauty,Hydrating Skincare Set,2,42.3,84.6,Debit Card,Central,2025,3,2025-03,Tuesday,0
TXN12055,2025-03-11,CUST-170,Male,60,Books,Mindfulness & Productivity,1,18.18,18.18,Net Banking,North,2025,3,2025-03,Tuesday,0
TXN12056,2025-03-11,CUST-463,Female,65,Beauty,Sunscreen SPF 50,1,19.61,19.61,Credit Card,West,2025,3,2025-03,Tuesday,0
TXN12057,2025-03-11,CUST-157,Female,61,Beauty,Matte Lipstick Set,1,28.84,28.84,UPI,South,2025,3,2025-03,Tuesday,0
TXN12058,2025-03-11,CUST-389,Female,62,Electronics,USB-C Hub,1,27.89,27.89,UPI,South,2025,3,2025-03,Tuesday,0
TXN12059,2025-03-11,CUST-350,Male,44,Beauty,Sunscreen SPF 50,3,16.84,50.52,Debit Card,East,2025,3,2025-03,Tuesday,0
TXN12060,2025-03-12,CUST-375,Female,33,Electronics,Wireless Headphones,1,94.49,94.49,Credit Card,North,2025,3,2025-03,Wednesday,0
TXN12061,2025-03-12,CUST-149,Male,43,Home & Kitchen,Stainless Steel Cookware Set,3,136.49,409.47,Cash,South,2025,3,2025-03,Wednesday,0
TXN12062,2025-03-12,CUST-457,Female,50,Beauty,Sunscreen SPF 50,1,16.84,16.84,UPI,North,2025,3,2025-03,Wednesday,0
TXN12063,2025-03-12,CUST-315,Female,48,Books,Cookbook 101 Recipes,1,29.15,29.15,Debit Card,North,2025,3,2025-03,Wednesday,0
TXN12064,2025-03-12,CUST-493,Female,65,Electronics,Wireless Headphones,1,88.19,88.19,Credit Card,South,2025,3,2025-03,Wednesday,0
TXN12065,2025-03-13,CUST-515,Female,64,Electronics,USB-C Hub,1,28.79,28.79,Net Banking,West,2025,3,2025-03,Thursday,0
TXN12066,2025-03-13,CUST-151,Male,23,Home & Kitchen,Drip Coffee Maker,1,79.19,79.19,Credit Card,North,2025,3,2025-03,Thursday,0
TXN12067,2025-03-13,CUST-370,Female,61,Clothing,Formal Trousers,1,58.3,58.3,Credit Card,East,2025,3,2025-03,Thursday,0
TXN12068,2025-03-13,CUST-584,Female,25,Clothing,Cotton T-Shirt,3,22.95,68.85,Credit Card,West,2025,3,2025-03,Thursday,0
TXN12069,2025-03-14,CUST-183,Female,24,Home & Kitchen,Stainless Steel Cookware Set,3,141.69,425.07,Debit Card,North,2025,3,2025-03,Friday,0
TXN12070,2025-03-14,CUST-486,Female,51,Beauty,Perfume Spray 100ml,4,78.0,312.0,UPI,Central,2025,3,2025-03,Friday,0
TXN12071,2025-03-15,CUST-392,Female,61,Electronics,Wireless Headphones,4,90.89,363.56,UPI,Central,2025,3,2025-03,Saturday,1
TXN12072,2025-03-15,CUST-225,Female,31,Books,Mindfulness & Productivity,1,19.08,19.08,Credit Card,South,2025,3,2025-03,Saturday,1
TXN12073,2025-03-15,CUST-395,Male,33,Electronics,Bluetooth Speaker,1,47.99,47.99,UPI,Central,2025,3,2025-03,Saturday,1
TXN12074,2025-03-15,CUST-171,Male,60,Books,Sci-Fi Bestseller Novel,1,17.11,17.11,Credit Card,East,2025,3,2025-03,Saturday,1
TXN12075,2025-03-15,CUST-395,Female,26,Electronics,Bluetooth Speaker,1,50.99,50.99,Cash,South,2025,3,2025-03,Saturday,1
TXN12076,2025-03-16,CUST-335,Female,27,Beauty,Sunscreen SPF 50,2,19.43,38.86,Credit Card,East,2025,3,2025-03,Sunday,1
TXN12077,2025-03-16,CUST-155,Other,34,Electronics,USB-C Hub,3,32.69,98.07,Credit Card,East,2025,3,2025-03,Sunday,1
TXN12078,2025-03-16,CUST-506,Female,29,Home & Kitchen,Smoothie Blender,2,61.19,122.38,Credit Card,East,2025,3,2025-03,Sunday,1
TXN12079,2025-03-16,CUST-459,Female,23,Electronics,Wireless Headphones,3,95.39,286.17,Debit Card,West,2025,3,2025-03,Sunday,1
TXN12080,2025-03-16,CUST-494,Female,36,Home & Kitchen,Drip Coffee Maker,1,80.79,80.79,Net Banking,South,2025,3,2025-03,Sunday,1
TXN12081,2025-03-16,CUST-209,Female,60,Clothing,Cotton T-Shirt,1,21.6,21.6,Credit Card,Central,2025,3,2025-03,Sunday,1
TXN12082,2025-03-17,CUST-291,Male,58,Electronics,Bluetooth Speaker,1,50.99,50.99,Credit Card,Central,2025,3,2025-03,Monday,0
TXN12083,2025-03-17,CUST-491,Female,46,Home & Kitchen,Drip Coffee Maker,5,83.19,415.95,UPI,West,2025,3,2025-03,Monday,0
TXN12084,2025-03-17,CUST-192,Male,23,Clothing,Denim Jacket,4,65.0,260.0,UPI,North,2025,3,2025-03,Monday,0
TXN12085,2025-03-17,CUST-449,Female,42,Electronics,Bluetooth Speaker,2,45.99,91.98,UPI,East,2025,3,2025-03,Monday,0
TXN12086,2025-03-17,CUST-155,Female,41,Electronics,Wireless Headphones,1,98.09,98.09,UPI,West,2025,3,2025-03,Monday,0
TXN12087,2025-03-17,CUST-159,Male,42,Clothing,Cotton T-Shirt,1,22.27,22.27,Credit Card,Central,2025,3,2025-03,Monday,0
TXN12088,2025-03-18,CUST-237,Female,33,Electronics,Wireless Headphones,1,98.09,98.09,Credit Card,Central,2025,3,2025-03,Tuesday,0
TXN12089,2025-03-18,CUST-138,Male,33,Electronics,Bluetooth Speaker,3,49.49,148.47,UPI,Central,2025,3,2025-03,Tuesday,0
TXN12090,2025-03-18,CUST-127,Female,23,Clothing,Winter Coat,1,133.0,133.0,Cash,South,2025,3,2025-03,Tuesday,0
TXN12091,2025-03-18,CUST-148,Male,54,Beauty,Hair Dryer Pro,1,90.1,90.1,Credit Card,Central,2025,3,2025-03,Tuesday,0
TXN12092,2025-03-18,CUST-519,Female,38,Beauty,Perfume Spray 100ml,1,67.5,67.5,Credit Card,North,2025,3,2025-03,Tuesday,0
TXN12093,2025-03-19,CUST-224,Male,21,Electronics,Tablet 10-inch,4,269.99,1079.96,Debit Card,South,2025,3,2025-03,Wednesday,0
TXN12094,2025-03-19,CUST-112,Female,51,Books,Sci-Fi Bestseller Novel,1,14.87,14.87,Credit Card,North,2025,3,2025-03,Wednesday,0
TXN12095,2025-03-20,CUST-579,Male,45,Books,Sci-Fi Bestseller Novel,2,16.79,33.58,UPI,Central,2025,3,2025-03,Thursday,0
TXN12096,2025-03-20,CUST-135,Female,55,Clothing,Cotton T-Shirt,1,23.4,23.4,Debit Card,Central,2025,3,2025-03,Thursday,0
TXN12097,2025-03-20,CUST-200,Male,58,Electronics,Bluetooth Speaker,1,52.49,52.49,UPI,South,2025,3,2025-03,Thursday,0
TXN12098,2025-03-20,CUST-381,Female,45,Books,Data Analytics Handbook,1,35.35,35.35,Credit Card,South,2025,3,2025-03,Thursday,0
TXN12099,2025-03-20,CUST-185,Male,34,Clothing,Running Shoes,3,100.1,300.3,UPI,Central,2025,3,2025-03,Thursday,0
TXN12100,2025-03-20,CUST-103,Female,31,Clothing,Formal Trousers,3,57.2,171.6,Credit Card,East,2025,3,2025-03,Thursday,0
TXN12101,2025-03-20,CUST-322,Female,24,Clothing,Formal Trousers,1,57.75,57.75,UPI,South,2025,3,2025-03,Thursday,0
TXN12102,2025-03-21,CUST-437,Female,39,Home & Kitchen,Drip Coffee Maker,1,77.59,77.59,Debit Card,East,2025,3,2025-03,Friday,0
TXN12103,2025-03-21,CUST-547,Female,18,Electronics,Bluetooth Speaker,3,49.49,148.47,UPI,East,2025,3,2025-03,Friday,0
TXN12104,2025-03-21,CUST-265,Female,46,Home & Kitchen,Drip Coffee Maker,2,77.59,155.18,Net Banking,Central,2025,3,2025-03,Friday,0
TXN12105,2025-03-22,CUST-482,Male,48,Home & Kitchen,Robot Vacuum,1,262.49,262.49,Net Banking,South,2025,3,2025-03,Saturday,1
TXN12106,2025-03-22,CUST-443,Other,47,Beauty,Matte Lipstick Set,1,27.72,27.72,UPI,North,2025,3,2025-03,Saturday,1
TXN12107,2025-03-22,CUST-482,Female,32,Home & Kitchen,Drip Coffee Maker,2,80.79,161.58,UPI,North,2025,3,2025-03,Saturday,1
TXN12108,2025-03-22,CUST-475,Male,35,Electronics,USB-C Hub,2,27.89,55.78,Debit Card,North,2025,3,2025-03,Saturday,1
TXN12109,2025-03-23,CUST-570,Male,52,Beauty,Hydrating Skincare Set,5,40.95,204.75,UPI,East,2025,3,2025-03,Sunday,1
TXN12110,2025-03-23,CUST-377,Female,67,Clothing,Cotton T-Shirt,3,21.15,63.45,UPI,Central,2025,3,2025-03,Sunday,1
TXN12111,2025-03-23,CUST-229,Male,47,Clothing,Denim Jacket,1,64.35,64.35,UPI,West,2025,3,2025-03,Sunday,1
TXN12112,2025-03-24,CUST-130,Male,51,Clothing,Formal Trousers,2,56.1,112.2,Credit Card,Central,2025,3,2025-03,Monday,0
TXN12113,2025-03-24,CUST-474,Other,59,Clothing,Running Shoes,1,119.9,119.9,UPI,Central,2025,3,2025-03,Monday,0
TXN12114,2025-03-24,CUST-110,Female,28,Electronics,Wireless Headphones,2,96.29,192.58,UPI,South,2025,3,2025-03,Monday,0
TXN12115,2025-03-24,CUST-575,Male,44,Clothing,Denim Jacket,2,66.95,133.9,Credit Card,South,2025,3,2025-03,Monday,0
TXN12116,2025-03-24,CUST-401,Female,41,Clothing,Running Shoes,1,101.2,101.2,UPI,East,2025,3,2025-03,Monday,0
TXN12117,2025-03-24,CUST-195,Female,52,Home & Kitchen,Smoothie Blender,3,57.59,172.77,UPI,North,2025,3,2025-03,Monday,0
TXN12118,2025-03-25,CUST-289,Female,56,Electronics,Wireless Headphones,2,81.89,163.78,Net Banking,East,2025,3,2025-03,Tuesday,0
TXN12119,2025-03-25,CUST-552,Other,25,Beauty,Sunscreen SPF 50,3,19.05,57.15,Credit Card,South,2025,3,2025-03,Tuesday,0
TXN12120,2025-03-25,CUST-291,Male,35,Electronics,USB-C Hub,1,30.29,30.29,UPI,East,2025,3,2025-03,Tuesday,0
TXN12121,2025-03-25,CUST-585,Male,30,Electronics,Tablet 10-inch,1,275.99,275.99,UPI,East,2025,3,2025-03,Tuesday,0
TXN12122,2025-03-25,CUST-365,Female,62,Clothing,Cotton T-Shirt,2,20.7,41.4,Credit Card,South,2025,3,2025-03,Tuesday,0
TXN12123,2025-03-25,CUST-523,Female,41,Electronics,Wireless Headphones,4,93.59,374.36,UPI,East,2025,3,2025-03,Tuesday,0
TXN12124,2025-03-25,CUST-227,Female,40,Beauty,Hydrating Skincare Set,1,41.4,41.4,Cash,South,2025,3,2025-03,Tuesday,0
TXN12125,2025-03-26,CUST-337,Female,29,Clothing,Formal Trousers,1,56.65,56.65,Credit Card,North,2025,3,2025-03,Wednesday,0
TXN12126,2025-03-26,CUST-507,Female,66,Books,Mindfulness & Productivity,1,16.56,16.56,Cash,East,2025,3,2025-03,Wednesday,0
TXN12127,2025-03-27,CUST-454,Male,47,Books,Sci-Fi Bestseller Novel,1,15.19,15.19,Debit Card,South,2025,3,2025-03,Thursday,0
TXN12128,2025-03-27,CUST-527,Male,48,Clothing,Denim Jacket,3,63.7,191.1,Credit Card,Central,2025,3,2025-03,Thursday,0
TXN12129,2025-03-28,CUST-211,Female,45,Home & Kitchen,Air Purifier,2,143.99,287.98,Credit Card,North,2025,3,2025-03,Friday,0
TXN12130,2025-03-28,CUST-415,Female,39,Electronics,Bluetooth Speaker,4,48.49,193.96,Debit Card,East,2025,3,2025-03,Friday,0
TXN12131,2025-03-28,CUST-545,Female,61,Beauty,Matte Lipstick Set,2,26.6,53.2,Credit Card,East,2025,3,2025-03,Friday,0
TXN12132,2025-03-28,CUST-442,Female,45,Home & Kitchen,Drip Coffee Maker,1,79.19,79.19,UPI,North,2025,3,2025-03,Friday,0
TXN12133,2025-03-28,CUST-244,Male,30,Electronics,Tablet 10-inch,2,326.99,653.98,Credit Card,South,2025,3,2025-03,Friday,0
TXN12134,2025-03-28,CUST-164,Male,42,Electronics,Wireless Headphones,2,83.69,167.38,UPI,East,2025,3,2025-03,Friday,0
TXN12135,2025-03-29,CUST-346,Male,61,Electronics,Bluetooth Speaker,5,50.99,254.95,Debit Card,South,2025,3,2025-03,Saturday,1
TXN12136,2025-03-29,CUST-322,Female,63,Clothing,Cotton T-Shirt,1,24.3,24.3,Credit Card,North,2025,3,2025-03,Saturday,1
TXN12137,2025-03-29,CUST-578,Female,24,Beauty,Sunscreen SPF 50,1,17.57,17.57,Cash,East,2025,3,2025-03,Saturday,1
TXN12138,2025-03-29,CUST-589,Female,62,Clothing,Formal Trousers,1,55.0,55.0,Credit Card,North,2025,3,2025-03,Saturday,1
TXN12139,2025-03-29,CUST-412,Male,23,Clothing,Cotton T-Shirt,2,23.85,47.7,Debit Card,East,2025,3,2025-03,Saturday,1
TXN12140,2025-03-29,CUST-538,Male,41,Clothing,Running Shoes,1,108.9,108.9,UPI,West,2025,3,2025-03,Saturday,1
TXN12141,2025-03-30,CUST-205,Female,36,Home & Kitchen,Air Purifier,2,163.49,326.98,UPI,North,2025,3,2025-03,Sunday,1
TXN12142,2025-03-30,CUST-280,Female,36,Electronics,Wireless Headphones,3,86.39,259.17,Net Banking,South,2025,3,2025-03,Sunday,1
TXN12143,2025-03-30,CUST-283,Female,53,Home & Kitchen,Air Purifier,1,157.49,157.49,Debit Card,South,2025,3,2025-03,Sunday,1
TXN12144,2025-03-30,CUST-325,Male,26,Beauty,Hair Dryer Pro,2,86.7,173.4,Credit Card,East,2025,3,2025-03,Sunday,1
TXN12145,2025-03-30,CUST-364,Male,65,Home & Kitchen,Air Purifier,3,161.99,485.97,UPI,South,2025,3,2025-03,Sunday,1
TXN12146,2025-03-30,CUST-377,Male,53,Home & Kitchen,Smoothie Blender,2,62.39,124.78,Credit Card,South,2025,3,2025-03,Sunday,1
TXN12147,2025-03-30,CUST-496,Male,55,Clothing,Cotton T-Shirt,1,22.05,22.05,Net Banking,North,2025,3,2025-03,Sunday,1
TXN12148,2025-03-30,CUST-188,Female,57,Electronics,Wireless Headphones,1,81.89,81.89,UPI,North,2025,3,2025-03,Sunday,1
TXN12149,2025-03-30,CUST-275,Female,46,Beauty,Sunscreen SPF 50,1,17.39,17.39,Debit Card,East,2025,3,2025-03,Sunday,1
TXN12150,2025-03-31,CUST-117,Female,41,Books,Data Analytics Handbook,1,37.45,37.45,UPI,North,2025,3,2025-03,Monday,0
TXN12151,2025-03-31,CUST-470,Female,65,Beauty,Perfume Spray 100ml,2,75.75,151.5,UPI,North,2025,3,2025-03,Monday,0
TXN12152,2025-03-31,CUST-559,Male,22,Electronics,USB-C Hub,5,31.79,158.95,Debit Card,South,2025,3,2025-03,Monday,0
TXN12153,2025-03-31,CUST-523,Male,59,Electronics,Tablet 10-inch,2,287.99,575.98,UPI,North,2025,3,2025-03,Monday,0
TXN12154,2025-03-31,CUST-500,Female,62,Books,Cookbook 101 Recipes,1,28.88,28.88,UPI,North,2025,3,2025-03,Monday,0
TXN12155,2025-04-01,CUST-498,Male,43,Electronics,USB-C Hub,1,27.89,27.89,Debit Card,South,2025,4,2025-04,Tuesday,0
TXN12156,2025-04-01,CUST-205,Female,31,Electronics,Tablet 10-inch,4,287.99,1151.96,Debit Card,North,2025,4,2025-04,Tuesday,0
TXN12157,2025-04-01,CUST-370,Female,56,Clothing,Denim Jacket,3,61.75,185.25,UPI,West,2025,4,2025-04,Tuesday,0
TXN12158,2025-04-01,CUST-562,Female,46,Books,Mindfulness & Productivity,1,19.44,19.44,Net Banking,North,2025,4,2025-04,Tuesday,0
TXN12159,2025-04-02,CUST-418,Female,23,Clothing,Running Shoes,1,106.7,106.7,UPI,West,2025,4,2025-04,Wednesday,0
TXN12160,2025-04-02,CUST-266,Female,24,Clothing,Winter Coat,2,147.0,294.0,Cash,South,2025,4,2025-04,Wednesday,0
TXN12161,2025-04-03,CUST-112,Female,54,Beauty,Sunscreen SPF 50,1,18.87,18.87,Debit Card,East,2025,4,2025-04,Thursday,0
TXN12162,2025-04-03,CUST-436,Female,35,Electronics,USB-C Hub,1,29.69,29.69,UPI,North,2025,4,2025-04,Thursday,0
TXN12163,2025-04-03,CUST-131,Other,40,Books,Cookbook 101 Recipes,1,26.68,26.68,UPI,Central,2025,4,2025-04,Thursday,0
TXN12164,2025-04-03,CUST-492,Female,61,Beauty,Hydrating Skincare Set,1,45.9,45.9,UPI,West,2025,4,2025-04,Thursday,0
TXN12165,2025-04-03,CUST-139,Female,55,Clothing,Running Shoes,1,115.5,115.5,UPI,North,2025,4,2025-04,Thursday,0
TXN12166,2025-04-03,CUST-247,Female,18,Home & Kitchen,Smoothie Blender,1,60.59,60.59,Credit Card,North,2025,4,2025-04,Thursday,0
TXN12167,2025-04-03,CUST-317,Male,21,Books,Mindfulness & Productivity,1,16.92,16.92,UPI,East,2025,4,2025-04,Thursday,0
TXN12168,2025-04-04,CUST-318,Female,61,Clothing,Cotton T-Shirt,2,22.05,44.1,UPI,Central,2025,4,2025-04,Friday,0
TXN12169,2025-04-04,CUST-568,Male,64,Electronics,Wireless Headphones,2,97.19,194.38,Debit Card,South,2025,4,2025-04,Friday,0
TXN12170,2025-04-04,CUST-181,Female,52,Home & Kitchen,Air Purifier,1,139.49,139.49,UPI,South,2025,4,2025-04,Friday,0
TXN12171,2025-04-04,CUST-432,Male,40,Clothing,Cotton T-Shirt,4,24.08,96.32,Credit Card,North,2025,4,2025-04,Friday,0
TXN12172,2025-04-04,CUST-307,Male,44,Books,Mindfulness & Productivity,1,16.2,16.2,UPI,South,2025,4,2025-04,Friday,0
TXN12173,2025-04-04,CUST-300,Female,43,Books,Personal Finance Blueprint,1,23.98,23.98,Debit Card,South,2025,4,2025-04,Friday,0
TXN12174,2025-04-04,CUST-546,Female,25,Electronics,Bluetooth Speaker,1,54.99,54.99,Credit Card,South,2025,4,2025-04,Friday,0
TXN12175,2025-04-05,CUST-431,Female,60,Books,Data Analytics Handbook,2,35.35,70.7,Debit Card,North,2025,4,2025-04,Saturday,1
TXN12176,2025-04-05,CUST-527,Male,33,Clothing,Formal Trousers,1,58.3,58.3,UPI,North,2025,4,2025-04,Saturday,1
TXN12177,2025-04-05,CUST-137,Female,58,Beauty,Hair Dryer Pro,1,90.95,90.95,UPI,East,2025,4,2025-04,Saturday,1
TXN12178,2025-04-05,CUST-310,Female,20,Electronics,Bluetooth Speaker,2,48.49,96.98,UPI,East,2025,4,2025-04,Saturday,1
TXN12179,2025-04-06,CUST-543,Other,49,Books,Cookbook 101 Recipes,1,25.58,25.58,UPI,South,2025,4,2025-04,Sunday,1
TXN12180,2025-04-06,CUST-426,Female,22,Beauty,Matte Lipstick Set,2,26.88,53.76,UPI,Central,2025,4,2025-04,Sunday,1
TXN12181,2025-04-06,CUST-348,Male,37,Beauty,Matte Lipstick Set,2,26.04,52.08,Credit Card,South,2025,4,2025-04,Sunday,1
TXN12182,2025-04-06,CUST-326,Male,31,Books,Sci-Fi Bestseller Novel,4,15.51,62.04,Credit Card,South,2025,4,2025-04,Sunday,1
TXN12183,2025-04-07,CUST-147,Female,49,Beauty,Hair Dryer Pro,1,79.9,79.9,Debit Card,West,2025,4,2025-04,Monday,0
TXN12184,2025-04-07,CUST-117,Female,43,Clothing,Denim Jacket,1,68.9,68.9,Credit Card,West,2025,4,2025-04,Monday,0
TXN12185,2025-04-07,CUST-499,Female,64,Home & Kitchen,Air Purifier,5,143.99,719.95,Credit Card,Central,2025,4,2025-04,Monday,0
TXN12186,2025-04-07,CUST-538,Male,23,Home & Kitchen,Air Purifier,2,157.49,314.98,Cash,North,2025,4,2025-04,Monday,0
TXN12187,2025-04-07,CUST-394,Male,53,Books,Data Analytics Handbook,2,35.0,70.0,Credit Card,North,2025,4,2025-04,Monday,0
TXN12188,2025-04-07,CUST-295,Male,57,Books,Sci-Fi Bestseller Novel,1,15.51,15.51,Credit Card,East,2025,4,2025-04,Monday,0
TXN12189,2025-04-08,CUST-286,Male,22,Clothing,Denim Jacket,1,70.85,70.85,Cash,South,2025,4,2025-04,Tuesday,0
TXN12190,2025-04-09,CUST-444,Male,30,Clothing,Running Shoes,1,110.0,110.0,Cash,North,2025,4,2025-04,Wednesday,0
TXN12191,2025-04-09,CUST-323,Female,49,Clothing,Winter Coat,1,147.0,147.0,Credit Card,East,2025,4,2025-04,Wednesday,0
TXN12192,2025-04-10,CUST-417,Female,33,Beauty,Hair Dryer Pro,1,83.3,83.3,Credit Card,South,2025,4,2025-04,Thursday,0
TXN12193,2025-04-10,CUST-587,Male,18,Clothing,Cotton T-Shirt,1,20.7,20.7,Credit Card,South,2025,4,2025-04,Thursday,0
TXN12194,2025-04-10,CUST-496,Female,30,Home & Kitchen,Air Purifier,2,136.49,272.98,Debit Card,South,2025,4,2025-04,Thursday,0
TXN12195,2025-04-10,CUST-464,Female,28,Electronics,Wireless Headphones,1,83.69,83.69,Net Banking,North,2025,4,2025-04,Thursday,0
TXN12196,2025-04-10,CUST-436,Male,25,Electronics,Smart Watch,1,189.99,189.99,UPI,North,2025,4,2025-04,Thursday,0
TXN12197,2025-04-11,CUST-596,Female,42,Electronics,Tablet 10-inch,1,308.99,308.99,Debit Card,South,2025,4,2025-04,Friday,0
TXN12198,2025-04-11,CUST-328,Male,57,Electronics,Tablet 10-inch,1,281.99,281.99,Credit Card,South,2025,4,2025-04,Friday,0
TXN12199,2025-04-11,CUST-489,Male,49,Beauty,Hair Dryer Pro,1,92.65,92.65,UPI,Central,2025,4,2025-04,Friday,0
TXN12200,2025-04-11,CUST-566,Female,41,Electronics,Smart Watch,1,189.99,189.99,Debit Card,North,2025,4,2025-04,Friday,0
TXN12201,2025-04-11,CUST-176,Male,45,Electronics,Tablet 10-inch,1,284.99,284.99,Credit Card,Central,2025,4,2025-04,Friday,0
TXN12202,2025-04-11,CUST-287,Female,31,Electronics,Tablet 10-inch,2,296.99,593.98,UPI,South,2025,4,2025-04,Friday,0
TXN12203,2025-04-11,CUST-445,Female,62,Home & Kitchen,Robot Vacuum,1,264.99,264.99,Cash,South,2025,4,2025-04,Friday,0
TXN12204,2025-04-12,CUST-369,Female,20,Home & Kitchen,Smoothie Blender,2,61.19,122.38,Credit Card,South,2025,4,2025-04,Saturday,1
TXN12205,2025-04-12,CUST-194,Female,53,Electronics,Tablet 10-inch,3,293.99,881.97,Credit Card,South,2025,4,2025-04,Saturday,1
TXN12206,2025-04-13,CUST-409,Female,44,Home & Kitchen,Robot Vacuum,2,247.49,494.98,Debit Card,East,2025,4,2025-04,Sunday,1
TXN12207,2025-04-13,CUST-231,Female,37,Clothing,Winter Coat,1,142.8,142.8,Cash,South,2025,4,2025-04,Sunday,1
TXN12208,2025-04-13,CUST-138,Female,64,Electronics,USB-C Hub,1,32.69,32.69,Net Banking,East,2025,4,2025-04,Sunday,1
TXN12209,2025-04-13,CUST-171,Female,32,Beauty,Perfume Spray 100ml,2,73.5,147.0,Credit Card,South,2025,4,2025-04,Sunday,1
TXN12210,2025-04-13,CUST-380,Male,44,Electronics,USB-C Hub,5,26.99,134.95,Credit Card,East,2025,4,2025-04,Sunday,1
TXN12211,2025-04-14,CUST-432,Male,62,Home & Kitchen,Robot Vacuum,4,239.99,959.96,UPI,East,2025,4,2025-04,Monday,0
TXN12212,2025-04-14,CUST-259,Female,58,Electronics,Wireless Headphones,1,96.29,96.29,Credit Card,North,2025,4,2025-04,Monday,0
TXN12213,2025-04-14,CUST-286,Female,45,Books,Data Analytics Handbook,2,33.95,67.9,Net Banking,West,2025,4,2025-04,Monday,0
TXN12214,2025-04-15,CUST-585,Female,42,Electronics,Bluetooth Speaker,3,48.49,145.47,Debit Card,West,2025,4,2025-04,Tuesday,0
TXN12215,2025-04-15,CUST-290,Female,59,Beauty,Matte Lipstick Set,3,26.04,78.12,UPI,Central,2025,4,2025-04,Tuesday,0
TXN12216,2025-04-15,CUST-521,Male,61,Books,Data Analytics Handbook,1,34.3,34.3,UPI,North,2025,4,2025-04,Tuesday,0
TXN12217,2025-04-15,CUST-219,Male,63,Electronics,Wireless Headphones,1,98.09,98.09,Net Banking,West,2025,4,2025-04,Tuesday,0
TXN12218,2025-04-15,CUST-319,Female,50,Clothing,Winter Coat,1,130.2,130.2,Debit Card,Central,2025,4,2025-04,Tuesday,0
TXN12219,2025-04-16,CUST-152,Female,63,Clothing,Denim Jacket,1,67.6,67.6,Credit Card,East,2025,4,2025-04,Wednesday,0
TXN12220,2025-04-16,CUST-321,Female,31,Beauty,Perfume Spray 100ml,2,74.25,148.5,Credit Card,East,2025,4,2025-04,Wednesday,0
TXN12221,2025-04-16,CUST-550,Male,25,Electronics,USB-C Hub,4,30.59,122.36,UPI,Central,2025,4,2025-04,Wednesday,0
TXN12222,2025-04-17,CUST-511,Female,65,Electronics,Smart Watch,3,191.99,575.97,Debit Card,Central,2025,4,2025-04,Thursday,0
TXN12223,2025-04-17,CUST-230,Other,31,Beauty,Matte Lipstick Set,1,28.28,28.28,Credit Card,East,2025,4,2025-04,Thursday,0
TXN12224,2025-04-17,CUST-336,Male,18,Clothing,Cotton T-Shirt,2,20.25,40.5,Credit Card,South,2025,4,2025-04,Thursday,0
TXN12225,2025-04-17,CUST-345,Female,33,Beauty,Perfume Spray 100ml,1,81.0,81.0,UPI,West,2025,4,2025-04,Thursday,0
TXN12226,2025-04-17,CUST-325,Male,35,Electronics,USB-C Hub,2,32.69,65.38,Credit Card,North,2025,4,2025-04,Thursday,0
TXN12227,2025-04-18,CUST-307,Male,24,Clothing,Formal Trousers,2,53.35,106.7,UPI,South,2025,4,2025-04,Friday,0
TXN12228,2025-04-18,CUST-505,Male,32,Beauty,Hydrating Skincare Set,1,42.3,42.3,Net Banking,Central,2025,4,2025-04,Friday,0
TXN12229,2025-04-18,CUST-195,Female,41,Beauty,Sunscreen SPF 50,1,19.61,19.61,Net Banking,West,2025,4,2025-04,Friday,0
TXN12230,2025-04-18,CUST-521,Female,66,Clothing,Cotton T-Shirt,1,20.7,20.7,Debit Card,Central,2025,4,2025-04,Friday,0
TXN12231,2025-04-18,CUST-299,Male,30,Clothing,Formal Trousers,1,50.05,50.05,Net Banking,East,2025,4,2025-04,Friday,0
TXN12232,2025-04-19,CUST-346,Male,26,Clothing,Cotton T-Shirt,3,23.4,70.2,Credit Card,South,2025,4,2025-04,Saturday,1
TXN12233,2025-04-19,CUST-171,Male,32,Electronics,Smart Watch,1,201.99,201.99,UPI,Central,2025,4,2025-04,Saturday,1
TXN12234,2025-04-19,CUST-417,Male,52,Clothing,Winter Coat,1,144.2,144.2,Debit Card,South,2025,4,2025-04,Saturday,1
TXN12235,2025-04-19,CUST-284,Male,41,Electronics,USB-C Hub,1,31.49,31.49,UPI,West,2025,4,2025-04,Saturday,1
TXN12236,2025-04-20,CUST-105,Male,50,Beauty,Hydrating Skincare Set,3,45.0,135.0,Credit Card,East,2025,4,2025-04,Sunday,1
TXN12237,2025-04-20,CUST-305,Female,33,Beauty,Sunscreen SPF 50,1,18.87,18.87,UPI,North,2025,4,2025-04,Sunday,1
TXN12238,2025-04-20,CUST-131,Male,25,Clothing,Cotton T-Shirt,1,22.95,22.95,Credit Card,North,2025,4,2025-04,Sunday,1
TXN12239,2025-04-20,CUST-198,Male,46,Clothing,Cotton T-Shirt,2,24.53,49.06,Credit Card,South,2025,4,2025-04,Sunday,1
TXN12240,2025-04-20,CUST-493,Male,40,Electronics,USB-C Hub,1,29.39,29.39,UPI,East,2025,4,2025-04,Sunday,1
TXN12241,2025-04-20,CUST-486,Male,62,Beauty,Matte Lipstick Set,1,29.96,29.96,UPI,North,2025,4,2025-04,Sunday,1
TXN12242,2025-04-20,CUST-355,Female,48,Books,Mindfulness & Productivity,2,19.26,38.52,Credit Card,South,2025,4,2025-04,Sunday,1
TXN12243,2025-04-20,CUST-286,Male,57,Beauty,Hydrating Skincare Set,1,46.35,46.35,Debit Card,East,2025,4,2025-04,Sunday,1
TXN12244,2025-04-20,CUST-175,Male,66,Home & Kitchen,Robot Vacuum,3,237.49,712.47,Credit Card,West,2025,4,2025-04,Sunday,1
TXN12245,2025-04-20,CUST-276,Female,31,Home & Kitchen,Robot Vacuum,2,257.49,514.98,UPI,North,2025,4,2025-04,Sunday,1
TXN12246,2025-04-21,CUST-414,Female,47,Clothing,Winter Coat,1,141.4,141.4,Credit Card,East,2025,4,2025-04,Monday,0
TXN12247,2025-04-21,CUST-386,Female,56,Electronics,USB-C Hub,1,31.49,31.49,Debit Card,North,2025,4,2025-04,Monday,0
TXN12248,2025-04-21,CUST-448,Female,44,Beauty,Sunscreen SPF 50,3,16.84,50.52,Credit Card,North,2025,4,2025-04,Monday,0
TXN12249,2025-04-21,CUST-354,Female,64,Electronics,USB-C Hub,2,32.69,65.38,UPI,North,2025,4,2025-04,Monday,0
TXN12250,2025-04-21,CUST-424,Female,33,Beauty,Perfume Spray 100ml,1,81.75,81.75,Cash,East,2025,4,2025-04,Monday,0
TXN12251,2025-04-21,CUST-289,Male,23,Home & Kitchen,Stainless Steel Cookware Set,1,131.29,131.29,UPI,North,2025,4,2025-04,Monday,0
TXN12252,2025-04-21,CUST-407,Male,50,Home & Kitchen,Smoothie Blender,1,62.99,62.99,UPI,North,2025,4,2025-04,Monday,0
TXN12253,2025-04-21,CUST-444,Male,61,Clothing,Running Shoes,2,119.9,239.8,Credit Card,North,2025,4,2025-04,Monday,0
TXN12254,2025-04-21,CUST-226,Male,35,Beauty,Sunscreen SPF 50,4,16.65,66.6,UPI,Central,2025,4,2025-04,Monday,0
TXN12255,2025-04-22,CUST-524,Female,33,Beauty,Matte Lipstick Set,2,25.48,50.96,Cash,Central,2025,4,2025-04,Tuesday,0
TXN12256,2025-04-22,CUST-386,Female,29,Home & Kitchen,Robot Vacuum,1,234.99,234.99,UPI,North,2025,4,2025-04,Tuesday,0
TXN12257,2025-04-22,CUST-353,Male,37,Home & Kitchen,Stainless Steel Cookware Set,1,129.99,129.99,UPI,South,2025,4,2025-04,Tuesday,0
TXN12258,2025-04-23,CUST-312,Female,62,Books,Cookbook 101 Recipes,2,29.43,58.86,UPI,Central,2025,4,2025-04,Wednesday,0
TXN12259,2025-04-24,CUST-349,Other,57,Electronics,Bluetooth Speaker,5,48.49,242.45,Credit Card,North,2025,4,2025-04,Thursday,0
TXN12260,2025-04-25,CUST-183,Male,46,Clothing,Cotton T-Shirt,1,21.6,21.6,UPI,North,2025,4,2025-04,Friday,0
TXN12261,2025-04-25,CUST-586,Female,47,Clothing,Denim Jacket,1,65.65,65.65,UPI,North,2025,4,2025-04,Friday,0
TXN12262,2025-04-25,CUST-482,Other,43,Electronics,USB-C Hub,1,32.09,32.09,UPI,Central,2025,4,2025-04,Friday,0
TXN12263,2025-04-25,CUST-505,Female,39,Books,Mindfulness & Productivity,1,16.38,16.38,Credit Card,West,2025,4,2025-04,Friday,0
TXN12264,2025-04-26,CUST-487,Female,50,Books,Sci-Fi Bestseller Novel,2,16.63,33.26,Debit Card,North,2025,4,2025-04,Saturday,1
TXN12265,2025-04-26,CUST-112,Male,56,Electronics,Smart Watch,4,201.99,807.96,Credit Card,North,2025,4,2025-04,Saturday,1
TXN12266,2025-04-26,CUST-144,Female,64,Electronics,Wireless Headphones,1,92.69,92.69,Credit Card,Central,2025,4,2025-04,Saturday,1
TXN12267,2025-04-26,CUST-226,Male,46,Clothing,Cotton T-Shirt,1,23.4,23.4,UPI,South,2025,4,2025-04,Saturday,1
TXN12268,2025-04-26,CUST-525,Female,39,Home & Kitchen,Stainless Steel Cookware Set,1,123.49,123.49,Net Banking,East,2025,4,2025-04,Saturday,1
TXN12269,2025-04-27,CUST-213,Male,62,Clothing,Winter Coat,3,133.0,399.0,Credit Card,South,2025,4,2025-04,Sunday,1
TXN12270,2025-04-27,CUST-532,Male,30,Electronics,Smart Watch,1,187.99,187.99,UPI,West,2025,4,2025-04,Sunday,1
TXN12271,2025-04-27,CUST-375,Male,26,Electronics,Tablet 10-inch,1,314.99,314.99,Credit Card,North,2025,4,2025-04,Sunday,1
TXN12272,2025-04-27,CUST-599,Female,41,Clothing,Denim Jacket,1,68.9,68.9,Credit Card,West,2025,4,2025-04,Sunday,1
TXN12273,2025-04-27,CUST-304,Female,32,Books,Cookbook 101 Recipes,1,29.15,29.15,UPI,North,2025,4,2025-04,Sunday,1
TXN12274,2025-04-27,CUST-436,Male,53,Clothing,Cotton T-Shirt,3,22.05,66.15,UPI,North,2025,4,2025-04,Sunday,1
TXN12275,2025-04-27,CUST-537,Female,30,Clothing,Cotton T-Shirt,1,20.93,20.93,UPI,South,2025,4,2025-04,Sunday,1
TXN12276,2025-04-28,CUST-519,Male,44,Electronics,USB-C Hub,1,27.29,27.29,Debit Card,West,2025,4,2025-04,Monday,0
TXN12277,2025-04-28,CUST-580,Male,61,Clothing,Winter Coat,2,135.8,271.6,UPI,South,2025,4,2025-04,Monday,0
TXN12278,2025-04-29,CUST-484,Male,54,Beauty,Sunscreen SPF 50,1,19.24,19.24,Credit Card,North,2025,4,2025-04,Tuesday,0
TXN12279,2025-04-29,CUST-498,Male,24,Clothing,Running Shoes,1,111.1,111.1,UPI,East,2025,4,2025-04,Tuesday,0
TXN12280,2025-04-29,CUST-560,Female,25,Clothing,Formal Trousers,4,60.5,242.0,UPI,East,2025,4,2025-04,Tuesday,0
TXN12281,2025-04-29,CUST-372,Male,54,Home & Kitchen,Drip Coffee Maker,2,80.79,161.58,UPI,West,2025,4,2025-04,Tuesday,0
TXN12282,2025-04-29,CUST-507,Male,58,Electronics,Smart Watch,2,209.99,419.98,UPI,South,2025,4,2025-04,Tuesday,0
TXN12283,2025-04-29,CUST-157,Female,31,Beauty,Hydrating Skincare Set,2,47.25,94.5,UPI,North,2025,4,2025-04,Tuesday,0
TXN12284,2025-04-29,CUST-427,Other,29,Clothing,Winter Coat,5,135.8,679.0,Credit Card,East,2025,4,2025-04,Tuesday,0
TXN12285,2025-04-29,CUST-597,Female,53,Clothing,Denim Jacket,1,71.5,71.5,Credit Card,South,2025,4,2025-04,Tuesday,0
TXN12286,2025-04-29,CUST-318,Female,57,Beauty,Matte Lipstick Set,1,25.2,25.2,Debit Card,Central,2025,4,2025-04,Tuesday,0
TXN12287,2025-04-30,CUST-208,Female,34,Home & Kitchen,Smoothie Blender,1,58.79,58.79,UPI,East,2025,4,2025-04,Wednesday,0
TXN12288,2025-04-30,CUST-378,Male,57,Beauty,Matte Lipstick Set,1,30.52,30.52,Net Banking,South,2025,4,2025-04,Wednesday,0
TXN12289,2025-04-30,CUST-273,Female,46,Electronics,Smart Watch,1,181.99,181.99,Cash,South,2025,4,2025-04,Wednesday,0
TXN12290,2025-05-02,CUST-427,Male,44,Clothing,Denim Jacket,5,66.95,334.75,UPI,South,2025,5,2025-05,Friday,0
TXN12291,2025-05-02,CUST-363,Male,18,Clothing,Cotton T-Shirt,3,21.15,63.45,Cash,East,2025,5,2025-05,Friday,0
TXN12292,2025-05-02,CUST-414,Female,51,Beauty,Perfume Spray 100ml,1,68.25,68.25,UPI,South,2025,5,2025-05,Friday,0
TXN12293,2025-05-02,CUST-573,Female,21,Beauty,Perfume Spray 100ml,1,70.5,70.5,Credit Card,Central,2025,5,2025-05,Friday,0
TXN12294,2025-05-03,CUST-210,Male,41,Electronics,Tablet 10-inch,1,326.99,326.99,UPI,South,2025,5,2025-05,Saturday,1
TXN12295,2025-05-03,CUST-286,Female,38,Beauty,Matte Lipstick Set,3,30.24,90.72,Credit Card,South,2025,5,2025-05,Saturday,1
TXN12296,2025-05-03,CUST-368,Male,50,Beauty,Hair Dryer Pro,1,79.9,79.9,Credit Card,North,2025,5,2025-05,Saturday,1
TXN12297,2025-05-03,CUST-522,Female,24,Clothing,Running Shoes,2,113.3,226.6,UPI,East,2025,5,2025-05,Saturday,1
TXN12298,2025-05-03,CUST-328,Female,18,Beauty,Hydrating Skincare Set,3,47.7,143.1,Debit Card,North,2025,5,2025-05,Saturday,1
TXN12299,2025-05-04,CUST-596,Male,58,Electronics,Smart Watch,1,193.99,193.99,Credit Card,South,2025,5,2025-05,Sunday,1
TXN12300,2025-05-04,CUST-255,Female,20,Clothing,Formal Trousers,3,52.25,156.75,Credit Card,East,2025,5,2025-05,Sunday,1
TXN12301,2025-05-04,CUST-572,Female,61,Books,Mindfulness & Productivity,1,19.8,19.8,Cash,South,2025,5,2025-05,Sunday,1
TXN12302,2025-05-04,CUST-288,Female,32,Clothing,Winter Coat,2,130.2,260.4,Net Banking,West,2025,5,2025-05,Sunday,1
TXN12303,2025-05-04,CUST-371,Female,48,Clothing,Cotton T-Shirt,1,24.08,24.08,Cash,East,2025,5,2025-05,Sunday,1
TXN12304,2025-05-04,CUST-474,Male,33,Beauty,Hair Dryer Pro,1,86.7,86.7,Net Banking,Central,2025,5,2025-05,Sunday,1
TXN12305,2025-05-04,CUST-101,Male,27,Books,Cookbook 101 Recipes,5,26.4,132.0,UPI,East,2025,5,2025-05,Sunday,1
TXN12306,2025-05-05,CUST-345,Female,46,Books,Personal Finance Blueprint,2,21.34,42.68,UPI,East,2025,5,2025-05,Monday,0
TXN12307,2025-05-05,CUST-309,Male,23,Beauty,Sunscreen SPF 50,1,20.35,20.35,UPI,North,2025,5,2025-05,Monday,0
TXN12308,2025-05-05,CUST-500,Male,46,Electronics,USB-C Hub,1,28.79,28.79,Cash,South,2025,5,2025-05,Monday,0
TXN12309,2025-05-05,CUST-385,Female,34,Books,Cookbook 101 Recipes,1,27.77,27.77,UPI,North,2025,5,2025-05,Monday,0
TXN12310,2025-05-06,CUST-458,Female,39,Beauty,Perfume Spray 100ml,2,75.75,151.5,UPI,East,2025,5,2025-05,Tuesday,0
TXN12311,2025-05-06,CUST-112,Male,41,Clothing,Denim Jacket,1,60.45,60.45,UPI,South,2025,5,2025-05,Tuesday,0
TXN12312,2025-05-06,CUST-195,Male,34,Home & Kitchen,Robot Vacuum,3,242.49,727.47,UPI,East,2025,5,2025-05,Tuesday,0
TXN12313,2025-05-06,CUST-597,Male,38,Clothing,Cotton T-Shirt,1,20.48,20.48,UPI,South,2025,5,2025-05,Tuesday,0
TXN12314,2025-05-06,CUST-320,Male,67,Electronics,Bluetooth Speaker,1,48.99,48.99,Credit Card,East,2025,5,2025-05,Tuesday,0
TXN12315,2025-05-07,CUST-337,Female,28,Home & Kitchen,Stainless Steel Cookware Set,2,126.09,252.18,UPI,South,2025,5,2025-05,Wednesday,0
TXN12316,2025-05-07,CUST-193,Male,24,Beauty,Perfume Spray 100ml,1,80.25,80.25,Credit Card,South,2025,5,2025-05,Wednesday,0
TXN12317,2025-05-07,CUST-437,Female,59,Clothing,Winter Coat,3,137.2,411.6,Debit Card,Central,2025,5,2025-05,Wednesday,0
TXN12318,2025-05-07,CUST-368,Male,56,Clothing,Winter Coat,2,135.8,271.6,Debit Card,West,2025,5,2025-05,Wednesday,0
TXN12319,2025-05-07,CUST-270,Female,22,Beauty,Hydrating Skincare Set,1,42.75,42.75,UPI,South,2025,5,2025-05,Wednesday,0
TXN12320,2025-05-08,CUST-568,Female,61,Electronics,Tablet 10-inch,2,317.99,635.98,Net Banking,East,2025,5,2025-05,Thursday,0
TXN12321,2025-05-08,CUST-193,Female,65,Clothing,Running Shoes,1,107.8,107.8,Debit Card,South,2025,5,2025-05,Thursday,0
TXN12322,2025-05-08,CUST-248,Male,38,Beauty,Perfume Spray 100ml,1,75.75,75.75,UPI,West,2025,5,2025-05,Thursday,0
TXN12323,2025-05-08,CUST-211,Female,35,Books,Data Analytics Handbook,1,34.3,34.3,Debit Card,West,2025,5,2025-05,Thursday,0
TXN12324,2025-05-08,CUST-154,Female,52,Beauty,Hair Dryer Pro,2,79.9,159.8,Debit Card,South,2025,5,2025-05,Thursday,0
TXN12325,2025-05-08,CUST-436,Female,37,Home & Kitchen,Drip Coffee Maker,1,82.39,82.39,Credit Card,West,2025,5,2025-05,Thursday,0
TXN12326,2025-05-08,CUST-523,Female,32,Home & Kitchen,Smoothie Blender,1,64.79,64.79,UPI,North,2025,5,2025-05,Thursday,0
TXN12327,2025-05-09,CUST-566,Male,22,Beauty,Hair Dryer Pro,1,84.15,84.15,Credit Card,West,2025,5,2025-05,Friday,0
TXN12328,2025-05-09,CUST-215,Male,30,Electronics,Bluetooth Speaker,1,49.99,49.99,Debit Card,North,2025,5,2025-05,Friday,0
TXN12329,2025-05-09,CUST-242,Female,29,Home & Kitchen,Drip Coffee Maker,1,76.79,76.79,UPI,South,2025,5,2025-05,Friday,0
TXN12330,2025-05-10,CUST-300,Female,38,Clothing,Cotton T-Shirt,1,24.53,24.53,Credit Card,Central,2025,5,2025-05,Saturday,1
TXN12331,2025-05-11,CUST-279,Male,54,Electronics,Bluetooth Speaker,1,49.49,49.49,UPI,South,2025,5,2025-05,Sunday,1
TXN12332,2025-05-11,CUST-301,Female,23,Electronics,Wireless Headphones,1,87.29,87.29,Credit Card,Central,2025,5,2025-05,Sunday,1
TXN12333,2025-05-11,CUST-463,Female,24,Home & Kitchen,Stainless Steel Cookware Set,1,141.69,141.69,UPI,North,2025,5,2025-05,Sunday,1
TXN12334,2025-05-11,CUST-578,Female,43,Electronics,Smart Watch,3,211.99,635.97,UPI,South,2025,5,2025-05,Sunday,1
TXN12335,2025-05-11,CUST-152,Female,59,Electronics,Wireless Headphones,2,83.69,167.38,Net Banking,West,2025,5,2025-05,Sunday,1
TXN12336,2025-05-11,CUST-570,Female,65,Beauty,Sunscreen SPF 50,1,19.98,19.98,Debit Card,North,2025,5,2025-05,Sunday,1
TXN12337,2025-05-11,CUST-483,Male,25,Books,Data Analytics Handbook,3,32.55,97.65,UPI,North,2025,5,2025-05,Sunday,1
TXN12338,2025-05-11,CUST-279,Male,26,Beauty,Matte Lipstick Set,1,30.52,30.52,Credit Card,North,2025,5,2025-05,Sunday,1
TXN12339,2025-05-11,CUST-513,Male,44,Electronics,Tablet 10-inch,1,305.99,305.99,Credit Card,Central,2025,5,2025-05,Sunday,1
TXN12340,2025-05-11,CUST-516,Female,21,Electronics,Bluetooth Speaker,3,48.99,146.97,Debit Card,West,2025,5,2025-05,Sunday,1
TXN12341,2025-05-12,CUST-412,Female,38,Beauty,Hair Dryer Pro,2,77.35,154.7,Credit Card,South,2025,5,2025-05,Monday,0
TXN12342,2025-05-12,CUST-407,Female,48,Electronics,Smart Watch,5,187.99,939.95,Credit Card,North,2025,5,2025-05,Monday,0
TXN12343,2025-05-12,CUST-236,Other,38,Beauty,Perfume Spray 100ml,4,76.5,306.0,Cash,North,2025,5,2025-05,Monday,0
TXN12344,2025-05-13,CUST-281,Male,57,Electronics,Tablet 10-inch,1,293.99,293.99,Debit Card,East,2025,5,2025-05,Tuesday,0
TXN12345,2025-05-13,CUST-466,Male,42,Books,Sci-Fi Bestseller Novel,5,16.95,84.75,UPI,Central,2025,5,2025-05,Tuesday,0
TXN12346,2025-05-13,CUST-100,Female,56,Clothing,Running Shoes,4,110.0,440.0,Credit Card,East,2025,5,2025-05,Tuesday,0
TXN12347,2025-05-13,CUST-143,Female,32,Electronics,Bluetooth Speaker,1,48.99,48.99,Credit Card,South,2025,5,2025-05,Tuesday,0
TXN12348,2025-05-14,CUST-326,Female,52,Home & Kitchen,Drip Coffee Maker,5,82.39,411.95,Debit Card,East,2025,5,2025-05,Wednesday,0
TXN12349,2025-05-14,CUST-430,Male,66,Clothing,Winter Coat,1,134.4,134.4,UPI,Central,2025,5,2025-05,Wednesday,0
TXN12350,2025-05-14,CUST-197,Male,60,Clothing,Denim Jacket,2,61.1,122.2,Credit Card,East,2025,5,2025-05,Wednesday,0
TXN12351,2025-05-14,CUST-307,Other,58,Home & Kitchen,Robot Vacuum,1,274.99,274.99,UPI,Central,2025,5,2025-05,Wednesday,0
TXN12352,2025-05-14,CUST-364,Male,54,Clothing,Formal Trousers,1,60.5,60.5,UPI,North,2025,5,2025-05,Wednesday,0
TXN12353,2025-05-14,CUST-387,Female,59,Clothing,Denim Jacket,2,60.45,120.9,UPI,West,2025,5,2025-05,Wednesday,0
TXN12354,2025-05-14,CUST-370,Male,64,Clothing,Running Shoes,1,118.8,118.8,Credit Card,East,2025,5,2025-05,Wednesday,0
TXN12355,2025-05-14,CUST-239,Male,45,Electronics,Tablet 10-inch,2,317.99,635.98,UPI,East,2025,5,2025-05,Wednesday,0
TXN12356,2025-05-14,CUST-580,Female,31,Electronics,Tablet 10-inch,1,278.99,278.99,Credit Card,East,2025,5,2025-05,Wednesday,0
TXN12357,2025-05-15,CUST-336,Female,21,Home & Kitchen,Robot Vacuum,1,237.49,237.49,Credit Card,North,2025,5,2025-05,Thursday,0
TXN12358,2025-05-15,CUST-561,Female,37,Beauty,Matte Lipstick Set,1,30.24,30.24,Credit Card,North,2025,5,2025-05,Thursday,0
TXN12359,2025-05-15,CUST-540,Female,51,Clothing,Denim Jacket,2,66.95,133.9,Credit Card,Central,2025,5,2025-05,Thursday,0
TXN12360,2025-05-15,CUST-491,Female,29,Clothing,Running Shoes,3,100.1,300.3,UPI,North,2025,5,2025-05,Thursday,0
TXN12361,2025-05-15,CUST-171,Male,50,Books,Mindfulness & Productivity,2,19.8,39.6,UPI,Central,2025,5,2025-05,Thursday,0
TXN12362,2025-05-16,CUST-254,Female,41,Books,Cookbook 101 Recipes,2,29.7,59.4,Debit Card,East,2025,5,2025-05,Friday,0
TXN12363,2025-05-16,CUST-289,Female,37,Clothing,Denim Jacket,1,67.6,67.6,Credit Card,South,2025,5,2025-05,Friday,0
TXN12364,2025-05-16,CUST-367,Female,22,Home & Kitchen,Air Purifier,1,139.49,139.49,Debit Card,Central,2025,5,2025-05,Friday,0
TXN12365,2025-05-17,CUST-420,Male,55,Home & Kitchen,Stainless Steel Cookware Set,1,132.59,132.59,Credit Card,West,2025,5,2025-05,Saturday,1
TXN12366,2025-05-17,CUST-206,Male,47,Clothing,Cotton T-Shirt,5,21.38,106.9,UPI,South,2025,5,2025-05,Saturday,1
TXN12367,2025-05-17,CUST-331,Female,41,Electronics,Tablet 10-inch,2,329.99,659.98,Debit Card,North,2025,5,2025-05,Saturday,1
TXN12368,2025-05-17,CUST-141,Male,60,Electronics,Smart Watch,1,203.99,203.99,UPI,Central,2025,5,2025-05,Saturday,1
TXN12369,2025-05-18,CUST-289,Male,57,Home & Kitchen,Drip Coffee Maker,1,76.79,76.79,Net Banking,West,2025,5,2025-05,Sunday,1
TXN12370,2025-05-18,CUST-470,Female,24,Home & Kitchen,Air Purifier,1,146.99,146.99,UPI,West,2025,5,2025-05,Sunday,1
TXN12371,2025-05-18,CUST-238,Female,53,Beauty,Hydrating Skincare Set,2,49.05,98.1,Credit Card,West,2025,5,2025-05,Sunday,1
TXN12372,2025-05-18,CUST-202,Male,55,Electronics,Wireless Headphones,1,85.49,85.49,UPI,South,2025,5,2025-05,Sunday,1
TXN12373,2025-05-19,CUST-270,Male,33,Beauty,Sunscreen SPF 50,2,18.32,36.64,Net Banking,Central,2025,5,2025-05,Monday,0
TXN12374,2025-05-19,CUST-450,Other,32,Home & Kitchen,Air Purifier,1,136.49,136.49,Cash,North,2025,5,2025-05,Monday,0
TXN12375,2025-05-19,CUST-372,Male,63,Home & Kitchen,Air Purifier,1,137.99,137.99,UPI,North,2025,5,2025-05,Monday,0
TXN12376,2025-05-19,CUST-580,Male,40,Electronics,Wireless Headphones,3,95.39,286.17,UPI,North,2025,5,2025-05,Monday,0
TXN12377,2025-05-19,CUST-515,Male,29,Beauty,Hair Dryer Pro,1,86.7,86.7,UPI,North,2025,5,2025-05,Monday,0
TXN12378,2025-05-19,CUST-320,Female,46,Electronics,Wireless Headphones,4,86.39,345.56,Debit Card,East,2025,5,2025-05,Monday,0
TXN12379,2025-05-20,CUST-312,Female,61,Home & Kitchen,Robot Vacuum,1,272.49,272.49,UPI,North,2025,5,2025-05,Tuesday,0
TXN12380,2025-05-20,CUST-440,Female,65,Beauty,Matte Lipstick Set,1,26.6,26.6,Credit Card,North,2025,5,2025-05,Tuesday,0
TXN12381,2025-05-20,CUST-523,Male,32,Electronics,Smart Watch,1,183.99,183.99,UPI,North,2025,5,2025-05,Tuesday,0
TXN12382,2025-05-20,CUST-506,Male,46,Home & Kitchen,Drip Coffee Maker,2,84.79,169.58,Debit Card,East,2025,5,2025-05,Tuesday,0
TXN12383,2025-05-20,CUST-155,Male,62,Electronics,Tablet 10-inch,2,311.99,623.98,Credit Card,South,2025,5,2025-05,Tuesday,0
TXN12384,2025-05-20,CUST-489,Female,60,Home & Kitchen,Air Purifier,1,155.99,155.99,Debit Card,South,2025,5,2025-05,Tuesday,0
TXN12385,2025-05-20,CUST-441,Male,66,Clothing,Formal Trousers,1,51.15,51.15,Debit Card,West,2025,5,2025-05,Tuesday,0
TXN12386,2025-05-21,CUST-533,Female,38,Beauty,Matte Lipstick Set,2,28.84,57.68,UPI,South,2025,5,2025-05,Wednesday,0
TXN12387,2025-05-21,CUST-201,Female,32,Books,Cookbook 101 Recipes,1,28.88,28.88,Credit Card,South,2025,5,2025-05,Wednesday,0
TXN12388,2025-05-21,CUST-520,Male,31,Clothing,Cotton T-Shirt,1,24.08,24.08,Credit Card,Central,2025,5,2025-05,Wednesday,0
TXN12389,2025-05-22,CUST-592,Male,59,Beauty,Hydrating Skincare Set,1,43.2,43.2,Credit Card,North,2025,5,2025-05,Thursday,0
TXN12390,2025-05-22,CUST-291,Other,61,Clothing,Winter Coat,2,148.4,296.8,UPI,South,2025,5,2025-05,Thursday,0
TXN12391,2025-05-22,CUST-598,Female,33,Electronics,Tablet 10-inch,1,278.99,278.99,Debit Card,East,2025,5,2025-05,Thursday,0
TXN12392,2025-05-22,CUST-409,Female,32,Beauty,Sunscreen SPF 50,1,19.24,19.24,Cash,West,2025,5,2025-05,Thursday,0
TXN12393,2025-05-22,CUST-299,Female,59,Home & Kitchen,Drip Coffee Maker,1,77.59,77.59,Cash,West,2025,5,2025-05,Thursday,0
TXN12394,2025-05-23,CUST-332,Female,21,Books,Mindfulness & Productivity,1,16.56,16.56,Debit Card,North,2025,5,2025-05,Friday,0
TXN12395,2025-05-23,CUST-532,Male,44,Home & Kitchen,Robot Vacuum,1,242.49,242.49,Credit Card,West,2025,5,2025-05,Friday,0
TXN12396,2025-05-23,CUST-326,Male,40,Beauty,Perfume Spray 100ml,3,82.5,247.5,UPI,West,2025,5,2025-05,Friday,0
TXN12397,2025-05-23,CUST-470,Male,46,Home & Kitchen,Smoothie Blender,1,57.59,57.59,UPI,North,2025,5,2025-05,Friday,0
TXN12398,2025-05-24,CUST-238,Female,58,Home & Kitchen,Stainless Steel Cookware Set,1,136.49,136.49,Credit Card,North,2025,5,2025-05,Saturday,1
TXN12399,2025-05-24,CUST-443,Male,26,Clothing,Running Shoes,1,108.9,108.9,UPI,West,2025,5,2025-05,Saturday,1
TXN12400,2025-05-24,CUST-404,Female,60,Electronics,Tablet 10-inch,3,308.99,926.97,UPI,North,2025,5,2025-05,Saturday,1
TXN12401,2025-05-24,CUST-248,Male,60,Clothing,Cotton T-Shirt,1,23.85,23.85,Net Banking,North,2025,5,2025-05,Saturday,1
TXN12402,2025-05-25,CUST-214,Female,24,Home & Kitchen,Robot Vacuum,5,227.49,1137.45,Cash,North,2025,5,2025-05,Sunday,1
TXN12403,2025-05-25,CUST-549,Female,59,Beauty,Hair Dryer Pro,1,82.45,82.45,Net Banking,North,2025,5,2025-05,Sunday,1
TXN12404,2025-05-25,CUST-162,Female,21,Home & Kitchen,Drip Coffee Maker,1,83.99,83.99,UPI,North,2025,5,2025-05,Sunday,1
TXN12405,2025-05-25,CUST-203,Male,22,Electronics,Wireless Headphones,1,98.09,98.09,Net Banking,South,2025,5,2025-05,Sunday,1
TXN12406,2025-05-25,CUST-438,Female,22,Books,Sci-Fi Bestseller Novel,2,14.71,29.42,UPI,South,2025,5,2025-05,Sunday,1
TXN12407,2025-05-25,CUST-458,Female,28,Clothing,Winter Coat,2,141.4,282.8,Credit Card,Central,2025,5,2025-05,Sunday,1
TXN12408,2025-05-25,CUST-255,Male,58,Beauty,Hair Dryer Pro,1,86.7,86.7,Credit Card,North,2025,5,2025-05,Sunday,1
TXN12409,2025-05-26,CUST-372,Female,45,Electronics,Tablet 10-inch,1,311.99,311.99,Credit Card,South,2025,5,2025-05,Monday,0
TXN12410,2025-05-26,CUST-105,Female,33,Electronics,USB-C Hub,1,30.59,30.59,Cash,Central,2025,5,2025-05,Monday,0
TXN12411,2025-05-26,CUST-246,Female,58,Home & Kitchen,Robot Vacuum,1,264.99,264.99,UPI,Central,2025,5,2025-05,Monday,0
TXN12412,2025-05-26,CUST-283,Female,47,Books,Sci-Fi Bestseller Novel,1,16.31,16.31,Credit Card,South,2025,5,2025-05,Monday,0
TXN12413,2025-05-27,CUST-585,Male,21,Clothing,Formal Trousers,1,57.2,57.2,UPI,South,2025,5,2025-05,Tuesday,0
TXN12414,2025-05-27,CUST-127,Male,19,Electronics,Smart Watch,2,187.99,375.98,Net Banking,East,2025,5,2025-05,Tuesday,0
TXN12415,2025-05-27,CUST-549,Female,63,Clothing,Winter Coat,1,147.0,147.0,Credit Card,Central,2025,5,2025-05,Tuesday,0
TXN12416,2025-05-27,CUST-137,Other,20,Electronics,Tablet 10-inch,1,284.99,284.99,Debit Card,North,2025,5,2025-05,Tuesday,0
TXN12417,2025-05-27,CUST-218,Female,67,Electronics,Wireless Headphones,1,82.79,82.79,Credit Card,South,2025,5,2025-05,Tuesday,0
TXN12418,2025-05-28,CUST-392,Female,38,Home & Kitchen,Smoothie Blender,1,64.79,64.79,Credit Card,West,2025,5,2025-05,Wednesday,0
TXN12419,2025-05-28,CUST-470,Female,23,Books,Personal Finance Blueprint,1,22.66,22.66,Credit Card,South,2025,5,2025-05,Wednesday,0
TXN12420,2025-05-28,CUST-343,Female,60,Electronics,Bluetooth Speaker,1,51.99,51.99,UPI,West,2025,5,2025-05,Wednesday,0
TXN12421,2025-05-28,CUST-167,Female,35,Beauty,Hair Dryer Pro,1,83.3,83.3,Credit Card,East,2025,5,2025-05,Wednesday,0
TXN12422,2025-05-29,CUST-313,Male,61,Clothing,Denim Jacket,3,66.95,200.85,Cash,North,2025,5,2025-05,Thursday,0
TXN12423,2025-05-29,CUST-317,Male,22,Electronics,Bluetooth Speaker,1,46.99,46.99,Debit Card,South,2025,5,2025-05,Thursday,0
TXN12424,2025-05-29,CUST-276,Female,26,Electronics,Smart Watch,1,185.99,185.99,UPI,East,2025,5,2025-05,Thursday,0
TXN12425,2025-05-29,CUST-398,Male,37,Beauty,Matte Lipstick Set,3,27.44,82.32,UPI,West,2025,5,2025-05,Thursday,0
TXN12426,2025-05-29,CUST-263,Male,45,Electronics,Tablet 10-inch,1,320.99,320.99,Credit Card,West,2025,5,2025-05,Thursday,0
TXN12427,2025-05-30,CUST-157,Male,43,Clothing,Running Shoes,3,104.5,313.5,Debit Card,West,2025,5,2025-05,Friday,0
TXN12428,2025-05-30,CUST-368,Male,35,Electronics,USB-C Hub,1,28.79,28.79,UPI,North,2025,5,2025-05,Friday,0
TXN12429,2025-05-30,CUST-407,Female,36,Clothing,Cotton T-Shirt,2,23.62,47.24,Debit Card,East,2025,5,2025-05,Friday,0
TXN12430,2025-05-30,CUST-157,Male,20,Electronics,Smart Watch,2,179.99,359.98,Net Banking,South,2025,5,2025-05,Friday,0
TXN12431,2025-05-30,CUST-387,Male,26,Books,Cookbook 101 Recipes,3,29.7,89.1,Credit Card,East,2025,5,2025-05,Friday,0
TXN12432,2025-05-30,CUST-564,Male,53,Home & Kitchen,Smoothie Blender,2,56.39,112.78,UPI,South,2025,5,2025-05,Friday,0
TXN12433,2025-05-30,CUST-204,Female,48,Home & Kitchen,Air Purifier,1,157.49,157.49,Net Banking,West,2025,5,2025-05,Friday,0
TXN12434,2025-05-30,CUST-327,Female,66,Clothing,Cotton T-Shirt,2,21.82,43.64,Credit Card,East,2025,5,2025-05,Friday,0
TXN12435,2025-05-31,CUST-346,Male,34,Clothing,Running Shoes,1,99.0,99.0,Credit Card,East,2025,5,2025-05,Saturday,1
TXN12436,2025-05-31,CUST-287,Female,40,Clothing,Winter Coat,2,152.6,305.2,UPI,Central,2025,5,2025-05,Saturday,1
TXN12437,2025-05-31,CUST-593,Female,51,Electronics,Smart Watch,1,191.99,191.99,Credit Card,North,2025,5,2025-05,Saturday,1
TXN12438,2025-05-31,CUST-182,Male,58,Home & Kitchen,Drip Coffee Maker,2,83.99,167.98,Credit Card,South,2025,5,2025-05,Saturday,1
TXN12439,2025-05-31,CUST-285,Female,58,Clothing,Formal Trousers,2,50.6,101.2,Credit Card,South,2025,5,2025-05,Saturday,1
TXN12440,2025-05-31,CUST-351,Male,22,Clothing,Formal Trousers,3,53.35,160.05,UPI,Central,2025,5,2025-05,Saturday,1
TXN12441,2025-05-31,CUST-454,Male,32,Beauty,Hair Dryer Pro,1,82.45,82.45,Debit Card,North,2025,5,2025-05,Saturday,1
TXN12442,2025-05-31,CUST-337,Other,64,Clothing,Running Shoes,2,115.5,231.0,UPI,South,2025,5,2025-05,Saturday,1
TXN12443,2025-06-01,CUST-459,Female,20,Books,Cookbook 101 Recipes,1,26.4,26.4,UPI,Central,2025,6,2025-06,Sunday,1
TXN12444,2025-06-01,CUST-283,Female,36,Clothing,Cotton T-Shirt,1,22.5,22.5,Credit Card,Central,2025,6,2025-06,Sunday,1
TXN12445,2025-06-01,CUST-383,Male,45,Beauty,Matte Lipstick Set,1,29.4,29.4,Net Banking,Central,2025,6,2025-06,Sunday,1
TXN12446,2025-06-02,CUST-484,Male,20,Clothing,Formal Trousers,2,55.55,111.1,UPI,South,2025,6,2025-06,Monday,0
TXN12447,2025-06-02,CUST-525,Other,55,Books,Data Analytics Handbook,2,32.2,64.4,UPI,West,2025,6,2025-06,Monday,0
TXN12448,2025-06-02,CUST-309,Female,21,Clothing,Winter Coat,2,151.2,302.4,Credit Card,East,2025,6,2025-06,Monday,0
TXN12449,2025-06-02,CUST-403,Female,41,Beauty,Perfume Spray 100ml,1,75.0,75.0,Credit Card,East,2025,6,2025-06,Monday,0
TXN12450,2025-06-03,CUST-395,Male,48,Electronics,Tablet 10-inch,2,323.99,647.98,Credit Card,North,2025,6,2025-06,Tuesday,0
TXN12451,2025-06-03,CUST-196,Female,62,Home & Kitchen,Drip Coffee Maker,1,81.59,81.59,UPI,West,2025,6,2025-06,Tuesday,0
TXN12452,2025-06-03,CUST-546,Male,62,Clothing,Cotton T-Shirt,1,20.7,20.7,UPI,South,2025,6,2025-06,Tuesday,0
TXN12453,2025-06-03,CUST-559,Female,28,Clothing,Formal Trousers,1,52.25,52.25,Debit Card,South,2025,6,2025-06,Tuesday,0
TXN12454,2025-06-03,CUST-555,Female,54,Books,Cookbook 101 Recipes,2,26.68,53.36,Credit Card,East,2025,6,2025-06,Tuesday,0
TXN12455,2025-06-03,CUST-571,Female,18,Books,Sci-Fi Bestseller Novel,1,14.39,14.39,Net Banking,North,2025,6,2025-06,Tuesday,0
TXN12456,2025-06-04,CUST-307,Female,26,Clothing,Cotton T-Shirt,1,22.05,22.05,Credit Card,North,2025,6,2025-06,Wednesday,0
TXN12457,2025-06-04,CUST-469,Male,34,Home & Kitchen,Stainless Steel Cookware Set,2,123.49,246.98,Credit Card,South,2025,6,2025-06,Wednesday,0
TXN12458,2025-06-04,CUST-487,Male,18,Electronics,Bluetooth Speaker,1,45.49,45.49,Net Banking,West,2025,6,2025-06,Wednesday,0
TXN12459,2025-06-04,CUST-521,Female,20,Home & Kitchen,Robot Vacuum,3,242.49,727.47,UPI,North,2025,6,2025-06,Wednesday,0
TXN12460,2025-06-04,CUST-591,Male,64,Beauty,Sunscreen SPF 50,1,18.13,18.13,Credit Card,West,2025,6,2025-06,Wednesday,0
TXN12461,2025-06-04,CUST-510,Female,43,Clothing,Winter Coat,1,128.8,128.8,UPI,East,2025,6,2025-06,Wednesday,0
TXN12462,2025-06-05,CUST-236,Male,48,Books,Data Analytics Handbook,5,36.75,183.75,UPI,East,2025,6,2025-06,Thursday,0
TXN12463,2025-06-05,CUST-466,Female,43,Home & Kitchen,Smoothie Blender,1,60.59,60.59,UPI,South,2025,6,2025-06,Thursday,0
TXN12464,2025-06-05,CUST-499,Male,40,Clothing,Winter Coat,2,138.6,277.2,UPI,West,2025,6,2025-06,Thursday,0
TXN12465,2025-06-06,CUST-283,Male,47,Home & Kitchen,Drip Coffee Maker,1,81.59,81.59,Net Banking,North,2025,6,2025-06,Friday,0
TXN12466,2025-06-06,CUST-175,Male,27,Electronics,USB-C Hub,1,29.99,29.99,Credit Card,South,2025,6,2025-06,Friday,0
TXN12467,2025-06-06,CUST-386,Male,25,Home & Kitchen,Drip Coffee Maker,2,83.99,167.98,Net Banking,East,2025,6,2025-06,Friday,0
TXN12468,2025-06-07,CUST-571,Male,61,Beauty,Perfume Spray 100ml,1,68.25,68.25,Credit Card,Central,2025,6,2025-06,Saturday,1
TXN12469,2025-06-07,CUST-474,Other,42,Electronics,Tablet 10-inch,3,290.99,872.97,Credit Card,North,2025,6,2025-06,Saturday,1
TXN12470,2025-06-07,CUST-241,Male,39,Beauty,Matte Lipstick Set,1,25.2,25.2,UPI,East,2025,6,2025-06,Saturday,1
TXN12471,2025-06-07,CUST-336,Male,32,Beauty,Matte Lipstick Set,1,26.88,26.88,Credit Card,Central,2025,6,2025-06,Saturday,1
TXN12472,2025-06-07,CUST-124,Female,58,Beauty,Hair Dryer Pro,2,85.0,170.0,Credit Card,Central,2025,6,2025-06,Saturday,1
TXN12473,2025-06-07,CUST-389,Female,27,Clothing,Winter Coat,1,137.2,137.2,UPI,North,2025,6,2025-06,Saturday,1
TXN12474,2025-06-07,CUST-166,Male,37,Clothing,Formal Trousers,1,52.8,52.8,Debit Card,East,2025,6,2025-06,Saturday,1
TXN12475,2025-06-08,CUST-349,Female,58,Home & Kitchen,Air Purifier,3,146.99,440.97,UPI,North,2025,6,2025-06,Sunday,1
TXN12476,2025-06-08,CUST-507,Male,64,Clothing,Formal Trousers,2,49.5,99.0,Credit Card,West,2025,6,2025-06,Sunday,1
TXN12477,2025-06-08,CUST-217,Female,40,Clothing,Formal Trousers,1,54.45,54.45,Credit Card,South,2025,6,2025-06,Sunday,1
TXN12478,2025-06-08,CUST-589,Male,18,Beauty,Sunscreen SPF 50,2,19.8,39.6,Cash,West,2025,6,2025-06,Sunday,1
TXN12479,2025-06-08,CUST-172,Female,19,Electronics,Bluetooth Speaker,4,47.49,189.96,UPI,Central,2025,6,2025-06,Sunday,1
TXN12480,2025-06-09,CUST-381,Female,36,Beauty,Matte Lipstick Set,1,26.6,26.6,Credit Card,Central,2025,6,2025-06,Monday,0
TXN12481,2025-06-09,CUST-503,Female,31,Beauty,Hydrating Skincare Set,1,48.6,48.6,Credit Card,Central,2025,6,2025-06,Monday,0
TXN12482,2025-06-09,CUST-547,Male,25,Beauty,Hair Dryer Pro,1,81.6,81.6,UPI,North,2025,6,2025-06,Monday,0
TXN12483,2025-06-09,CUST-459,Female,55,Clothing,Cotton T-Shirt,3,23.85,71.55,Credit Card,North,2025,6,2025-06,Monday,0
TXN12484,2025-06-09,CUST-109,Female,29,Clothing,Denim Jacket,2,65.0,130.0,UPI,East,2025,6,2025-06,Monday,0
TXN12485,2025-06-09,CUST-310,Male,43,Clothing,Denim Jacket,3,70.85,212.55,UPI,East,2025,6,2025-06,Monday,0
TXN12486,2025-06-09,CUST-422,Male,44,Home & Kitchen,Air Purifier,4,157.49,629.96,UPI,North,2025,6,2025-06,Monday,0
TXN12487,2025-06-09,CUST-251,Female,46,Electronics,Wireless Headphones,1,94.49,94.49,Debit Card,South,2025,6,2025-06,Monday,0
TXN12488,2025-06-09,CUST-104,Female,32,Books,Data Analytics Handbook,1,33.25,33.25,UPI,Central,2025,6,2025-06,Monday,0
TXN12489,2025-06-09,CUST-294,Female,63,Beauty,Matte Lipstick Set,1,25.76,25.76,Credit Card,Central,2025,6,2025-06,Monday,0
TXN12490,2025-06-10,CUST-541,Other,18,Books,Cookbook 101 Recipes,1,28.6,28.6,UPI,North,2025,6,2025-06,Tuesday,0
TXN12491,2025-06-10,CUST-382,Female,60,Clothing,Running Shoes,2,100.1,200.2,UPI,South,2025,6,2025-06,Tuesday,0
TXN12492,2025-06-10,CUST-563,Female,45,Clothing,Winter Coat,2,138.6,277.2,UPI,East,2025,6,2025-06,Tuesday,0
TXN12493,2025-06-10,CUST-212,Female,20,Books,Cookbook 101 Recipes,1,26.95,26.95,Credit Card,Central,2025,6,2025-06,Tuesday,0
TXN12494,2025-06-12,CUST-370,Female,35,Electronics,USB-C Hub,1,31.19,31.19,UPI,East,2025,6,2025-06,Thursday,0
TXN12495,2025-06-12,CUST-262,Male,51,Electronics,Wireless Headphones,2,89.09,178.18,UPI,Central,2025,6,2025-06,Thursday,0
TXN12496,2025-06-12,CUST-559,Female,49,Clothing,Winter Coat,1,134.4,134.4,Debit Card,West,2025,6,2025-06,Thursday,0
TXN12497,2025-06-13,CUST-204,Female,46,Books,Personal Finance Blueprint,1,23.98,23.98,Credit Card,Central,2025,6,2025-06,Friday,0
TXN12498,2025-06-13,CUST-280,Female,42,Beauty,Perfume Spray 100ml,2,78.0,156.0,UPI,West,2025,6,2025-06,Friday,0
TXN12499,2025-06-14,CUST-143,Female,43,Beauty,Hair Dryer Pro,1,83.3,83.3,Credit Card,Central,2025,6,2025-06,Saturday,1
TXN12500,2025-06-14,CUST-381,Female,56,Home & Kitchen,Air Purifier,4,149.99,599.96,UPI,West,2025,6,2025-06,Saturday,1
TXN12501,2025-06-14,CUST-274,Male,25,Clothing,Cotton T-Shirt,1,23.4,23.4,Credit Card,South,2025,6,2025-06,Saturday,1
TXN12502,2025-06-15,CUST-261,Male,36,Home & Kitchen,Air Purifier,2,163.49,326.98,UPI,North,2025,6,2025-06,Sunday,1
TXN12503,2025-06-15,CUST-570,Male,64,Clothing,Formal Trousers,2,54.45,108.9,UPI,Central,2025,6,2025-06,Sunday,1
TXN12504,2025-06-15,CUST-450,Male,59,Home & Kitchen,Air Purifier,1,161.99,161.99,UPI,North,2025,6,2025-06,Sunday,1
TXN12505,2025-06-15,CUST-533,Male,39,Clothing,Running Shoes,1,117.7,117.7,UPI,South,2025,6,2025-06,Sunday,1
TXN12506,2025-06-15,CUST-439,Female,46,Clothing,Cotton T-Shirt,1,22.95,22.95,Debit Card,West,2025,6,2025-06,Sunday,1
TXN12507,2025-06-15,CUST-239,Male,50,Beauty,Perfume Spray 100ml,1,78.0,78.0,UPI,West,2025,6,2025-06,Sunday,1
TXN12508,2025-06-16,CUST-570,Male,55,Clothing,Running Shoes,1,121.0,121.0,UPI,North,2025,6,2025-06,Monday,0
TXN12509,2025-06-16,CUST-231,Male,62,Beauty,Matte Lipstick Set,2,28.84,57.68,Credit Card,South,2025,6,2025-06,Monday,0
TXN12510,2025-06-16,CUST-186,Female,63,Clothing,Cotton T-Shirt,2,21.38,42.76,Credit Card,South,2025,6,2025-06,Monday,0
TXN12511,2025-06-16,CUST-275,Female,52,Electronics,Bluetooth Speaker,2,46.49,92.98,UPI,South,2025,6,2025-06,Monday,0
TXN12512,2025-06-16,CUST-282,Male,60,Clothing,Winter Coat,1,149.8,149.8,UPI,Central,2025,6,2025-06,Monday,0
TXN12513,2025-06-17,CUST-467,Male,20,Beauty,Hair Dryer Pro,2,83.3,166.6,UPI,East,2025,6,2025-06,Tuesday,0
TXN12514,2025-06-17,CUST-228,Other,36,Electronics,Tablet 10-inch,1,281.99,281.99,UPI,Central,2025,6,2025-06,Tuesday,0
TXN12515,2025-06-18,CUST-345,Female,27,Beauty,Sunscreen SPF 50,3,19.8,59.4,UPI,North,2025,6,2025-06,Wednesday,0
TXN12516,2025-06-19,CUST-188,Female,44,Clothing,Formal Trousers,3,55.0,165.0,UPI,South,2025,6,2025-06,Thursday,0
TXN12517,2025-06-19,CUST-165,Female,32,Clothing,Formal Trousers,2,53.9,107.8,Credit Card,West,2025,6,2025-06,Thursday,0
TXN12518,2025-06-19,CUST-257,Male,28,Clothing,Cotton T-Shirt,2,22.05,44.1,Cash,South,2025,6,2025-06,Thursday,0
TXN12519,2025-06-20,CUST-486,Female,64,Books,Sci-Fi Bestseller Novel,1,14.39,14.39,Credit Card,South,2025,6,2025-06,Friday,0
TXN12520,2025-06-20,CUST-477,Female,43,Beauty,Sunscreen SPF 50,1,18.87,18.87,UPI,Central,2025,6,2025-06,Friday,0
TXN12521,2025-06-20,CUST-248,Other,41,Clothing,Running Shoes,3,107.8,323.4,Credit Card,Central,2025,6,2025-06,Friday,0
TXN12522,2025-06-20,CUST-572,Female,30,Beauty,Matte Lipstick Set,1,30.52,30.52,Credit Card,East,2025,6,2025-06,Friday,0
TXN12523,2025-06-20,CUST-439,Male,49,Home & Kitchen,Air Purifier,1,158.99,158.99,Debit Card,East,2025,6,2025-06,Friday,0
TXN12524,2025-06-20,CUST-532,Female,54,Clothing,Running Shoes,3,105.6,316.8,Credit Card,North,2025,6,2025-06,Friday,0
TXN12525,2025-06-20,CUST-215,Male,21,Home & Kitchen,Air Purifier,2,146.99,293.98,Credit Card,Central,2025,6,2025-06,Friday,0
TXN12526,2025-06-20,CUST-313,Male,30,Electronics,Bluetooth Speaker,1,54.49,54.49,UPI,West,2025,6,2025-06,Friday,0
TXN12527,2025-06-21,CUST-568,Male,26,Home & Kitchen,Air Purifier,1,149.99,149.99,Credit Card,North,2025,6,2025-06,Saturday,1
TXN12528,2025-06-21,CUST-545,Male,66,Beauty,Perfume Spray 100ml,1,72.0,72.0,UPI,North,2025,6,2025-06,Saturday,1
TXN12529,2025-06-21,CUST-580,Female,51,Electronics,USB-C Hub,2,30.59,61.18,UPI,West,2025,6,2025-06,Saturday,1
TXN12530,2025-06-21,CUST-471,Female,54,Clothing,Cotton T-Shirt,1,22.05,22.05,UPI,North,2025,6,2025-06,Saturday,1
TXN12531,2025-06-22,CUST-393,Female,65,Books,Data Analytics Handbook,4,32.2,128.8,Credit Card,Central,2025,6,2025-06,Sunday,1
TXN12532,2025-06-22,CUST-352,Male,24,Home & Kitchen,Robot Vacuum,2,257.49,514.98,Credit Card,Central,2025,6,2025-06,Sunday,1
TXN12533,2025-06-22,CUST-242,Male,18,Beauty,Hair Dryer Pro,1,78.2,78.2,Net Banking,Central,2025,6,2025-06,Sunday,1
TXN12534,2025-06-22,CUST-349,Female,29,Electronics,Smart Watch,1,215.99,215.99,UPI,West,2025,6,2025-06,Sunday,1
TXN12535,2025-06-23,CUST-465,Male,38,Clothing,Cotton T-Shirt,1,22.27,22.27,UPI,South,2025,6,2025-06,Monday,0
TXN12536,2025-06-23,CUST-535,Female,28,Clothing,Formal Trousers,4,54.45,217.8,Net Banking,North,2025,6,2025-06,Monday,0
TXN12537,2025-06-23,CUST-562,Male,61,Electronics,USB-C Hub,1,28.49,28.49,Net Banking,West,2025,6,2025-06,Monday,0
TXN12538,2025-06-23,CUST-401,Other,61,Beauty,Perfume Spray 100ml,3,75.75,227.25,Credit Card,South,2025,6,2025-06,Monday,0
TXN12539,2025-06-24,CUST-124,Female,61,Books,Personal Finance Blueprint,1,21.34,21.34,UPI,East,2025,6,2025-06,Tuesday,0
TXN12540,2025-06-24,CUST-376,Female,31,Beauty,Perfume Spray 100ml,1,68.25,68.25,Credit Card,South,2025,6,2025-06,Tuesday,0
TXN12541,2025-06-24,CUST-571,Female,51,Electronics,Tablet 10-inch,3,323.99,971.97,UPI,North,2025,6,2025-06,Tuesday,0
TXN12542,2025-06-25,CUST-476,Male,51,Beauty,Perfume Spray 100ml,1,77.25,77.25,Net Banking,South,2025,6,2025-06,Wednesday,0
TXN12543,2025-06-25,CUST-477,Female,42,Books,Personal Finance Blueprint,2,22.44,44.88,Debit Card,West,2025,6,2025-06,Wednesday,0
TXN12544,2025-06-25,CUST-488,Female,21,Home & Kitchen,Smoothie Blender,1,55.19,55.19,UPI,South,2025,6,2025-06,Wednesday,0
TXN12545,2025-06-25,CUST-169,Female,43,Beauty,Hair Dryer Pro,3,81.6,244.8,Net Banking,South,2025,6,2025-06,Wednesday,0
TXN12546,2025-06-25,CUST-212,Female,33,Books,Cookbook 101 Recipes,3,27.77,83.31,Credit Card,South,2025,6,2025-06,Wednesday,0
TXN12547,2025-06-26,CUST-462,Male,27,Home & Kitchen,Air Purifier,3,163.49,490.47,Cash,North,2025,6,2025-06,Thursday,0
TXN12548,2025-06-26,CUST-211,Male,62,Electronics,Tablet 10-inch,1,302.99,302.99,Cash,Central,2025,6,2025-06,Thursday,0
TXN12549,2025-06-26,CUST-463,Female,19,Clothing,Running Shoes,1,118.8,118.8,UPI,East,2025,6,2025-06,Thursday,0
TXN12550,2025-06-27,CUST-402,Male,52,Books,Sci-Fi Bestseller Novel,1,16.79,16.79,UPI,North,2025,6,2025-06,Friday,0
TXN12551,2025-06-27,CUST-570,Male,36,Clothing,Winter Coat,1,144.2,144.2,Credit Card,South,2025,6,2025-06,Friday,0
TXN12552,2025-06-27,CUST-551,Female,23,Electronics,Bluetooth Speaker,2,46.49,92.98,Cash,Central,2025,6,2025-06,Friday,0
TXN12553,2025-06-28,CUST-190,Female,36,Clothing,Denim Jacket,1,66.3,66.3,Cash,East,2025,6,2025-06,Saturday,1
TXN12554,2025-06-29,CUST-117,Male,25,Beauty,Perfume Spray 100ml,1,81.75,81.75,Credit Card,South,2025,6,2025-06,Sunday,1
TXN12555,2025-06-29,CUST-248,Male,31,Books,Sci-Fi Bestseller Novel,2,16.31,32.62,UPI,South,2025,6,2025-06,Sunday,1
TXN12556,2025-06-29,CUST-575,Female,27,Clothing,Formal Trousers,3,50.05,150.15,UPI,South,2025,6,2025-06,Sunday,1
TXN12557,2025-06-29,CUST-326,Female,20,Beauty,Matte Lipstick Set,4,29.4,117.6,Debit Card,North,2025,6,2025-06,Sunday,1
TXN12558,2025-06-29,CUST-313,Female,55,Home & Kitchen,Air Purifier,1,154.49,154.49,Credit Card,West,2025,6,2025-06,Sunday,1
TXN12559,2025-06-30,CUST-459,Male,46,Clothing,Winter Coat,1,149.8,149.8,Credit Card,South,2025,6,2025-06,Monday,0
TXN12560,2025-06-30,CUST-250,Female,32,Electronics,USB-C Hub,1,28.79,28.79,Credit Card,West,2025,6,2025-06,Monday,0
TXN12561,2025-06-30,CUST-291,Female,40,Books,Data Analytics Handbook,1,32.55,32.55,Debit Card,South,2025,6,2025-06,Monday,0
TXN12562,2025-06-30,CUST-550,Male,40,Clothing,Cotton T-Shirt,1,24.53,24.53,Net Banking,North,2025,6,2025-06,Monday,0
TXN12563,2025-06-30,CUST-139,Male,35,Beauty,Hair Dryer Pro,5,89.25,446.25,UPI,West,2025,6,2025-06,Monday,0
TXN12564,2025-06-30,CUST-341,Female,63,Beauty,Matte Lipstick Set,1,28.84,28.84,UPI,South,2025,6,2025-06,Monday,0
TXN12565,2025-07-01,CUST-237,Female,36,Electronics,Wireless Headphones,1,80.99,80.99,Credit Card,West,2025,7,2025-07,Tuesday,0
TXN12566,2025-07-01,CUST-444,Male,45,Books,Cookbook 101 Recipes,1,28.32,28.32,Net Banking,West,2025,7,2025-07,Tuesday,0
TXN12567,2025-07-01,CUST-279,Female,43,Clothing,Running Shoes,1,117.7,117.7,UPI,Central,2025,7,2025-07,Tuesday,0
TXN12568,2025-07-01,CUST-596,Female,27,Clothing,Formal Trousers,1,57.75,57.75,UPI,North,2025,7,2025-07,Tuesday,0
TXN12569,2025-07-01,CUST-299,Male,64,Electronics,Bluetooth Speaker,1,49.49,49.49,UPI,North,2025,7,2025-07,Tuesday,0
TXN12570,2025-07-01,CUST-302,Female,21,Clothing,Denim Jacket,1,70.2,70.2,UPI,East,2025,7,2025-07,Tuesday,0
TXN12571,2025-07-02,CUST-160,Male,19,Home & Kitchen,Stainless Steel Cookware Set,1,132.59,132.59,UPI,South,2025,7,2025-07,Wednesday,0
TXN12572,2025-07-02,CUST-291,Male,20,Home & Kitchen,Stainless Steel Cookware Set,1,127.39,127.39,Credit Card,South,2025,7,2025-07,Wednesday,0
TXN12573,2025-07-02,CUST-104,Female,24,Books,Mindfulness & Productivity,2,17.28,34.56,UPI,North,2025,7,2025-07,Wednesday,0
TXN12574,2025-07-03,CUST-477,Female,33,Clothing,Denim Jacket,1,70.2,70.2,Credit Card,East,2025,7,2025-07,Thursday,0
TXN12575,2025-07-03,CUST-336,Male,48,Home & Kitchen,Smoothie Blender,1,55.19,55.19,UPI,North,2025,7,2025-07,Thursday,0
TXN12576,2025-07-03,CUST-280,Male,27,Beauty,Matte Lipstick Set,4,26.88,107.52,UPI,West,2025,7,2025-07,Thursday,0
TXN12577,2025-07-03,CUST-410,Male,36,Home & Kitchen,Robot Vacuum,1,267.49,267.49,Credit Card,West,2025,7,2025-07,Thursday,0
TXN12578,2025-07-03,CUST-136,Male,45,Home & Kitchen,Smoothie Blender,2,59.99,119.98,Credit Card,North,2025,7,2025-07,Thursday,0
TXN12579,2025-07-03,CUST-155,Female,34,Clothing,Cotton T-Shirt,3,21.15,63.45,UPI,West,2025,7,2025-07,Thursday,0
TXN12580,2025-07-03,CUST-542,Male,45,Clothing,Denim Jacket,1,63.05,63.05,Debit Card,South,2025,7,2025-07,Thursday,0
TXN12581,2025-07-03,CUST-336,Female,36,Clothing,Running Shoes,3,108.9,326.7,UPI,South,2025,7,2025-07,Thursday,0
TXN12582,2025-07-04,CUST-457,Female,54,Beauty,Sunscreen SPF 50,3,17.57,52.71,UPI,North,2025,7,2025-07,Friday,0
TXN12583,2025-07-04,CUST-448,Female,40,Books,Data Analytics Handbook,1,36.05,36.05,Credit Card,West,2025,7,2025-07,Friday,0
TXN12584,2025-07-04,CUST-296,Female,37,Electronics,Tablet 10-inch,3,317.99,953.97,Net Banking,South,2025,7,2025-07,Friday,0
TXN12585,2025-07-04,CUST-172,Male,30,Electronics,USB-C Hub,1,30.89,30.89,Credit Card,North,2025,7,2025-07,Friday,0
TXN12586,2025-07-04,CUST-158,Female,30,Electronics,Tablet 10-inch,1,308.99,308.99,UPI,Central,2025,7,2025-07,Friday,0
TXN12587,2025-07-04,CUST-339,Female,60,Home & Kitchen,Air Purifier,3,146.99,440.97,Credit Card,South,2025,7,2025-07,Friday,0
TXN12588,2025-07-04,CUST-101,Female,28,Clothing,Winter Coat,3,144.2,432.6,UPI,Central,2025,7,2025-07,Friday,0
TXN12589,2025-07-05,CUST-548,Male,65,Electronics,Wireless Headphones,2,86.39,172.78,Debit Card,South,2025,7,2025-07,Saturday,1
TXN12590,2025-07-05,CUST-459,Male,32,Clothing,Denim Jacket,1,63.7,63.7,UPI,West,2025,7,2025-07,Saturday,1
TXN12591,2025-07-05,CUST-287,Female,34,Beauty,Sunscreen SPF 50,1,18.13,18.13,Debit Card,East,2025,7,2025-07,Saturday,1
TXN12592,2025-07-06,CUST-406,Female,67,Beauty,Matte Lipstick Set,2,28.28,56.56,UPI,Central,2025,7,2025-07,Sunday,1
TXN12593,2025-07-06,CUST-129,Female,45,Home & Kitchen,Smoothie Blender,1,56.39,56.39,Cash,Central,2025,7,2025-07,Sunday,1
TXN12594,2025-07-06,CUST-366,Male,36,Clothing,Formal Trousers,5,51.7,258.5,UPI,Central,2025,7,2025-07,Sunday,1
TXN12595,2025-07-06,CUST-575,Male,21,Clothing,Denim Jacket,1,63.7,63.7,Net Banking,South,2025,7,2025-07,Sunday,1
TXN12596,2025-07-07,CUST-207,Male,39,Electronics,Tablet 10-inch,1,272.99,272.99,UPI,West,2025,7,2025-07,Monday,0
TXN12597,2025-07-07,CUST-431,Male,39,Electronics,Smart Watch,1,193.99,193.99,UPI,West,2025,7,2025-07,Monday,0
TXN12598,2025-07-07,CUST-522,Female,54,Clothing,Winter Coat,1,141.4,141.4,UPI,North,2025,7,2025-07,Monday,0
TXN12599,2025-07-07,CUST-189,Male,56,Clothing,Cotton T-Shirt,2,23.18,46.36,Net Banking,Central,2025,7,2025-07,Monday,0
TXN12600,2025-07-07,CUST-304,Male,51,Beauty,Hydrating Skincare Set,1,45.9,45.9,UPI,South,2025,7,2025-07,Monday,0
TXN12601,2025-07-07,CUST-478,Female,50,Electronics,USB-C Hub,2,28.49,56.98,UPI,North,2025,7,2025-07,Monday,0
TXN12602,2025-07-07,CUST-555,Female,61,Electronics,Bluetooth Speaker,1,53.99,53.99,UPI,South,2025,7,2025-07,Monday,0
TXN12603,2025-07-07,CUST-546,Male,59,Home & Kitchen,Smoothie Blender,1,59.99,59.99,Cash,East,2025,7,2025-07,Monday,0
TXN12604,2025-07-07,CUST-547,Male,57,Beauty,Hydrating Skincare Set,2,48.15,96.3,UPI,East,2025,7,2025-07,Monday,0
TXN12605,2025-07-07,CUST-544,Female,50,Home & Kitchen,Air Purifier,1,142.49,142.49,UPI,East,2025,7,2025-07,Monday,0
TXN12606,2025-07-08,CUST-480,Male,29,Home & Kitchen,Smoothie Blender,2,56.99,113.98,Net Banking,South,2025,7,2025-07,Tuesday,0
TXN12607,2025-07-09,CUST-537,Male,19,Clothing,Cotton T-Shirt,2,20.7,41.4,Net Banking,East,2025,7,2025-07,Wednesday,0
TXN12608,2025-07-09,CUST-319,Female,45,Home & Kitchen,Air Purifier,2,149.99,299.98,UPI,Central,2025,7,2025-07,Wednesday,0
TXN12609,2025-07-09,CUST-477,Female,27,Beauty,Hydrating Skincare Set,1,41.85,41.85,Net Banking,South,2025,7,2025-07,Wednesday,0
TXN12610,2025-07-09,CUST-193,Female,39,Electronics,Tablet 10-inch,3,290.99,872.97,UPI,East,2025,7,2025-07,Wednesday,0
TXN12611,2025-07-09,CUST-556,Male,34,Clothing,Running Shoes,5,113.3,566.5,UPI,North,2025,7,2025-07,Wednesday,0
TXN12612,2025-07-09,CUST-202,Female,43,Clothing,Formal Trousers,1,58.85,58.85,Debit Card,North,2025,7,2025-07,Wednesday,0
TXN12613,2025-07-10,CUST-322,Female,20,Clothing,Cotton T-Shirt,2,22.95,45.9,Debit Card,East,2025,7,2025-07,Thursday,0
TXN12614,2025-07-10,CUST-285,Female,24,Clothing,Running Shoes,1,121.0,121.0,UPI,North,2025,7,2025-07,Thursday,0
TXN12615,2025-07-10,CUST-568,Male,61,Clothing,Formal Trousers,1,51.7,51.7,UPI,West,2025,7,2025-07,Thursday,0
TXN12616,2025-07-10,CUST-283,Female,25,Electronics,USB-C Hub,1,28.49,28.49,UPI,East,2025,7,2025-07,Thursday,0
TXN12617,2025-07-10,CUST-594,Female,37,Electronics,Wireless Headphones,5,81.89,409.45,Debit Card,South,2025,7,2025-07,Thursday,0
TXN12618,2025-07-11,CUST-261,Female,29,Electronics,USB-C Hub,2,29.99,59.98,Cash,South,2025,7,2025-07,Friday,0
TXN12619,2025-07-11,CUST-346,Male,52,Electronics,USB-C Hub,1,32.09,32.09,UPI,Central,2025,7,2025-07,Friday,0
TXN12620,2025-07-11,CUST-130,Male,34,Clothing,Cotton T-Shirt,1,20.93,20.93,Debit Card,North,2025,7,2025-07,Friday,0
TXN12621,2025-07-11,CUST-151,Female,45,Beauty,Hydrating Skincare Set,4,40.5,162.0,UPI,East,2025,7,2025-07,Friday,0
TXN12622,2025-07-11,CUST-444,Male,58,Electronics,Wireless Headphones,1,89.99,89.99,Credit Card,Central,2025,7,2025-07,Friday,0
TXN12623,2025-07-12,CUST-175,Male,27,Books,Personal Finance Blueprint,1,23.1,23.1,UPI,Central,2025,7,2025-07,Saturday,1
TXN12624,2025-07-12,CUST-484,Male,39,Home & Kitchen,Drip Coffee Maker,3,85.59,256.77,Credit Card,East,2025,7,2025-07,Saturday,1
TXN12625,2025-07-12,CUST-538,Male,55,Beauty,Sunscreen SPF 50,2,18.5,37.0,UPI,South,2025,7,2025-07,Saturday,1
TXN12626,2025-07-12,CUST-377,Female,50,Home & Kitchen,Drip Coffee Maker,1,82.39,82.39,Net Banking,North,2025,7,2025-07,Saturday,1
TXN12627,2025-07-12,CUST-139,Female,39,Clothing,Cotton T-Shirt,1,23.85,23.85,UPI,North,2025,7,2025-07,Saturday,1
TXN12628,2025-07-12,CUST-200,Male,61,Electronics,Tablet 10-inch,4,305.99,1223.96,UPI,East,2025,7,2025-07,Saturday,1
TXN12629,2025-07-13,CUST-210,Male,54,Books,Data Analytics Handbook,3,36.4,109.2,Debit Card,North,2025,7,2025-07,Sunday,1
TXN12630,2025-07-13,CUST-484,Male,30,Electronics,Wireless Headphones,1,94.49,94.49,Credit Card,Central,2025,7,2025-07,Sunday,1
TXN12631,2025-07-13,CUST-420,Female,44,Books,Personal Finance Blueprint,1,23.32,23.32,UPI,East,2025,7,2025-07,Sunday,1
TXN12632,2025-07-14,CUST-348,Male,32,Beauty,Matte Lipstick Set,1,27.16,27.16,Credit Card,North,2025,7,2025-07,Monday,0
TXN12633,2025-07-14,CUST-290,Male,39,Clothing,Cotton T-Shirt,1,20.93,20.93,Debit Card,North,2025,7,2025-07,Monday,0
TXN12634,2025-07-14,CUST-589,Female,47,Clothing,Denim Jacket,2,65.65,131.3,Credit Card,East,2025,7,2025-07,Monday,0
TXN12635,2025-07-14,CUST-281,Female,60,Beauty,Perfume Spray 100ml,1,78.0,78.0,UPI,North,2025,7,2025-07,Monday,0
TXN12636,2025-07-14,CUST-525,Male,57,Electronics,Tablet 10-inch,2,284.99,569.98,UPI,West,2025,7,2025-07,Monday,0
TXN12637,2025-07-14,CUST-504,Male,54,Clothing,Winter Coat,2,134.4,268.8,Cash,Central,2025,7,2025-07,Monday,0
TXN12638,2025-07-14,CUST-434,Female,51,Home & Kitchen,Air Purifier,2,157.49,314.98,UPI,Central,2025,7,2025-07,Monday,0
TXN12639,2025-07-15,CUST-308,Male,61,Beauty,Hydrating Skincare Set,4,46.8,187.2,Credit Card,West,2025,7,2025-07,Tuesday,0
TXN12640,2025-07-15,CUST-121,Female,51,Electronics,Tablet 10-inch,1,317.99,317.99,Credit Card,Central,2025,7,2025-07,Tuesday,0
TXN12641,2025-07-15,CUST-265,Female,65,Clothing,Running Shoes,1,116.6,116.6,UPI,East,2025,7,2025-07,Tuesday,0
TXN12642,2025-07-15,CUST-198,Male,52,Home & Kitchen,Smoothie Blender,2,54.59,109.18,UPI,South,2025,7,2025-07,Tuesday,0
TXN12643,2025-07-15,CUST-592,Male,59,Beauty,Hydrating Skincare Set,3,43.2,129.6,Net Banking,West,2025,7,2025-07,Tuesday,0
TXN12644,2025-07-15,CUST-307,Male,36,Beauty,Hydrating Skincare Set,1,40.95,40.95,UPI,North,2025,7,2025-07,Tuesday,0
TXN12645,2025-07-16,CUST-107,Male,25,Books,Data Analytics Handbook,3,35.0,105.0,Debit Card,North,2025,7,2025-07,Wednesday,0
TXN12646,2025-07-16,CUST-289,Female,56,Clothing,Denim Jacket,1,68.25,68.25,Debit Card,West,2025,7,2025-07,Wednesday,0
TXN12647,2025-07-16,CUST-274,Male,50,Clothing,Denim Jacket,1,67.6,67.6,UPI,Central,2025,7,2025-07,Wednesday,0
TXN12648,2025-07-16,CUST-372,Female,61,Home & Kitchen,Air Purifier,1,152.99,152.99,UPI,East,2025,7,2025-07,Wednesday,0
TXN12649,2025-07-16,CUST-116,Female,45,Home & Kitchen,Robot Vacuum,5,262.49,1312.45,Net Banking,South,2025,7,2025-07,Wednesday,0
TXN12650,2025-07-16,CUST-189,Female,54,Clothing,Running Shoes,1,110.0,110.0,Debit Card,East,2025,7,2025-07,Wednesday,0
TXN12651,2025-07-16,CUST-240,Female,65,Electronics,Tablet 10-inch,1,287.99,287.99,UPI,South,2025,7,2025-07,Wednesday,0
TXN12652,2025-07-16,CUST-244,Female,42,Home & Kitchen,Smoothie Blender,5,65.39,326.95,UPI,South,2025,7,2025-07,Wednesday,0
TXN12653,2025-07-17,CUST-265,Female,53,Clothing,Formal Trousers,2,52.25,104.5,Credit Card,Central,2025,7,2025-07,Thursday,0
TXN12654,2025-07-17,CUST-436,Female,34,Books,Data Analytics Handbook,3,36.4,109.2,Credit Card,South,2025,7,2025-07,Thursday,0
TXN12655,2025-07-17,CUST-595,Female,41,Electronics,Bluetooth Speaker,1,47.99,47.99,Credit Card,North,2025,7,2025-07,Thursday,0
TXN12656,2025-07-17,CUST-177,Male,38,Clothing,Cotton T-Shirt,1,21.38,21.38,Cash,West,2025,7,2025-07,Thursday,0
TXN12657,2025-07-17,CUST-528,Female,19,Electronics,Smart Watch,1,209.99,209.99,Credit Card,South,2025,7,2025-07,Thursday,0
TXN12658,2025-07-17,CUST-361,Female,48,Home & Kitchen,Robot Vacuum,2,264.99,529.98,Net Banking,West,2025,7,2025-07,Thursday,0
TXN12659,2025-07-18,CUST-262,Male,61,Books,Data Analytics Handbook,2,37.1,74.2,Credit Card,East,2025,7,2025-07,Friday,0
TXN12660,2025-07-18,CUST-465,Male,50,Beauty,Perfume Spray 100ml,2,75.75,151.5,UPI,West,2025,7,2025-07,Friday,0
TXN12661,2025-07-18,CUST-113,Male,47,Books,Cookbook 101 Recipes,2,28.6,57.2,Debit Card,North,2025,7,2025-07,Friday,0
TXN12662,2025-07-19,CUST-338,Female,29,Electronics,Tablet 10-inch,1,284.99,284.99,Credit Card,North,2025,7,2025-07,Saturday,1
TXN12663,2025-07-19,CUST-171,Male,61,Electronics,Bluetooth Speaker,2,49.49,98.98,UPI,South,2025,7,2025-07,Saturday,1
TXN12664,2025-07-19,CUST-544,Female,29,Home & Kitchen,Smoothie Blender,1,64.79,64.79,UPI,East,2025,7,2025-07,Saturday,1
TXN12665,2025-07-19,CUST-242,Female,66,Home & Kitchen,Robot Vacuum,1,264.99,264.99,Credit Card,North,2025,7,2025-07,Saturday,1
TXN12666,2025-07-19,CUST-409,Female,41,Home & Kitchen,Drip Coffee Maker,1,85.59,85.59,Credit Card,South,2025,7,2025-07,Saturday,1
TXN12667,2025-07-20,CUST-382,Male,41,Home & Kitchen,Drip Coffee Maker,2,79.19,158.38,Cash,Central,2025,7,2025-07,Sunday,1
TXN12668,2025-07-20,CUST-368,Female,28,Clothing,Running Shoes,3,103.4,310.2,Net Banking,North,2025,7,2025-07,Sunday,1
TXN12669,2025-07-20,CUST-340,Female,30,Electronics,Tablet 10-inch,1,323.99,323.99,UPI,West,2025,7,2025-07,Sunday,1
TXN12670,2025-07-20,CUST-514,Female,44,Books,Data Analytics Handbook,1,35.0,35.0,Debit Card,West,2025,7,2025-07,Sunday,1
TXN12671,2025-07-21,CUST-344,Male,25,Clothing,Cotton T-Shirt,1,20.7,20.7,UPI,Central,2025,7,2025-07,Monday,0
TXN12672,2025-07-21,CUST-262,Male,27,Clothing,Denim Jacket,4,70.2,280.8,UPI,Central,2025,7,2025-07,Monday,0
TXN12673,2025-07-22,CUST-159,Female,25,Beauty,Hair Dryer Pro,2,90.1,180.2,UPI,East,2025,7,2025-07,Tuesday,0
TXN12674,2025-07-22,CUST-105,Male,37,Clothing,Running Shoes,4,106.7,426.8,Credit Card,East,2025,7,2025-07,Tuesday,0
TXN12675,2025-07-22,CUST-296,Male,25,Home & Kitchen,Stainless Steel Cookware Set,3,128.69,386.07,UPI,East,2025,7,2025-07,Tuesday,0
TXN12676,2025-07-23,CUST-569,Male,26,Electronics,USB-C Hub,1,30.89,30.89,UPI,South,2025,7,2025-07,Wednesday,0
TXN12677,2025-07-23,CUST-157,Female,24,Home & Kitchen,Robot Vacuum,1,272.49,272.49,UPI,South,2025,7,2025-07,Wednesday,0
TXN12678,2025-07-23,CUST-404,Male,31,Beauty,Hair Dryer Pro,1,89.25,89.25,UPI,South,2025,7,2025-07,Wednesday,0
TXN12679,2025-07-23,CUST-506,Female,45,Beauty,Hair Dryer Pro,1,85.85,85.85,Net Banking,North,2025,7,2025-07,Wednesday,0
TXN12680,2025-07-24,CUST-316,Male,19,Clothing,Denim Jacket,1,61.1,61.1,Cash,West,2025,7,2025-07,Thursday,0
TXN12681,2025-07-24,CUST-517,Female,60,Clothing,Formal Trousers,1,58.3,58.3,Credit Card,Central,2025,7,2025-07,Thursday,0
TXN12682,2025-07-24,CUST-125,Female,25,Clothing,Cotton T-Shirt,2,23.62,47.24,Credit Card,Central,2025,7,2025-07,Thursday,0
TXN12683,2025-07-24,CUST-402,Female,30,Clothing,Cotton T-Shirt,1,21.82,21.82,Debit Card,North,2025,7,2025-07,Thursday,0
TXN12684,2025-07-24,CUST-104,Male,38,Beauty,Sunscreen SPF 50,1,19.98,19.98,Debit Card,North,2025,7,2025-07,Thursday,0
TXN12685,2025-07-24,CUST-573,Female,64,Clothing,Running Shoes,2,101.2,202.4,Debit Card,West,2025,7,2025-07,Thursday,0
TXN12686,2025-07-24,CUST-119,Male,45,Electronics,Tablet 10-inch,1,302.99,302.99,UPI,South,2025,7,2025-07,Thursday,0
TXN12687,2025-07-25,CUST-489,Female,52,Electronics,Bluetooth Speaker,2,51.49,102.98,UPI,West,2025,7,2025-07,Friday,0
TXN12688,2025-07-25,CUST-297,Male,40,Beauty,Matte Lipstick Set,2,27.44,54.88,UPI,West,2025,7,2025-07,Friday,0
TXN12689,2025-07-25,CUST-158,Male,63,Electronics,Tablet 10-inch,1,293.99,293.99,UPI,East,2025,7,2025-07,Friday,0
TXN12690,2025-07-25,CUST-547,Male,32,Home & Kitchen,Stainless Steel Cookware Set,2,128.69,257.38,UPI,South,2025,7,2025-07,Friday,0
TXN12691,2025-07-25,CUST-341,Male,19,Beauty,Matte Lipstick Set,1,28.0,28.0,Debit Card,North,2025,7,2025-07,Friday,0
TXN12692,2025-07-25,CUST-245,Male,29,Home & Kitchen,Air Purifier,1,143.99,143.99,Debit Card,South,2025,7,2025-07,Friday,0
TXN12693,2025-07-26,CUST-487,Female,53,Home & Kitchen,Robot Vacuum,1,254.99,254.99,UPI,East,2025,7,2025-07,Saturday,1
TXN12694,2025-07-26,CUST-372,Male,20,Electronics,Bluetooth Speaker,5,53.49,267.45,UPI,Central,2025,7,2025-07,Saturday,1
TXN12695,2025-07-26,CUST-348,Female,22,Home & Kitchen,Air Purifier,1,152.99,152.99,Credit Card,North,2025,7,2025-07,Saturday,1
TXN12696,2025-07-26,CUST-113,Male,20,Beauty,Perfume Spray 100ml,1,69.0,69.0,UPI,North,2025,7,2025-07,Saturday,1
TXN12697,2025-07-26,CUST-561,Male,64,Books,Sci-Fi Bestseller Novel,3,14.71,44.13,UPI,East,2025,7,2025-07,Saturday,1
TXN12698,2025-07-26,CUST-112,Female,36,Books,Mindfulness & Productivity,1,17.28,17.28,Debit Card,South,2025,7,2025-07,Saturday,1
TXN12699,2025-07-27,CUST-490,Female,19,Electronics,Tablet 10-inch,1,287.99,287.99,Credit Card,Central,2025,7,2025-07,Sunday,1
TXN12700,2025-07-27,CUST-483,Female,61,Clothing,Cotton T-Shirt,3,22.95,68.85,Net Banking,North,2025,7,2025-07,Sunday,1
TXN12701,2025-07-27,CUST-143,Male,54,Beauty,Hydrating Skincare Set,1,48.15,48.15,Debit Card,Central,2025,7,2025-07,Sunday,1
TXN12702,2025-07-27,CUST-474,Male,34,Beauty,Perfume Spray 100ml,2,75.0,150.0,Net Banking,Central,2025,7,2025-07,Sunday,1
TXN12703,2025-07-27,CUST-498,Male,31,Clothing,Denim Jacket,2,70.85,141.7,UPI,Central,2025,7,2025-07,Sunday,1
TXN12704,2025-07-27,CUST-118,Male,45,Clothing,Formal Trousers,2,53.35,106.7,UPI,North,2025,7,2025-07,Sunday,1
TXN12705,2025-07-27,CUST-162,Male,44,Clothing,Running Shoes,5,114.4,572.0,UPI,South,2025,7,2025-07,Sunday,1
TXN12706,2025-07-28,CUST-590,Female,27,Beauty,Matte Lipstick Set,3,30.52,91.56,UPI,West,2025,7,2025-07,Monday,0
TXN12707,2025-07-28,CUST-338,Female,20,Books,Cookbook 101 Recipes,2,28.6,57.2,Credit Card,West,2025,7,2025-07,Monday,0
TXN12708,2025-07-28,CUST-591,Male,53,Home & Kitchen,Robot Vacuum,3,242.49,727.47,Debit Card,West,2025,7,2025-07,Monday,0
TXN12709,2025-07-28,CUST-518,Male,55,Clothing,Denim Jacket,3,66.95,200.85,Cash,South,2025,7,2025-07,Monday,0
TXN12710,2025-07-28,CUST-436,Male,42,Electronics,Bluetooth Speaker,5,48.49,242.45,Net Banking,South,2025,7,2025-07,Monday,0
TXN12711,2025-07-28,CUST-518,Female,39,Electronics,Tablet 10-inch,2,299.99,599.98,Credit Card,Central,2025,7,2025-07,Monday,0
TXN12712,2025-07-28,CUST-502,Female,65,Clothing,Denim Jacket,1,61.1,61.1,Credit Card,North,2025,7,2025-07,Monday,0
TXN12713,2025-07-29,CUST-503,Female,56,Home & Kitchen,Robot Vacuum,2,264.99,529.98,UPI,North,2025,7,2025-07,Tuesday,0
TXN12714,2025-07-29,CUST-199,Female,64,Clothing,Cotton T-Shirt,1,22.5,22.5,Credit Card,North,2025,7,2025-07,Tuesday,0
TXN12715,2025-07-29,CUST-262,Female,47,Beauty,Hair Dryer Pro,1,78.2,78.2,Net Banking,West,2025,7,2025-07,Tuesday,0
TXN12716,2025-07-29,CUST-515,Male,38,Books,Cookbook 101 Recipes,1,25.03,25.03,UPI,North,2025,7,2025-07,Tuesday,0
TXN12717,2025-07-30,CUST-221,Female,47,Books,Cookbook 101 Recipes,4,25.03,100.12,Credit Card,East,2025,7,2025-07,Wednesday,0
TXN12718,2025-07-30,CUST-531,Male,45,Electronics,Smart Watch,1,203.99,203.99,Net Banking,South,2025,7,2025-07,Wednesday,0
TXN12719,2025-07-30,CUST-143,Female,48,Electronics,Tablet 10-inch,2,323.99,647.98,UPI,North,2025,7,2025-07,Wednesday,0
TXN12720,2025-07-31,CUST-459,Male,43,Clothing,Running Shoes,2,117.7,235.4,Cash,West,2025,7,2025-07,Thursday,0
TXN12721,2025-07-31,CUST-507,Female,60,Beauty,Perfume Spray 100ml,1,70.5,70.5,UPI,North,2025,7,2025-07,Thursday,0
TXN12722,2025-07-31,CUST-416,Female,39,Books,Personal Finance Blueprint,2,22.44,44.88,Net Banking,South,2025,7,2025-07,Thursday,0
TXN12723,2025-07-31,CUST-480,Female,38,Electronics,USB-C Hub,2,28.19,56.38,UPI,East,2025,7,2025-07,Thursday,0
TXN12724,2025-07-31,CUST-244,Other,18,Electronics,Wireless Headphones,3,96.29,288.87,UPI,South,2025,7,2025-07,Thursday,0
TXN12725,2025-08-01,CUST-426,Male,54,Books,Sci-Fi Bestseller Novel,1,14.39,14.39,UPI,South,2025,8,2025-08,Friday,0
TXN12726,2025-08-01,CUST-462,Female,30,Home & Kitchen,Robot Vacuum,1,227.49,227.49,Debit Card,Central,2025,8,2025-08,Friday,0
TXN12727,2025-08-01,CUST-149,Female,38,Books,Mindfulness & Productivity,2,19.08,38.16,Net Banking,Central,2025,8,2025-08,Friday,0
TXN12728,2025-08-01,CUST-164,Male,63,Clothing,Denim Jacket,1,63.7,63.7,Credit Card,South,2025,8,2025-08,Friday,0
TXN12729,2025-08-01,CUST-454,Female,26,Clothing,Running Shoes,1,105.6,105.6,Net Banking,South,2025,8,2025-08,Friday,0
TXN12730,2025-08-02,CUST-387,Female,34,Electronics,Smart Watch,1,207.99,207.99,Debit Card,South,2025,8,2025-08,Saturday,1
TXN12731,2025-08-02,CUST-263,Male,64,Electronics,Wireless Headphones,2,96.29,192.58,UPI,Central,2025,8,2025-08,Saturday,1
TXN12732,2025-08-02,CUST-240,Male,38,Beauty,Hydrating Skincare Set,1,49.5,49.5,Credit Card,East,2025,8,2025-08,Saturday,1
TXN12733,2025-08-02,CUST-553,Female,48,Clothing,Denim Jacket,2,59.8,119.6,UPI,North,2025,8,2025-08,Saturday,1
TXN12734,2025-08-02,CUST-413,Female,56,Electronics,Wireless Headphones,4,96.29,385.16,Credit Card,Central,2025,8,2025-08,Saturday,1
TXN12735,2025-08-02,CUST-227,Male,39,Books,Sci-Fi Bestseller Novel,2,14.71,29.42,UPI,East,2025,8,2025-08,Saturday,1
TXN12736,2025-08-03,CUST-497,Female,29,Electronics,Wireless Headphones,1,86.39,86.39,UPI,South,2025,8,2025-08,Sunday,1
TXN12737,2025-08-03,CUST-520,Female,23,Home & Kitchen,Drip Coffee Maker,1,78.39,78.39,Credit Card,South,2025,8,2025-08,Sunday,1
TXN12738,2025-08-03,CUST-467,Male,33,Clothing,Denim Jacket,1,65.0,65.0,UPI,North,2025,8,2025-08,Sunday,1
TXN12739,2025-08-03,CUST-562,Male,43,Home & Kitchen,Drip Coffee Maker,1,76.79,76.79,Credit Card,Central,2025,8,2025-08,Sunday,1
TXN12740,2025-08-03,CUST-338,Female,22,Electronics,USB-C Hub,1,30.89,30.89,Net Banking,West,2025,8,2025-08,Sunday,1
TXN12741,2025-08-03,CUST-423,Other,26,Home & Kitchen,Air Purifier,1,134.99,134.99,UPI,North,2025,8,2025-08,Sunday,1
TXN12742,2025-08-04,CUST-395,Male,63,Electronics,Bluetooth Speaker,2,50.49,100.98,Debit Card,East,2025,8,2025-08,Monday,0
TXN12743,2025-08-04,CUST-286,Female,57,Clothing,Running Shoes,4,112.2,448.8,Credit Card,East,2025,8,2025-08,Monday,0
TXN12744,2025-08-04,CUST-307,Other,31,Home & Kitchen,Smoothie Blender,4,59.39,237.56,UPI,North,2025,8,2025-08,Monday,0
TXN12745,2025-08-05,CUST-319,Female,61,Electronics,Wireless Headphones,1,85.49,85.49,Debit Card,South,2025,8,2025-08,Tuesday,0
TXN12746,2025-08-05,CUST-499,Female,59,Clothing,Formal Trousers,2,60.5,121.0,UPI,East,2025,8,2025-08,Tuesday,0
TXN12747,2025-08-06,CUST-289,Male,47,Home & Kitchen,Stainless Steel Cookware Set,1,136.49,136.49,UPI,South,2025,8,2025-08,Wednesday,0
TXN12748,2025-08-06,CUST-487,Female,43,Books,Personal Finance Blueprint,2,23.1,46.2,UPI,South,2025,8,2025-08,Wednesday,0
TXN12749,2025-08-06,CUST-528,Female,62,Electronics,USB-C Hub,1,28.79,28.79,Credit Card,North,2025,8,2025-08,Wednesday,0
TXN12750,2025-08-06,CUST-445,Female,46,Electronics,Smart Watch,4,189.99,759.96,Credit Card,South,2025,8,2025-08,Wednesday,0
TXN12751,2025-08-06,CUST-383,Female,36,Electronics,Tablet 10-inch,3,290.99,872.97,UPI,East,2025,8,2025-08,Wednesday,0
TXN12752,2025-08-06,CUST-451,Male,64,Electronics,Tablet 10-inch,1,320.99,320.99,UPI,North,2025,8,2025-08,Wednesday,0
TXN12753,2025-08-06,CUST-336,Male,25,Books,Data Analytics Handbook,2,36.4,72.8,Debit Card,East,2025,8,2025-08,Wednesday,0
TXN12754,2025-08-07,CUST-293,Other,40,Beauty,Sunscreen SPF 50,2,18.87,37.74,Net Banking,South,2025,8,2025-08,Thursday,0
TXN12755,2025-08-07,CUST-386,Female,59,Clothing,Cotton T-Shirt,1,21.82,21.82,Credit Card,East,2025,8,2025-08,Thursday,0
TXN12756,2025-08-07,CUST-358,Female,52,Books,Mindfulness & Productivity,2,19.26,38.52,UPI,South,2025,8,2025-08,Thursday,0
TXN12757,2025-08-08,CUST-345,Female,48,Beauty,Hair Dryer Pro,2,82.45,164.9,UPI,East,2025,8,2025-08,Friday,0
TXN12758,2025-08-08,CUST-235,Female,52,Beauty,Sunscreen SPF 50,3,18.32,54.96,Net Banking,East,2025,8,2025-08,Friday,0
TXN12759,2025-08-08,CUST-379,Female,49,Clothing,Cotton T-Shirt,2,24.75,49.5,UPI,East,2025,8,2025-08,Friday,0
TXN12760,2025-08-09,CUST-370,Male,22,Clothing,Denim Jacket,2,70.85,141.7,UPI,West,2025,8,2025-08,Saturday,1
TXN12761,2025-08-09,CUST-270,Male,33,Beauty,Hair Dryer Pro,3,91.8,275.4,Credit Card,North,2025,8,2025-08,Saturday,1
TXN12762,2025-08-10,CUST-258,Other,34,Electronics,USB-C Hub,5,32.39,161.95,Debit Card,Central,2025,8,2025-08,Sunday,1
TXN12763,2025-08-10,CUST-300,Female,49,Clothing,Winter Coat,1,152.6,152.6,Credit Card,West,2025,8,2025-08,Sunday,1
TXN12764,2025-08-10,CUST-586,Male,55,Electronics,Bluetooth Speaker,1,45.49,45.49,UPI,East,2025,8,2025-08,Sunday,1
TXN12765,2025-08-10,CUST-144,Female,49,Electronics,Smart Watch,2,199.99,399.98,Credit Card,Central,2025,8,2025-08,Sunday,1
TXN12766,2025-08-10,CUST-549,Female,37,Beauty,Matte Lipstick Set,5,30.24,151.2,Credit Card,South,2025,8,2025-08,Sunday,1
TXN12767,2025-08-10,CUST-363,Male,65,Beauty,Hair Dryer Pro,1,92.65,92.65,Credit Card,North,2025,8,2025-08,Sunday,1
TXN12768,2025-08-10,CUST-170,Male,19,Clothing,Running Shoes,1,113.3,113.3,UPI,West,2025,8,2025-08,Sunday,1
TXN12769,2025-08-10,CUST-463,Female,37,Clothing,Cotton T-Shirt,1,24.3,24.3,Debit Card,Central,2025,8,2025-08,Sunday,1
TXN12770,2025-08-11,CUST-470,Female,64,Beauty,Matte Lipstick Set,2,29.4,58.8,Credit Card,North,2025,8,2025-08,Monday,0
TXN12771,2025-08-11,CUST-202,Female,35,Electronics,Smart Watch,4,199.99,799.96,Credit Card,East,2025,8,2025-08,Monday,0
TXN12772,2025-08-11,CUST-589,Male,18,Beauty,Sunscreen SPF 50,1,20.35,20.35,Credit Card,West,2025,8,2025-08,Monday,0
TXN12773,2025-08-11,CUST-224,Female,46,Home & Kitchen,Stainless Steel Cookware Set,1,118.29,118.29,UPI,Central,2025,8,2025-08,Monday,0
TXN12774,2025-08-12,CUST-412,Other,46,Electronics,Bluetooth Speaker,3,48.49,145.47,UPI,South,2025,8,2025-08,Tuesday,0
TXN12775,2025-08-12,CUST-563,Female,36,Home & Kitchen,Stainless Steel Cookware Set,1,124.79,124.79,UPI,North,2025,8,2025-08,Tuesday,0
TXN12776,2025-08-12,CUST-582,Female,61,Home & Kitchen,Air Purifier,3,157.49,472.47,UPI,North,2025,8,2025-08,Tuesday,0
TXN12777,2025-08-13,CUST-385,Female,57,Electronics,Smart Watch,1,195.99,195.99,Credit Card,East,2025,8,2025-08,Wednesday,0
TXN12778,2025-08-13,CUST-557,Female,23,Electronics,Wireless Headphones,2,85.49,170.98,Debit Card,Central,2025,8,2025-08,Wednesday,0
TXN12779,2025-08-14,CUST-329,Female,61,Books,Personal Finance Blueprint,1,21.78,21.78,UPI,East,2025,8,2025-08,Thursday,0
TXN12780,2025-08-14,CUST-245,Male,56,Electronics,Smart Watch,2,199.99,399.98,Net Banking,Central,2025,8,2025-08,Thursday,0
TXN12781,2025-08-14,CUST-469,Male,67,Home & Kitchen,Air Purifier,4,148.49,593.96,UPI,West,2025,8,2025-08,Thursday,0
TXN12782,2025-08-15,CUST-296,Male,63,Beauty,Perfume Spray 100ml,4,69.75,279.0,UPI,East,2025,8,2025-08,Friday,0
TXN12783,2025-08-15,CUST-472,Male,25,Clothing,Denim Jacket,3,59.8,179.4,UPI,North,2025,8,2025-08,Friday,0
TXN12784,2025-08-15,CUST-320,Male,41,Electronics,Wireless Headphones,1,98.09,98.09,Credit Card,South,2025,8,2025-08,Friday,0
TXN12785,2025-08-15,CUST-522,Male,37,Clothing,Cotton T-Shirt,1,20.7,20.7,Debit Card,North,2025,8,2025-08,Friday,0
TXN12786,2025-08-16,CUST-159,Male,31,Clothing,Winter Coat,1,145.6,145.6,Net Banking,South,2025,8,2025-08,Saturday,1
TXN12787,2025-08-16,CUST-197,Female,22,Beauty,Perfume Spray 100ml,3,82.5,247.5,UPI,North,2025,8,2025-08,Saturday,1
TXN12788,2025-08-16,CUST-270,Female,58,Books,Data Analytics Handbook,1,37.45,37.45,UPI,North,2025,8,2025-08,Saturday,1
TXN12789,2025-08-16,CUST-481,Female,57,Home & Kitchen,Stainless Steel Cookware Set,5,122.19,610.95,Debit Card,South,2025,8,2025-08,Saturday,1
TXN12790,2025-08-16,CUST-272,Female,51,Clothing,Running Shoes,5,110.0,550.0,Debit Card,East,2025,8,2025-08,Saturday,1
TXN12791,2025-08-16,CUST-250,Female,33,Home & Kitchen,Air Purifier,2,157.49,314.98,Net Banking,North,2025,8,2025-08,Saturday,1
TXN12792,2025-08-16,CUST-552,Other,62,Home & Kitchen,Stainless Steel Cookware Set,3,133.89,401.67,UPI,West,2025,8,2025-08,Saturday,1
TXN12793,2025-08-16,CUST-449,Female,24,Books,Sci-Fi Bestseller Novel,5,16.63,83.15,Debit Card,East,2025,8,2025-08,Saturday,1
TXN12794,2025-08-17,CUST-489,Female,33,Clothing,Formal Trousers,3,52.25,156.75,UPI,East,2025,8,2025-08,Sunday,1
TXN12795,2025-08-18,CUST-539,Male,24,Home & Kitchen,Stainless Steel Cookware Set,2,141.69,283.38,Credit Card,West,2025,8,2025-08,Monday,0
TXN12796,2025-08-18,CUST-221,Female,44,Beauty,Sunscreen SPF 50,3,19.61,58.83,UPI,West,2025,8,2025-08,Monday,0
TXN12797,2025-08-18,CUST-593,Female,31,Clothing,Cotton T-Shirt,1,24.53,24.53,Credit Card,Central,2025,8,2025-08,Monday,0
TXN12798,2025-08-18,CUST-207,Female,31,Books,Personal Finance Blueprint,2,20.02,40.04,Credit Card,North,2025,8,2025-08,Monday,0
TXN12799,2025-08-18,CUST-103,Female,61,Electronics,Wireless Headphones,1,85.49,85.49,UPI,South,2025,8,2025-08,Monday,0
TXN12800,2025-08-19,CUST-192,Female,50,Electronics,Bluetooth Speaker,1,47.99,47.99,UPI,North,2025,8,2025-08,Tuesday,0
TXN12801,2025-08-19,CUST-506,Male,50,Books,Sci-Fi Bestseller Novel,3,15.03,45.09,UPI,East,2025,8,2025-08,Tuesday,0
TXN12802,2025-08-20,CUST-105,Male,61,Electronics,Tablet 10-inch,2,326.99,653.98,UPI,South,2025,8,2025-08,Wednesday,0
TXN12803,2025-08-20,CUST-387,Female,37,Books,Data Analytics Handbook,1,36.05,36.05,UPI,South,2025,8,2025-08,Wednesday,0
TXN12804,2025-08-20,CUST-205,Female,64,Home & Kitchen,Robot Vacuum,1,224.99,224.99,UPI,North,2025,8,2025-08,Wednesday,0
TXN12805,2025-08-20,CUST-245,Female,53,Electronics,Smart Watch,5,185.99,929.95,Debit Card,East,2025,8,2025-08,Wednesday,0
TXN12806,2025-08-20,CUST-370,Male,24,Clothing,Winter Coat,3,151.2,453.6,UPI,East,2025,8,2025-08,Wednesday,0
TXN12807,2025-08-20,CUST-523,Female,49,Home & Kitchen,Smoothie Blender,1,56.99,56.99,UPI,South,2025,8,2025-08,Wednesday,0
TXN12808,2025-08-20,CUST-477,Female,65,Beauty,Hydrating Skincare Set,5,44.55,222.75,Net Banking,South,2025,8,2025-08,Wednesday,0
TXN12809,2025-08-21,CUST-195,Male,20,Books,Sci-Fi Bestseller Novel,1,14.55,14.55,UPI,Central,2025,8,2025-08,Thursday,0
TXN12810,2025-08-21,CUST-556,Female,56,Home & Kitchen,Smoothie Blender,2,58.79,117.58,Debit Card,West,2025,8,2025-08,Thursday,0
TXN12811,2025-08-21,CUST-328,Female,46,Clothing,Formal Trousers,2,56.65,113.3,Credit Card,North,2025,8,2025-08,Thursday,0
TXN12812,2025-08-23,CUST-301,Female,41,Electronics,Smart Watch,3,205.99,617.97,Net Banking,Central,2025,8,2025-08,Saturday,1
TXN12813,2025-08-23,CUST-311,Male,39,Books,Cookbook 101 Recipes,3,25.85,77.55,UPI,North,2025,8,2025-08,Saturday,1
TXN12814,2025-08-23,CUST-105,Male,23,Beauty,Sunscreen SPF 50,1,19.24,19.24,Debit Card,South,2025,8,2025-08,Saturday,1
TXN12815,2025-08-23,CUST-211,Male,65,Electronics,Wireless Headphones,2,89.09,178.18,UPI,North,2025,8,2025-08,Saturday,1
TXN12816,2025-08-23,CUST-475,Female,41,Home & Kitchen,Air Purifier,1,160.49,160.49,Net Banking,Central,2025,8,2025-08,Saturday,1
TXN12817,2025-08-24,CUST-478,Male,57,Home & Kitchen,Drip Coffee Maker,1,78.39,78.39,UPI,North,2025,8,2025-08,Sunday,1
TXN12818,2025-08-24,CUST-546,Other,40,Beauty,Hydrating Skincare Set,2,43.2,86.4,Credit Card,North,2025,8,2025-08,Sunday,1
TXN12819,2025-08-24,CUST-422,Other,55,Clothing,Running Shoes,1,119.9,119.9,UPI,Central,2025,8,2025-08,Sunday,1
TXN12820,2025-08-24,CUST-205,Female,27,Beauty,Sunscreen SPF 50,1,17.02,17.02,Net Banking,East,2025,8,2025-08,Sunday,1
TXN12821,2025-08-24,CUST-238,Male,33,Home & Kitchen,Air Purifier,1,149.99,149.99,Credit Card,West,2025,8,2025-08,Sunday,1
TXN12822,2025-08-24,CUST-398,Female,28,Books,Sci-Fi Bestseller Novel,2,16.47,32.94,UPI,North,2025,8,2025-08,Sunday,1
TXN12823,2025-08-24,CUST-500,Female,49,Books,Cookbook 101 Recipes,2,28.88,57.76,UPI,South,2025,8,2025-08,Sunday,1
TXN12824,2025-08-24,CUST-195,Male,62,Beauty,Perfume Spray 100ml,1,73.5,73.5,UPI,Central,2025,8,2025-08,Sunday,1
TXN12825,2025-08-24,CUST-487,Female,23,Home & Kitchen,Smoothie Blender,5,62.99,314.95,UPI,East,2025,8,2025-08,Sunday,1
TXN12826,2025-08-25,CUST-546,Male,41,Books,Cookbook 101 Recipes,1,26.68,26.68,UPI,West,2025,8,2025-08,Monday,0
TXN12827,2025-08-26,CUST-551,Female,50,Electronics,Wireless Headphones,2,86.39,172.78,Cash,Central,2025,8,2025-08,Tuesday,0
TXN12828,2025-08-26,CUST-436,Female,29,Electronics,USB-C Hub,2,31.79,63.58,Credit Card,East,2025,8,2025-08,Tuesday,0
TXN12829,2025-08-26,CUST-396,Male,44,Home & Kitchen,Robot Vacuum,1,257.49,257.49,Net Banking,South,2025,8,2025-08,Tuesday,0
TXN12830,2025-08-26,CUST-566,Male,55,Electronics,Smart Watch,1,201.99,201.99,Credit Card,South,2025,8,2025-08,Tuesday,0
TXN12831,2025-08-26,CUST-488,Female,35,Electronics,Tablet 10-inch,3,287.99,863.97,Debit Card,North,2025,8,2025-08,Tuesday,0
TXN12832,2025-08-26,CUST-515,Female,62,Electronics,Tablet 10-inch,1,320.99,320.99,Credit Card,South,2025,8,2025-08,Tuesday,0
TXN12833,2025-08-26,CUST-313,Male,56,Clothing,Denim Jacket,1,69.55,69.55,UPI,Central,2025,8,2025-08,Tuesday,0
TXN12834,2025-08-27,CUST-553,Female,30,Electronics,Smart Watch,1,201.99,201.99,Credit Card,South,2025,8,2025-08,Wednesday,0
TXN12835,2025-08-27,CUST-390,Other,57,Clothing,Running Shoes,3,118.8,356.4,Credit Card,Central,2025,8,2025-08,Wednesday,0
TXN12836,2025-08-27,CUST-121,Male,47,Books,Data Analytics Handbook,1,35.0,35.0,Cash,West,2025,8,2025-08,Wednesday,0
TXN12837,2025-08-27,CUST-292,Female,66,Home & Kitchen,Stainless Steel Cookware Set,3,136.49,409.47,Credit Card,Central,2025,8,2025-08,Wednesday,0
TXN12838,2025-08-27,CUST-567,Female,58,Home & Kitchen,Air Purifier,1,155.99,155.99,Debit Card,Central,2025,8,2025-08,Wednesday,0
TXN12839,2025-08-27,CUST-249,Female,30,Electronics,USB-C Hub,1,30.29,30.29,Credit Card,West,2025,8,2025-08,Wednesday,0
TXN12840,2025-08-28,CUST-467,Male,51,Home & Kitchen,Smoothie Blender,1,57.59,57.59,Credit Card,Central,2025,8,2025-08,Thursday,0
TXN12841,2025-08-28,CUST-346,Female,53,Home & Kitchen,Drip Coffee Maker,3,80.79,242.37,Credit Card,West,2025,8,2025-08,Thursday,0
TXN12842,2025-08-29,CUST-366,Female,47,Beauty,Perfume Spray 100ml,2,68.25,136.5,UPI,West,2025,8,2025-08,Friday,0
TXN12843,2025-08-29,CUST-560,Female,42,Electronics,Wireless Headphones,1,82.79,82.79,UPI,West,2025,8,2025-08,Friday,0
TXN12844,2025-08-29,CUST-350,Male,19,Clothing,Denim Jacket,1,58.5,58.5,Debit Card,West,2025,8,2025-08,Friday,0
TXN12845,2025-08-29,CUST-589,Female,53,Home & Kitchen,Drip Coffee Maker,1,83.19,83.19,Net Banking,South,2025,8,2025-08,Friday,0
TXN12846,2025-08-29,CUST-102,Female,35,Beauty,Hair Dryer Pro,1,79.9,79.9,UPI,South,2025,8,2025-08,Friday,0
TXN12847,2025-08-30,CUST-492,Male,22,Home & Kitchen,Smoothie Blender,1,59.39,59.39,Net Banking,South,2025,8,2025-08,Saturday,1
TXN12848,2025-08-30,CUST-415,Male,36,Beauty,Perfume Spray 100ml,3,68.25,204.75,UPI,North,2025,8,2025-08,Saturday,1
TXN12849,2025-08-30,CUST-175,Male,59,Clothing,Running Shoes,2,99.0,198.0,Credit Card,South,2025,8,2025-08,Saturday,1
TXN12850,2025-08-30,CUST-186,Female,35,Home & Kitchen,Air Purifier,1,151.49,151.49,UPI,Central,2025,8,2025-08,Saturday,1
TXN12851,2025-08-30,CUST-369,Female,49,Electronics,USB-C Hub,5,28.49,142.45,UPI,East,2025,8,2025-08,Saturday,1
TXN12852,2025-08-31,CUST-324,Male,38,Beauty,Perfume Spray 100ml,3,67.5,202.5,UPI,North,2025,8,2025-08,Sunday,1
TXN12853,2025-08-31,CUST-117,Female,27,Books,Personal Finance Blueprint,1,22.22,22.22,UPI,West,2025,8,2025-08,Sunday,1
TXN12854,2025-08-31,CUST-212,Male,54,Home & Kitchen,Smoothie Blender,1,63.59,63.59,UPI,Central,2025,8,2025-08,Sunday,1
TXN12855,2025-08-31,CUST-350,Male,66,Clothing,Running Shoes,3,111.1,333.3,UPI,West,2025,8,2025-08,Sunday,1
TXN12856,2025-09-01,CUST-332,Female,39,Clothing,Formal Trousers,2,53.35,106.7,UPI,West,2025,9,2025-09,Monday,0
TXN12857,2025-09-01,CUST-428,Male,30,Beauty,Perfume Spray 100ml,1,72.75,72.75,UPI,North,2025,9,2025-09,Monday,0
TXN12858,2025-09-01,CUST-378,Male,34,Books,Cookbook 101 Recipes,2,26.4,52.8,UPI,South,2025,9,2025-09,Monday,0
TXN12859,2025-09-01,CUST-301,Female,26,Beauty,Hydrating Skincare Set,1,44.55,44.55,Credit Card,East,2025,9,2025-09,Monday,0
TXN12860,2025-09-01,CUST-182,Male,41,Beauty,Hydrating Skincare Set,3,49.05,147.15,Debit Card,North,2025,9,2025-09,Monday,0
TXN12861,2025-09-01,CUST-224,Female,61,Electronics,Smart Watch,1,215.99,215.99,UPI,North,2025,9,2025-09,Monday,0
TXN12862,2025-09-01,CUST-274,Female,31,Home & Kitchen,Air Purifier,2,158.99,317.98,UPI,Central,2025,9,2025-09,Monday,0
TXN12863,2025-09-01,CUST-168,Female,63,Home & Kitchen,Smoothie Blender,1,53.99,53.99,Debit Card,West,2025,9,2025-09,Monday,0
TXN12864,2025-09-02,CUST-146,Male,25,Books,Data Analytics Handbook,1,35.35,35.35,UPI,South,2025,9,2025-09,Tuesday,0
TXN12865,2025-09-02,CUST-471,Male,54,Clothing,Winter Coat,1,127.4,127.4,Debit Card,South,2025,9,2025-09,Tuesday,0
TXN12866,2025-09-02,CUST-355,Female,36,Home & Kitchen,Robot Vacuum,1,259.99,259.99,UPI,South,2025,9,2025-09,Tuesday,0
TXN12867,2025-09-03,CUST-314,Female,45,Clothing,Formal Trousers,2,52.8,105.6,UPI,North,2025,9,2025-09,Wednesday,0
TXN12868,2025-09-03,CUST-129,Male,63,Beauty,Matte Lipstick Set,1,29.96,29.96,UPI,West,2025,9,2025-09,Wednesday,0
TXN12869,2025-09-03,CUST-380,Female,58,Home & Kitchen,Drip Coffee Maker,1,82.39,82.39,UPI,North,2025,9,2025-09,Wednesday,0
TXN12870,2025-09-03,CUST-511,Male,47,Electronics,Bluetooth Speaker,2,48.49,96.98,Debit Card,West,2025,9,2025-09,Wednesday,0
TXN12871,2025-09-03,CUST-581,Female,24,Clothing,Cotton T-Shirt,2,20.93,41.86,UPI,West,2025,9,2025-09,Wednesday,0
TXN12872,2025-09-03,CUST-336,Female,43,Home & Kitchen,Smoothie Blender,1,64.19,64.19,Cash,East,2025,9,2025-09,Wednesday,0
TXN12873,2025-09-04,CUST-347,Female,57,Beauty,Perfume Spray 100ml,1,72.75,72.75,UPI,West,2025,9,2025-09,Thursday,0
TXN12874,2025-09-04,CUST-467,Male,63,Electronics,Tablet 10-inch,3,305.99,917.97,Net Banking,North,2025,9,2025-09,Thursday,0
TXN12875,2025-09-04,CUST-594,Female,63,Clothing,Running Shoes,1,100.1,100.1,UPI,East,2025,9,2025-09,Thursday,0
TXN12876,2025-09-04,CUST-124,Male,28,Beauty,Perfume Spray 100ml,3,78.75,236.25,UPI,East,2025,9,2025-09,Thursday,0
TXN12877,2025-09-04,CUST-173,Female,31,Books,Sci-Fi Bestseller Novel,1,16.79,16.79,Credit Card,East,2025,9,2025-09,Thursday,0
TXN12878,2025-09-04,CUST-305,Female,38,Electronics,Bluetooth Speaker,2,49.99,99.98,UPI,North,2025,9,2025-09,Thursday,0
TXN12879,2025-09-04,CUST-589,Female,25,Home & Kitchen,Drip Coffee Maker,1,86.39,86.39,Debit Card,South,2025,9,2025-09,Thursday,0
TXN12880,2025-09-04,CUST-593,Male,20,Electronics,Wireless Headphones,3,93.59,280.77,Credit Card,South,2025,9,2025-09,Thursday,0
TXN12881,2025-09-04,CUST-413,Male,45,Electronics,USB-C Hub,1,27.59,27.59,Credit Card,East,2025,9,2025-09,Thursday,0
TXN12882,2025-09-04,CUST-193,Female,46,Electronics,Smart Watch,1,201.99,201.99,UPI,West,2025,9,2025-09,Thursday,0
TXN12883,2025-09-05,CUST-474,Female,40,Home & Kitchen,Stainless Steel Cookware Set,1,119.59,119.59,Credit Card,East,2025,9,2025-09,Friday,0
TXN12884,2025-09-05,CUST-226,Female,35,Electronics,USB-C Hub,3,28.19,84.57,Credit Card,West,2025,9,2025-09,Friday,0
TXN12885,2025-09-05,CUST-524,Female,52,Home & Kitchen,Air Purifier,3,158.99,476.97,Debit Card,North,2025,9,2025-09,Friday,0
TXN12886,2025-09-06,CUST-124,Female,30,Clothing,Cotton T-Shirt,1,23.4,23.4,UPI,Central,2025,9,2025-09,Saturday,1
TXN12887,2025-09-06,CUST-433,Male,29,Books,Personal Finance Blueprint,1,21.34,21.34,Net Banking,East,2025,9,2025-09,Saturday,1
TXN12888,2025-09-06,CUST-454,Male,64,Home & Kitchen,Air Purifier,2,158.99,317.98,Cash,North,2025,9,2025-09,Saturday,1
TXN12889,2025-09-07,CUST-215,Female,67,Home & Kitchen,Robot Vacuum,3,234.99,704.97,Net Banking,East,2025,9,2025-09,Sunday,1
TXN12890,2025-09-07,CUST-147,Female,22,Home & Kitchen,Smoothie Blender,2,56.39,112.78,Credit Card,East,2025,9,2025-09,Sunday,1
TXN12891,2025-09-07,CUST-325,Male,56,Beauty,Hair Dryer Pro,4,92.65,370.6,Credit Card,North,2025,9,2025-09,Sunday,1
TXN12892,2025-09-07,CUST-365,Male,28,Home & Kitchen,Smoothie Blender,1,57.59,57.59,UPI,West,2025,9,2025-09,Sunday,1
TXN12893,2025-09-07,CUST-198,Female,28,Clothing,Winter Coat,1,145.6,145.6,Net Banking,Central,2025,9,2025-09,Sunday,1
TXN12894,2025-09-08,CUST-558,Female,64,Electronics,Bluetooth Speaker,1,53.99,53.99,Cash,South,2025,9,2025-09,Monday,0
TXN12895,2025-09-08,CUST-110,Female,59,Beauty,Perfume Spray 100ml,2,77.25,154.5,UPI,South,2025,9,2025-09,Monday,0
TXN12896,2025-09-08,CUST-184,Female,64,Clothing,Formal Trousers,1,56.65,56.65,UPI,North,2025,9,2025-09,Monday,0
TXN12897,2025-09-08,CUST-504,Female,48,Clothing,Winter Coat,1,134.4,134.4,Net Banking,Central,2025,9,2025-09,Monday,0
TXN12898,2025-09-09,CUST-313,Female,48,Beauty,Hair Dryer Pro,1,82.45,82.45,UPI,South,2025,9,2025-09,Tuesday,0
TXN12899,2025-09-09,CUST-272,Male,30,Clothing,Running Shoes,1,108.9,108.9,UPI,North,2025,9,2025-09,Tuesday,0
TXN12900,2025-09-09,CUST-490,Female,31,Beauty,Sunscreen SPF 50,1,18.87,18.87,Cash,South,2025,9,2025-09,Tuesday,0
TXN12901,2025-09-09,CUST-308,Female,66,Electronics,Bluetooth Speaker,1,48.49,48.49,Debit Card,North,2025,9,2025-09,Tuesday,0
TXN12902,2025-09-10,CUST-547,Female,62,Books,Personal Finance Blueprint,3,22.44,67.32,Net Banking,South,2025,9,2025-09,Wednesday,0
TXN12903,2025-09-10,CUST-481,Male,59,Books,Data Analytics Handbook,1,35.35,35.35,UPI,North,2025,9,2025-09,Wednesday,0
TXN12904,2025-09-10,CUST-163,Male,42,Books,Cookbook 101 Recipes,1,25.03,25.03,UPI,North,2025,9,2025-09,Wednesday,0
TXN12905,2025-09-10,CUST-357,Female,50,Clothing,Cotton T-Shirt,2,24.3,48.6,Credit Card,North,2025,9,2025-09,Wednesday,0
TXN12906,2025-09-11,CUST-431,Female,50,Beauty,Hydrating Skincare Set,3,41.85,125.55,Credit Card,Central,2025,9,2025-09,Thursday,0
TXN12907,2025-09-11,CUST-220,Other,32,Books,Sci-Fi Bestseller Novel,2,16.15,32.3,UPI,Central,2025,9,2025-09,Thursday,0
TXN12908,2025-09-11,CUST-397,Female,33,Books,Personal Finance Blueprint,1,23.54,23.54,Net Banking,South,2025,9,2025-09,Thursday,0
TXN12909,2025-09-11,CUST-565,Female,61,Home & Kitchen,Stainless Steel Cookware Set,3,128.69,386.07,Net Banking,East,2025,9,2025-09,Thursday,0
TXN12910,2025-09-11,CUST-153,Female,55,Clothing,Running Shoes,1,99.0,99.0,UPI,East,2025,9,2025-09,Thursday,0
TXN12911,2025-09-11,CUST-430,Female,23,Beauty,Hair Dryer Pro,1,87.55,87.55,UPI,South,2025,9,2025-09,Thursday,0
TXN12912,2025-09-12,CUST-371,Female,61,Home & Kitchen,Drip Coffee Maker,2,79.19,158.38,UPI,South,2025,9,2025-09,Friday,0
TXN12913,2025-09-12,CUST-340,Male,42,Clothing,Winter Coat,2,145.6,291.2,Credit Card,East,2025,9,2025-09,Friday,0
TXN12914,2025-09-12,CUST-342,Male,32,Beauty,Hydrating Skincare Set,2,48.15,96.3,UPI,South,2025,9,2025-09,Friday,0
TXN12915,2025-09-13,CUST-117,Female,21,Home & Kitchen,Drip Coffee Maker,4,75.19,300.76,Credit Card,East,2025,9,2025-09,Saturday,1
TXN12916,2025-09-13,CUST-582,Male,21,Home & Kitchen,Air Purifier,2,140.99,281.98,Credit Card,East,2025,9,2025-09,Saturday,1
TXN12917,2025-09-13,CUST-286,Female,47,Clothing,Formal Trousers,3,51.7,155.1,Net Banking,East,2025,9,2025-09,Saturday,1
TXN12918,2025-09-13,CUST-445,Female,51,Beauty,Hydrating Skincare Set,2,49.5,99.0,UPI,West,2025,9,2025-09,Saturday,1
TXN12919,2025-09-14,CUST-243,Male,44,Books,Data Analytics Handbook,1,33.95,33.95,Credit Card,West,2025,9,2025-09,Sunday,1
TXN12920,2025-09-14,CUST-361,Male,48,Beauty,Hair Dryer Pro,1,77.35,77.35,Debit Card,Central,2025,9,2025-09,Sunday,1
TXN12921,2025-09-14,CUST-540,Female,49,Home & Kitchen,Air Purifier,1,148.49,148.49,Credit Card,West,2025,9,2025-09,Sunday,1
TXN12922,2025-09-14,CUST-463,Female,61,Home & Kitchen,Drip Coffee Maker,1,73.59,73.59,Cash,North,2025,9,2025-09,Sunday,1
TXN12923,2025-09-14,CUST-590,Male,56,Home & Kitchen,Drip Coffee Maker,2,72.79,145.58,Credit Card,West,2025,9,2025-09,Sunday,1
TXN12924,2025-09-14,CUST-530,Male,26,Home & Kitchen,Smoothie Blender,2,63.59,127.18,Net Banking,East,2025,9,2025-09,Sunday,1
TXN12925,2025-09-14,CUST-338,Male,58,Clothing,Cotton T-Shirt,1,21.15,21.15,UPI,East,2025,9,2025-09,Sunday,1
TXN12926,2025-09-14,CUST-403,Female,25,Clothing,Cotton T-Shirt,1,22.05,22.05,Credit Card,South,2025,9,2025-09,Sunday,1
TXN12927,2025-09-15,CUST-397,Female,31,Clothing,Formal Trousers,1,56.65,56.65,Credit Card,North,2025,9,2025-09,Monday,0
TXN12928,2025-09-15,CUST-175,Female,50,Electronics,Wireless Headphones,3,89.99,269.97,Cash,Central,2025,9,2025-09,Monday,0
TXN12929,2025-09-15,CUST-287,Female,40,Electronics,USB-C Hub,1,32.39,32.39,UPI,Central,2025,9,2025-09,Monday,0
TXN12930,2025-09-15,CUST-432,Male,38,Electronics,Smart Watch,2,183.99,367.98,UPI,South,2025,9,2025-09,Monday,0
TXN12931,2025-09-15,CUST-487,Female,29,Books,Data Analytics Handbook,2,35.7,71.4,Credit Card,North,2025,9,2025-09,Monday,0
TXN12932,2025-09-16,CUST-586,Female,19,Clothing,Running Shoes,1,104.5,104.5,UPI,West,2025,9,2025-09,Tuesday,0
TXN12933,2025-09-16,CUST-345,Male,30,Electronics,Smart Watch,1,185.99,185.99,Credit Card,South,2025,9,2025-09,Tuesday,0
TXN12934,2025-09-16,CUST-229,Female,21,Electronics,Tablet 10-inch,1,296.99,296.99,Cash,South,2025,9,2025-09,Tuesday,0
TXN12935,2025-09-16,CUST-573,Female,37,Beauty,Sunscreen SPF 50,3,17.95,53.85,Net Banking,East,2025,9,2025-09,Tuesday,0
TXN12936,2025-09-16,CUST-414,Male,67,Electronics,Tablet 10-inch,2,284.99,569.98,UPI,West,2025,9,2025-09,Tuesday,0
TXN12937,2025-09-16,CUST-510,Male,65,Clothing,Cotton T-Shirt,2,20.93,41.86,UPI,North,2025,9,2025-09,Tuesday,0
TXN12938,2025-09-17,CUST-382,Male,31,Electronics,USB-C Hub,2,27.89,55.78,Credit Card,West,2025,9,2025-09,Wednesday,0
TXN12939,2025-09-17,CUST-178,Female,47,Home & Kitchen,Stainless Steel Cookware Set,1,132.59,132.59,Credit Card,West,2025,9,2025-09,Wednesday,0
TXN12940,2025-09-17,CUST-171,Male,46,Books,Sci-Fi Bestseller Novel,1,14.71,14.71,Credit Card,East,2025,9,2025-09,Wednesday,0
TXN12941,2025-09-17,CUST-362,Male,25,Books,Mindfulness & Productivity,3,18.9,56.7,Debit Card,South,2025,9,2025-09,Wednesday,0
TXN12942,2025-09-18,CUST-290,Female,29,Clothing,Denim Jacket,3,68.25,204.75,Credit Card,North,2025,9,2025-09,Thursday,0
TXN12943,2025-09-18,CUST-466,Female,58,Beauty,Sunscreen SPF 50,2,17.21,34.42,UPI,North,2025,9,2025-09,Thursday,0
TXN12944,2025-09-19,CUST-474,Male,55,Beauty,Perfume Spray 100ml,2,79.5,159.0,Debit Card,North,2025,9,2025-09,Friday,0
TXN12945,2025-09-19,CUST-529,Female,43,Clothing,Cotton T-Shirt,1,22.73,22.73,UPI,North,2025,9,2025-09,Friday,0
TXN12946,2025-09-19,CUST-162,Male,67,Clothing,Winter Coat,1,130.2,130.2,UPI,South,2025,9,2025-09,Friday,0
TXN12947,2025-09-19,CUST-587,Female,19,Electronics,Smart Watch,2,209.99,419.98,Debit Card,North,2025,9,2025-09,Friday,0
TXN12948,2025-09-19,CUST-479,Female,57,Home & Kitchen,Stainless Steel Cookware Set,3,135.19,405.57,Credit Card,South,2025,9,2025-09,Friday,0
TXN12949,2025-09-19,CUST-111,Female,31,Electronics,Tablet 10-inch,1,317.99,317.99,Credit Card,South,2025,9,2025-09,Friday,0
TXN12950,2025-09-20,CUST-240,Male,23,Clothing,Cotton T-Shirt,1,21.38,21.38,UPI,South,2025,9,2025-09,Saturday,1
TXN12951,2025-09-20,CUST-353,Female,59,Clothing,Cotton T-Shirt,1,22.95,22.95,UPI,West,2025,9,2025-09,Saturday,1
TXN12952,2025-09-20,CUST-142,Male,57,Beauty,Matte Lipstick Set,1,29.4,29.4,UPI,South,2025,9,2025-09,Saturday,1
TXN12953,2025-09-20,CUST-116,Male,48,Home & Kitchen,Robot Vacuum,1,224.99,224.99,Credit Card,North,2025,9,2025-09,Saturday,1
TXN12954,2025-09-20,CUST-162,Male,34,Beauty,Matte Lipstick Set,5,29.68,148.4,UPI,North,2025,9,2025-09,Saturday,1
TXN12955,2025-09-20,CUST-352,Male,42,Beauty,Matte Lipstick Set,3,28.0,84.0,Credit Card,West,2025,9,2025-09,Saturday,1
TXN12956,2025-09-20,CUST-564,Male,49,Beauty,Perfume Spray 100ml,3,75.0,225.0,Debit Card,South,2025,9,2025-09,Saturday,1
TXN12957,2025-09-21,CUST-475,Female,29,Electronics,Smart Watch,2,195.99,391.98,Credit Card,Central,2025,9,2025-09,Sunday,1
TXN12958,2025-09-21,CUST-391,Male,66,Clothing,Winter Coat,1,131.6,131.6,Net Banking,West,2025,9,2025-09,Sunday,1
TXN12959,2025-09-21,CUST-568,Male,30,Books,Data Analytics Handbook,5,33.95,169.75,Net Banking,South,2025,9,2025-09,Sunday,1
TXN12960,2025-09-21,CUST-107,Female,36,Books,Personal Finance Blueprint,1,21.56,21.56,Net Banking,East,2025,9,2025-09,Sunday,1
TXN12961,2025-09-21,CUST-424,Female,61,Home & Kitchen,Stainless Steel Cookware Set,3,139.09,417.27,Credit Card,East,2025,9,2025-09,Sunday,1
TXN12962,2025-09-22,CUST-189,Male,65,Electronics,Wireless Headphones,2,87.29,174.58,UPI,North,2025,9,2025-09,Monday,0
TXN12963,2025-09-22,CUST-307,Female,42,Electronics,Bluetooth Speaker,1,46.99,46.99,Credit Card,North,2025,9,2025-09,Monday,0
TXN12964,2025-09-22,CUST-391,Male,48,Clothing,Winter Coat,1,145.6,145.6,Debit Card,East,2025,9,2025-09,Monday,0
TXN12965,2025-09-22,CUST-383,Female,54,Home & Kitchen,Smoothie Blender,1,58.79,58.79,UPI,Central,2025,9,2025-09,Monday,0
TXN12966,2025-09-23,CUST-217,Female,42,Home & Kitchen,Smoothie Blender,1,58.79,58.79,Debit Card,South,2025,9,2025-09,Tuesday,0
TXN12967,2025-09-23,CUST-448,Male,33,Books,Cookbook 101 Recipes,1,26.4,26.4,Credit Card,South,2025,9,2025-09,Tuesday,0
TXN12968,2025-09-23,CUST-274,Female,55,Beauty,Sunscreen SPF 50,3,18.32,54.96,UPI,North,2025,9,2025-09,Tuesday,0
TXN12969,2025-09-23,CUST-175,Female,60,Electronics,Smart Watch,2,203.99,407.98,Credit Card,East,2025,9,2025-09,Tuesday,0
TXN12970,2025-09-24,CUST-200,Male,66,Electronics,Smart Watch,1,189.99,189.99,UPI,West,2025,9,2025-09,Wednesday,0
TXN12971,2025-09-24,CUST-513,Female,40,Electronics,Tablet 10-inch,1,302.99,302.99,UPI,South,2025,9,2025-09,Wednesday,0
TXN12972,2025-09-24,CUST-250,Male,31,Beauty,Hair Dryer Pro,2,91.8,183.6,Net Banking,West,2025,9,2025-09,Wednesday,0
TXN12973,2025-09-24,CUST-499,Male,23,Electronics,Smart Watch,1,203.99,203.99,Credit Card,South,2025,9,2025-09,Wednesday,0
TXN12974,2025-09-24,CUST-369,Male,42,Home & Kitchen,Robot Vacuum,1,242.49,242.49,Credit Card,West,2025,9,2025-09,Wednesday,0
TXN12975,2025-09-24,CUST-557,Female,40,Beauty,Hair Dryer Pro,2,85.85,171.7,UPI,South,2025,9,2025-09,Wednesday,0
TXN12976,2025-09-25,CUST-170,Female,60,Clothing,Cotton T-Shirt,1,20.7,20.7,Credit Card,West,2025,9,2025-09,Thursday,0
TXN12977,2025-09-25,CUST-592,Male,29,Electronics,Smart Watch,1,191.99,191.99,UPI,West,2025,9,2025-09,Thursday,0
TXN12978,2025-09-25,CUST-279,Male,30,Electronics,Bluetooth Speaker,1,46.49,46.49,Debit Card,West,2025,9,2025-09,Thursday,0
TXN12979,2025-09-25,CUST-223,Male,53,Home & Kitchen,Drip Coffee Maker,1,71.99,71.99,Debit Card,North,2025,9,2025-09,Thursday,0
TXN12980,2025-09-25,CUST-480,Male,56,Clothing,Denim Jacket,1,63.7,63.7,Net Banking,East,2025,9,2025-09,Thursday,0
TXN12981,2025-09-25,CUST-392,Female,51,Clothing,Winter Coat,1,142.8,142.8,UPI,East,2025,9,2025-09,Thursday,0
TXN12982,2025-09-26,CUST-384,Female,23,Home & Kitchen,Air Purifier,1,154.49,154.49,Credit Card,Central,2025,9,2025-09,Friday,0
TXN12983,2025-09-26,CUST-294,Female,55,Beauty,Matte Lipstick Set,3,28.0,84.0,Debit Card,South,2025,9,2025-09,Friday,0
TXN12984,2025-09-26,CUST-498,Female,67,Beauty,Hydrating Skincare Set,2,45.9,91.8,UPI,West,2025,9,2025-09,Friday,0
TXN12985,2025-09-27,CUST-327,Female,57,Home & Kitchen,Stainless Steel Cookware Set,2,135.19,270.38,UPI,South,2025,9,2025-09,Saturday,1
TXN12986,2025-09-27,CUST-530,Male,25,Home & Kitchen,Robot Vacuum,1,244.99,244.99,Debit Card,South,2025,9,2025-09,Saturday,1
TXN12987,2025-09-28,CUST-529,Female,25,Beauty,Sunscreen SPF 50,1,18.87,18.87,Debit Card,North,2025,9,2025-09,Sunday,1
TXN12988,2025-09-28,CUST-535,Female,57,Clothing,Winter Coat,1,127.4,127.4,Credit Card,North,2025,9,2025-09,Sunday,1
TXN12989,2025-09-28,CUST-374,Female,50,Clothing,Denim Jacket,3,61.75,185.25,UPI,North,2025,9,2025-09,Sunday,1
TXN12990,2025-09-28,CUST-560,Male,51,Home & Kitchen,Stainless Steel Cookware Set,1,123.49,123.49,Credit Card,North,2025,9,2025-09,Sunday,1
TXN12991,2025-09-28,CUST-205,Male,61,Beauty,Matte Lipstick Set,2,26.32,52.64,UPI,North,2025,9,2025-09,Sunday,1
TXN12992,2025-09-28,CUST-120,Male,32,Home & Kitchen,Robot Vacuum,1,269.99,269.99,Credit Card,West,2025,9,2025-09,Sunday,1
TXN12993,2025-09-28,CUST-163,Male,53,Books,Cookbook 101 Recipes,3,26.12,78.36,Credit Card,South,2025,9,2025-09,Sunday,1
TXN12994,2025-09-29,CUST-264,Female,52,Books,Mindfulness & Productivity,4,17.1,68.4,Credit Card,West,2025,9,2025-09,Monday,0
TXN12995,2025-09-29,CUST-126,Male,63,Clothing,Cotton T-Shirt,1,20.25,20.25,Debit Card,East,2025,9,2025-09,Monday,0
TXN12996,2025-09-29,CUST-410,Female,39,Electronics,Wireless Headphones,2,91.79,183.58,Debit Card,West,2025,9,2025-09,Monday,0
TXN12997,2025-09-29,CUST-599,Female,40,Clothing,Winter Coat,1,131.6,131.6,Credit Card,East,2025,9,2025-09,Monday,0
TXN12998,2025-09-29,CUST-384,Male,57,Home & Kitchen,Drip Coffee Maker,2,79.19,158.38,UPI,North,2025,9,2025-09,Monday,0
TXN12999,2025-09-29,CUST-247,Male,62,Clothing,Denim Jacket,1,64.35,64.35,UPI,East,2025,9,2025-09,Monday,0
TXN13000,2025-09-29,CUST-380,Female,39,Electronics,Wireless Headphones,1,90.89,90.89,UPI,East,2025,9,2025-09,Monday,0
